url,page,businesses_listed,business_slugs,business_names
https://thecapetownhub.com/category/accommodation/bakoven/,"Accommodation in Bakoven, Cape Town",1,ocean-view-house-bakoven,Ocean View House
https://thecapetownhub.com/category/accommodation/bantry-bay/,"Accommodation in Bantry Bay, Cape Town",1,bantry-bay-international-vacation-resort-bantry-bay,Bantry Bay International Vacation Resort
https://thecapetownhub.com/category/accommodation/bloubergstrand/,"Accommodation in Bloubergstrand, Cape Town",1,blouberg-manor-bloubergstrand,Blouberg Manor
https://thecapetownhub.com/category/accommodation/constantia/,"Accommodation in Constantia, Cape Town",1,alphen-boutique-hotel-and-spa-constantia,The Alphen Boutique Hotel & Spa
https://thecapetownhub.com/category/accommodation/dennendal/,"Accommodation in Dennendal, Cape Town",1,tokai-forest-guest-house-dennendal,Tokai Forest Guest House
https://thecapetownhub.com/category/accommodation/district-six/,"Accommodation in District Six, Cape Town",1,neighbourgood-84-harrington-district-six,Neighbourgood 84 Harrington
https://thecapetownhub.com/category/accommodation/eversdal/,"Accommodation in Eversdal, Cape Town",1,evertsdal-guest-house-eversdal,Evertsdal Guest House
https://thecapetownhub.com/category/accommodation/faure/,"Accommodation in Faure, Cape Town",1,vergenoegd-low-wine-estate-faure,Vergenoegd Löw Wine Estate
https://thecapetownhub.com/category/accommodation/firgrove/,"Accommodation in Firgrove, Cape Town",1,ridgemor-villa-guest-house-firgrove,Ridgemor Villa Guest House
https://thecapetownhub.com/category/accommodation/llandudno/,"Accommodation in Llandudno, Cape Town",1,26-sunset-villa-llandudno,26 Sunset Villa
https://thecapetownhub.com/category/accommodation/mandalay/,"Accommodation in Mandalay, Cape Town",1,khaya-b-and-b-mandalay-mandalay,Khaya B&B Mandalay
https://thecapetownhub.com/category/accommodation/mouille-point/,"Accommodation in Mouille Point, Cape Town",1,mouille-point-village-mouille-point,Mouille Point Village
https://thecapetownhub.com/category/accommodation/muizenberg/,"Accommodation in Muizenberg, Cape Town",1,bluebottle-guesthouse-muizenberg,Bluebottle Guesthouse
https://thecapetownhub.com/category/accommodation/rondebosch-east/,"Accommodation in Rondebosch East, Cape Town",1,savoy-lodge-rondebosch-east,Savoy Lodge
https://thecapetownhub.com/category/accommodation/simons-town/,"Accommodation in Simon's Town, Cape Town",1,simons-town-guest-house-simons-town,Simon's Town Guest House
https://thecapetownhub.com/category/accommodation/st-james/,"Accommodation in St James, Cape Town",1,st-james-guesthouses-st-james,St James Guesthouses
https://thecapetownhub.com/category/accommodation/tamboerskloof/,"Accommodation in Tamboerskloof, Cape Town",1,trevoyan-guesthouse-tamboerskloof,The Trevoyan Guesthouse
https://thecapetownhub.com/category/accommodation/thornton/,"Accommodation in Thornton, Cape Town",1,41-on-cedar-thornton,41 on Cedar
https://thecapetownhub.com/category/accommodation/tokai/,"Accommodation in Tokai, Cape Town",1,steenberg-wine-estate-hotel-tokai,Steenberg Wine Estate & Hotel
https://thecapetownhub.com/category/agricultural-farming-supplies/croydon/,"Agricultural & Farming Supplies in Croydon, Cape Town",1,agrimark-sitari-croydon,Agrimark Sitari
https://thecapetownhub.com/category/agricultural-farming-supplies/kraaifontein/,"Agricultural & Farming Supplies in Kraaifontein, Cape Town",1,craigmore-poultry-farm-kraaifontein,Craigmore Poultry Farm
https://thecapetownhub.com/category/agricultural-farming-supplies/philippi/,"Agricultural & Farming Supplies in Philippi, Cape Town",1,agrimark-philippi,Agrimark Philippi
https://thecapetownhub.com/category/attorneys-legal/brackenfell/,"Attorneys & Legal Services in Brackenfell, Cape Town",1,fps-attorneys-brackenfell,FPS Attorneys
https://thecapetownhub.com/category/attorneys-legal/kuils-river/,"Attorneys & Legal Services in Kuils River, Cape Town",1,mmh-law-kuils-river,MMH Law
https://thecapetownhub.com/category/attorneys-legal/noordhoek/,"Attorneys & Legal Services in Noordhoek, Cape Town",1,attorneys-west-rossouw-noordhoek,Attorneys West & Rossouw
https://thecapetownhub.com/category/attorneys-legal/parow/,"Attorneys & Legal Services in Parow, Cape Town",1,fourie-basson-and-veldtman-parow,Fourie Basson & Veldtman
https://thecapetownhub.com/category/attorneys-legal/rondebosch/,"Attorneys & Legal Services in Rondebosch, Cape Town",1,luitingh-and-associates-rondebosch-rondebosch,Luitingh & Associates (Rondebosch)
https://thecapetownhub.com/category/attorneys-legal/stellenberg/,"Attorneys & Legal Services in Stellenberg, Cape Town",1,bornman-and-hayward-attorneys-stellenberg,Bornman & Hayward Attorneys
https://thecapetownhub.com/category/attorneys-legal/table-view/,"Attorneys & Legal Services in Table View, Cape Town",1,de-abreu-cohen-attorneys-table-view,De Abreu & Cohen Attorneys
https://thecapetownhub.com/category/attorneys-legal/wynberg/,"Attorneys & Legal Services in Wynberg, Cape Town",1,riley-incorporated-wynberg,Riley Incorporated
https://thecapetownhub.com/category/automotive-repairs/diep-river/,"Automotive & Repairs in Diep River, Cape Town",1,diep-river-roadworthy-centre-cc-diep-river,Diep River Roadworthy Centre CC
https://thecapetownhub.com/category/automotive-repairs/killarney-gardens/,"Automotive & Repairs in Killarney Gardens, Cape Town",1,all-road-tyres-killarney-gardens,All Road Tyres
https://thecapetownhub.com/category/automotive-repairs/kuils-river/,"Automotive & Repairs in Kuils River, Cape Town",1,point-s-kuilsriver-kuils-river,Point-S Kuilsriver
https://thecapetownhub.com/category/automotive-repairs/maitland/,"Automotive & Repairs in Maitland, Cape Town",1,palm-tyre-service-maitland,Palm Tyre Service
https://thecapetownhub.com/category/automotive-repairs/matroosfontein/,"Automotive & Repairs in Matroosfontein, Cape Town",1,tirepoint-matroosfontein,Tirepoint
https://thecapetownhub.com/category/automotive-repairs/montague-gardens/,"Automotive & Repairs in Montague Gardens, Cape Town",1,west-coast-tyres-montague-gardens,West Coast Tyres
https://thecapetownhub.com/category/automotive-repairs/ndabeni/,"Automotive & Repairs in Ndabeni, Cape Town",1,car-smart-service-centre-ndabeni,Car Smart Service Centre
https://thecapetownhub.com/category/automotive-repairs/southfield/,"Automotive & Repairs in Southfield, Cape Town",1,svg-autoworks-southfield,SVG Autoworks
https://thecapetownhub.com/category/automotive-repairs/sunnydale/,"Automotive & Repairs in Sunnydale, Cape Town",1,tiger-wheel-tyre-sunnydale,Tiger Wheel & Tyre
https://thecapetownhub.com/category/automotive-repairs/wetton/,"Automotive & Repairs in Wetton, Cape Town",1,byers-glass-wetton,Byers Glass
https://thecapetownhub.com/category/bakeries/bellville/,"Bakeries in Bellville, Cape Town",1,the-holland-bakery-bellville,The Holland Bakery
https://thecapetownhub.com/category/bakeries/bo-kaap/,"Bakeries in Bo-Kaap, Cape Town",1,lions-bread-bo-kaap,Lion's Bread
https://thecapetownhub.com/category/bakeries/constantia/,"Bakeries in Constantia, Cape Town",1,knead-constantia-emporium-constantia,Knead
https://thecapetownhub.com/category/bakeries/crawford/,"Bakeries in Crawford, Cape Town",1,classic-bakery-crawford,Classic Bakery
https://thecapetownhub.com/category/bakeries/de-waterkant/,"Bakeries in De Waterkant, Cape Town",1,nibbly-bits-de-waterkant,Nibbly Bits
https://thecapetownhub.com/category/bakeries/diep-river/,"Bakeries in Diep River, Cape Town",1,martins-bakery-diep-river,Martins Bakery
https://thecapetownhub.com/category/bakeries/fish-hoek/,"Bakeries in Fish Hoek, Cape Town",1,mantellis-direct-fish-hoek,Mantelli's Direct
https://thecapetownhub.com/category/bakeries/grassy-park/,"Bakeries in Grassy Park, Cape Town",1,busy-corner-bakery-grassy-park,Busy Corner Bakery
https://thecapetownhub.com/category/bakeries/green-point/,"Bakeries in Green Point, Cape Town",1,jason-bakery-green-point,Jason Bakery
https://thecapetownhub.com/category/bakeries/kenridge/,"Bakeries in Kenridge, Cape Town",1,snuffel-and-snuif-kenridge,Snuffel & Snuif
https://thecapetownhub.com/category/bakeries/kommetjie/,"Bakeries in Kommetjie, Cape Town",1,compass-bakery-kommetjie,Compass Bakery
https://thecapetownhub.com/category/bakeries/masiphumelele/,"Bakeries in Masiphumelele, Cape Town",1,nonnys-bakery-cafe-masiphumelele,Nonny's Bakery & Cafe
https://thecapetownhub.com/category/bakeries/mouille-point/,"Bakeries in Mouille Point, Cape Town",1,newport-market-and-deli-mouille-point,Newport Market & Deli
https://thecapetownhub.com/category/bakeries/muizenberg/,"Bakeries in Muizenberg, Cape Town",1,knead-bakery-muizenberg,Knead Bakery
https://thecapetownhub.com/category/bakeries/observatory/,"Bakeries in Observatory, Cape Town",1,mango-ginger-observatory,Mango Ginger
https://thecapetownhub.com/category/bakeries/oranjezicht/,"Bakeries in Oranjezicht, Cape Town",1,ou-meul-bakery-oranjezicht,Ou Meul Bakery
https://thecapetownhub.com/category/bakeries/panorama/,"Bakeries in Panorama, Cape Town",1,knead-bakery-panorama,Knead Bakery
https://thecapetownhub.com/category/bakeries/parow/,"Bakeries in Parow, Cape Town",1,francor-bakery-parow,Francor Bakery
https://thecapetownhub.com/category/bakeries/plumstead/,"Bakeries in Plumstead, Cape Town",1,the-pantry-plumstead-plumstead,The Pantry Plumstead
https://thecapetownhub.com/category/bakeries/portland/,"Bakeries in Portland, Cape Town",1,quicktrip-bakery-portland,Quicktrip Bakery
https://thecapetownhub.com/category/bakeries/rondebosch/,"Bakeries in Rondebosch, Cape Town",1,the-pantry-rondebosch,The Pantry
https://thecapetownhub.com/category/bakeries/salt-river/,"Bakeries in Salt River, Cape Town",1,loaves-by-madame-baker-salt-river,Loaves by Madame Baker
https://thecapetownhub.com/category/bakeries/sea-point/,"Bakeries in Sea Point, Cape Town",1,schoon-the-point-sea-point,Schoon
https://thecapetownhub.com/category/bakeries/tamboerskloof/,"Bakeries in Tamboerskloof, Cape Town",1,dinkel-bakery-tamboerskloof,Dinkel Bakery
https://thecapetownhub.com/category/bakeries/westlake/,"Bakeries in Westlake, Cape Town",1,mantellis-direct-westlake,Mantelli's Direct
https://thecapetownhub.com/category/bakeries/woodstock/,"Bakeries in Woodstock, Cape Town",1,delis-pies-woodstock,Deli's Pies
https://thecapetownhub.com/category/beauty-hair-salons/beacon-valley/,"Beauty & Hair Salons in Beacon Valley, Cape Town",1,look-its-me-hair-design-beacon-valley,Look Its Me Hair Design
https://thecapetownhub.com/category/beauty-hair-salons/belhar/,"Beauty & Hair Salons in Belhar, Cape Town",1,salon-jean-paul-belhar,Salon Jean Paul
https://thecapetownhub.com/category/beauty-hair-salons/bergvliet/,"Beauty & Hair Salons in Bergvliet, Cape Town",1,lords-unisex-hairstylists-bergvliet,Lord's Unisex Hairstylists
https://thecapetownhub.com/category/beauty-hair-salons/boston/,"Beauty & Hair Salons in Boston, Cape Town",1,willem-hair-design-boston,Willem Hair Design
https://thecapetownhub.com/category/beauty-hair-salons/bothasig/,"Beauty & Hair Salons in Bothasig, Cape Town",1,the-barbers-range-bothasig,The Barber's Range Bothasig
https://thecapetownhub.com/category/beauty-hair-salons/brackenfell/,"Beauty & Hair Salons in Brackenfell, Cape Town",1,smart-laser-skin-and-body-aesthetics-brackenfell,Smart Laser Skin & Body Aesthetics
https://thecapetownhub.com/category/beauty-hair-salons/camps-bay/,"Beauty & Hair Salons in Camps Bay, Cape Town",1,camps-bay-haute-coiffure-camps-bay,Camps Bay Haute Coiffure
https://thecapetownhub.com/category/beauty-hair-salons/cape-town-cbd/,"Beauty & Hair Salons in Cape Town CBD, Cape Town",1,queens-hair-beauty-golden-acre-cape-town-cbd,Queen's Hair Beauty
https://thecapetownhub.com/category/beauty-hair-salons/crawford/,"Beauty & Hair Salons in Crawford, Cape Town",1,whitneys-hair-and-beauty-boutique-crawford,Whitney's Hair & Beauty Boutique
https://thecapetownhub.com/category/beauty-hair-salons/diep-river/,"Beauty & Hair Salons in Diep River, Cape Town",1,the-mens-room-diep-river,The Men's Room
https://thecapetownhub.com/category/beauty-hair-salons/district-six/,"Beauty & Hair Salons in District Six, Cape Town",1,medellin-harrington-district-six,Medellin Harrington
https://thecapetownhub.com/category/beauty-hair-salons/edgemead/,"Beauty & Hair Salons in Edgemead, Cape Town",1,impressions-hair-design-edgemead,Impressions Hair Design
https://thecapetownhub.com/category/beauty-hair-salons/fish-hoek/,"Beauty & Hair Salons in Fish Hoek, Cape Town",1,the-cutting-room-fish-hoek,The Cutting Room
https://thecapetownhub.com/category/beauty-hair-salons/heathfield/,"Beauty & Hair Salons in Heathfield, Cape Town",1,stylistics-hair-studio-heathfield,Stylistics Hair Studio
https://thecapetownhub.com/category/beauty-hair-salons/kenridge/,"Beauty & Hair Salons in Kenridge, Cape Town",1,pure-skin-and-body-kenridge,Pure Skin & Body
https://thecapetownhub.com/category/beauty-hair-salons/lakeside/,"Beauty & Hair Salons in Lakeside, Cape Town",1,estilo-hair-lakeside,Estilo Hair
https://thecapetownhub.com/category/beauty-hair-salons/marina-da-gama/,"Beauty & Hair Salons in Marina da Gama, Cape Town",1,eastlake-barber-shop-marina-da-gama,Eastlake Barber Shop
https://thecapetownhub.com/category/beauty-hair-salons/meadowridge/,"Beauty & Hair Salons in Meadowridge, Cape Town",1,sorbet-salon-meadowridge-meadowridge,Sorbet Salon Meadowridge
https://thecapetownhub.com/category/beauty-hair-salons/milnerton/,"Beauty & Hair Salons in Milnerton, Cape Town",1,inn-hair-milnerton,Inn-Hair
https://thecapetownhub.com/category/beauty-hair-salons/montague-gardens/,"Beauty & Hair Salons in Montague Gardens, Cape Town",1,logica-beauty-supplies-montague-gardens,Logica Beauty Supplies
https://thecapetownhub.com/category/beauty-hair-salons/newlands/,"Beauty & Hair Salons in Newlands, Cape Town",1,ohmm-face-and-beauty-newlands,OHMM Face and Beauty
https://thecapetownhub.com/category/beauty-hair-salons/oranjezicht/,"Beauty & Hair Salons in Oranjezicht, Cape Town",1,mooi-hair-salon-oranjezicht,Mooi Hair Salon
https://thecapetownhub.com/category/beauty-hair-salons/parow/,"Beauty & Hair Salons in Parow, Cape Town",1,salon-jean-paul-parow,Salon Jean Paul
https://thecapetownhub.com/category/beauty-hair-salons/plattekloof/,"Beauty & Hair Salons in Plattekloof, Cape Town",1,hair-ambitions-plattekloof-village-plattekloof,Hair Ambitions
https://thecapetownhub.com/category/beauty-hair-salons/portland/,"Beauty & Hair Salons in Portland, Cape Town",1,hair-connection-portland,Hair Connection
https://thecapetownhub.com/category/beauty-hair-salons/rondebosch-east/,"Beauty & Hair Salons in Rondebosch East, Cape Town",1,hair-studio-rondebosch-east,Hair Studio Rondebosch
https://thecapetownhub.com/category/beauty-hair-salons/ruyterwacht/,"Beauty & Hair Salons in Ruyterwacht, Cape Town",1,lavish-nails-by-tia-ruyterwacht,Lavish Nails by Tia
https://thecapetownhub.com/category/beauty-hair-salons/somerset-west/,"Beauty & Hair Salons in Somerset West, Cape Town",1,sorbet-waterstone-village-somerset-west,Sorbet
https://thecapetownhub.com/category/beauty-hair-salons/southfield/,"Beauty & Hair Salons in Southfield, Cape Town",1,shaheems-barber-southfield,Shaheem's Barber
https://thecapetownhub.com/category/beauty-hair-salons/steenberg/,"Beauty & Hair Salons in Steenberg, Cape Town",1,blocks-boutique-steenberg,Blocks Boutique
https://thecapetownhub.com/category/beauty-hair-salons/sunnydale/,"Beauty & Hair Salons in Sunnydale, Cape Town",1,sorbet-salon-sun-valley-sunnydale,Sorbet Salon Sun Valley
https://thecapetownhub.com/category/beauty-hair-salons/table-view/,"Beauty & Hair Salons in Table View, Cape Town",1,hair-drosa-table-view,Hair D'Rosa
https://thecapetownhub.com/category/beauty-hair-salons/three-anchor-bay/,"Beauty & Hair Salons in Three Anchor Bay, Cape Town",1,amanee-beauty-salon-three-anchor-bay,Amanee Beauty Salon
https://thecapetownhub.com/category/beauty-hair-salons/welgemoed/,"Beauty & Hair Salons in Welgemoed, Cape Town",1,sakura-beauty-bar-welgemoed,Sakura Beauty Bar
https://thecapetownhub.com/category/beauty-hair-salons/westlake/,"Beauty & Hair Salons in Westlake, Cape Town",1,boa-beauty-bar-westlake,BOA Beauty Bar
https://thecapetownhub.com/category/beauty-hair-salons/zonnebloem/,"Beauty & Hair Salons in Zonnebloem, Cape Town",1,harris-barber-zonnebloem,Harri's Barber
https://thecapetownhub.com/category/books-stationery/brackenfell/,"Books & Stationery in Brackenfell, Cape Town",1,bidvest-waltons-brackenfell,Bidvest Waltons Brackenfell Corner
https://thecapetownhub.com/category/books-stationery/cape-town-cbd/,"Books & Stationery in Cape Town CBD, Cape Town",1,clarkes-bookshop-cape-town-cbd,Clarke's Bookshop
https://thecapetownhub.com/category/books-stationery/constantia/,"Books & Stationery in Constantia, Cape Town",1,exclusive-books-constantia-village-constantia,Exclusive Books
https://thecapetownhub.com/category/books-stationery/diep-river/,"Books & Stationery in Diep River, Cape Town",1,readers-warehouse-factory-store-diep-river,Readers Warehouse Factory Store
https://thecapetownhub.com/category/books-stationery/gordons-bay/,"Books & Stationery in Gordon's Bay, Cape Town",1,pna-gordons-bay,PNA
https://thecapetownhub.com/category/books-stationery/kirstenhof/,"Books & Stationery in Kirstenhof, Cape Town",1,kirstenhof-bookshop-kirstenhof,Kirstenhof Bookshop
https://thecapetownhub.com/category/books-stationery/lansdowne/,"Books & Stationery in Lansdowne, Cape Town",1,caxton-books-lansdowne,Caxton Books
https://thecapetownhub.com/category/books-stationery/meadowridge/,"Books & Stationery in Meadowridge, Cape Town",1,pna-meadowridge-meadowridge,PNA Meadowridge
https://thecapetownhub.com/category/books-stationery/newlands/,"Books & Stationery in Newlands, Cape Town",1,wordsworth-books-dean-street-newlands,Wordsworth Books Dean Street
https://thecapetownhub.com/category/books-stationery/parow/,"Books & Stationery in Parow, Cape Town",1,van-schaik-bookstore-parow,Van Schaik Bookstore
https://thecapetownhub.com/category/books-stationery/pinelands/,"Books & Stationery in Pinelands, Cape Town",1,bargain-books-howard-centre-pinelands,Bargain Books
https://thecapetownhub.com/category/books-stationery/plattekloof/,"Books & Stationery in Plattekloof, Cape Town",1,pna-plattekloof-village-plattekloof,PNA
https://thecapetownhub.com/category/books-stationery/plumstead/,"Books & Stationery in Plumstead, Cape Town",1,the-book-shoppe-plumstead,The Book Shoppe
https://thecapetownhub.com/category/books-stationery/rondebosch/,"Books & Stationery in Rondebosch, Cape Town",1,van-schaik-bookstore-rondebosch,Van Schaik Bookstore
https://thecapetownhub.com/category/books-stationery/somerset-west/,"Books & Stationery in Somerset West, Cape Town",1,bargain-books-somerset-west,Bargain Books
https://thecapetownhub.com/category/books-stationery/strand/,"Books & Stationery in Strand, Cape Town",1,pna-strand-square-strand,PNA
https://thecapetownhub.com/category/books-stationery/va-waterfront/,"Books & Stationery in V&A Waterfront, Cape Town",1,exclusive-books-va-waterfront,Exclusive Books
https://thecapetownhub.com/category/building-construction/brooklyn/,"Building & Construction in Brooklyn, Cape Town",1,italtile-cape-brooklyn,Italtile Cape
https://thecapetownhub.com/category/building-construction/eerste-river/,"Building & Construction in Eerste River, Cape Town",1,prima-hire-builders-plant-eerste-river,Prima Hire Builders Plant
https://thecapetownhub.com/category/building-construction/epping/,"Building & Construction in Epping, Cape Town",1,cape-blinds-shutters-epping,Cape Blinds & Shutters
https://thecapetownhub.com/category/building-construction/rosebank/,"Building & Construction in Rosebank, Cape Town",1,appa-anderson-perry-partnership-architects-rosebank,APPA - Anderson Perry Partnership Architects
https://thecapetownhub.com/category/building-construction/ysterplaat/,"Building & Construction in Ysterplaat, Cape Town",1,the-building-centre-ysterplaat,The Building Centre
https://thecapetownhub.com/category/business-consulting/dennendal/,"Business & Management Consulting in Dennendal, Cape Town",1,c4-ecosolutions-dennendal,C4 EcoSolutions
https://thecapetownhub.com/category/butcheries/athlone/,"Butcheries in Athlone, Cape Town",1,wembley-meat-market-athlone,Wembley Meat Market
https://thecapetownhub.com/category/butcheries/beacon-valley/,"Butcheries in Beacon Valley, Cape Town",1,dc-meat-beacon-valley,DC Meat
https://thecapetownhub.com/category/butcheries/bonteheuwel/,"Butcheries in Bonteheuwel, Cape Town",1,settlers-muslim-butchery-bonteheuwel,Settlers Muslim Butchery
https://thecapetownhub.com/category/butcheries/cape-town-cbd/,"Butcheries in Cape Town CBD, Cape Town",1,atlantic-meat-cape-town-cbd,Atlantic Meat
https://thecapetownhub.com/category/butcheries/delft/,"Butcheries in Delft, Cape Town",1,dawood-butchery-delft,Dawood Butchery
https://thecapetownhub.com/category/butcheries/durbanville/,"Butcheries in Durbanville, Cape Town",1,anysberg-biltong-and-deli-durbanville,Anysberg Biltong & Deli
https://thecapetownhub.com/category/butcheries/fish-hoek/,"Butcheries in Fish Hoek, Cape Town",1,watsons-meat-market-fish-hoek,Watson's Meat Market
https://thecapetownhub.com/category/butcheries/gardens/,"Butcheries in Gardens, Cape Town",1,hartlief-gourmet-gardens-shopping-centre-gardens,Hartlief Gourmet
https://thecapetownhub.com/category/butcheries/grassy-park/,"Butcheries in Grassy Park, Cape Town",1,busy-corner-butchery-grassy-park,Busy Corner Butchery
https://thecapetownhub.com/category/butcheries/hanover-park/,"Butcheries in Hanover Park, Cape Town",1,dawood-butchery-hanover-park,Dawood Butchery
https://thecapetownhub.com/category/butcheries/kenridge/,"Butcheries in Kenridge, Cape Town",1,die-weiveld-slaghuis-kenridge,Die Weiveld Slaghuis
https://thecapetownhub.com/category/butcheries/lansdowne/,"Butcheries in Lansdowne, Cape Town",1,mohammeds-meat-hyper-lansdowne,Mohammed's Meat Hyper
https://thecapetownhub.com/category/butcheries/maitland/,"Butcheries in Maitland, Cape Town",1,atlantic-meat-maitland,Atlantic Meat
https://thecapetownhub.com/category/butcheries/meadowridge/,"Butcheries in Meadowridge, Cape Town",1,the-fat-german-meadowridge,The Fat German
https://thecapetownhub.com/category/butcheries/montague-gardens/,"Butcheries in Montague Gardens, Cape Town",1,britos-meat-centre-montague-gardens,Brito's Meat Centre
https://thecapetownhub.com/category/butcheries/parow/,"Butcheries in Parow, Cape Town",1,tjopshop-parow-centre-parow,Tjopshop
https://thecapetownhub.com/category/butcheries/philippi-horticultural/,"Butcheries in Philippi Horticultural Area, Cape Town",1,sunrise-farm-philippi-horticultural,Sunrise Farm
https://thecapetownhub.com/category/butcheries/portland/,"Butcheries in Portland, Cape Town",1,portlands-meat-hyper-portland,Portlands Meat Hyper & Deli
https://thecapetownhub.com/category/butcheries/richwood/,"Butcheries in Richwood, Cape Town",1,famous-kalahari-biltong-richwood,Famous Kalahari Biltong
https://thecapetownhub.com/category/butcheries/sea-point/,"Butcheries in Sea Point, Cape Town",1,son-of-a-butcher-and-deli-sea-point,Son of a Butcher & Deli
https://thecapetownhub.com/category/butcheries/summer-greens/,"Butcheries in Summer Greens, Cape Town",1,summer-greens-meat-market-summer-greens,Summer Greens Meat Market
https://thecapetownhub.com/category/butcheries/tafelsig/,"Butcheries in Tafelsig, Cape Town",1,tafelsig-moslem-butchery-tafelsig,Tafelsig Moslem Butchery
https://thecapetownhub.com/category/butcheries/walmer-estate/,"Butcheries in Walmer Estate, Cape Town",1,walmer-butchery-walmer-estate,Walmer Butchery
https://thecapetownhub.com/category/car-dealerships/athlone/,"Car Dealerships in Athlone, Cape Town",1,anglo-auto-athlone,Anglo Auto
https://thecapetownhub.com/category/car-dealerships/kirstenhof/,"Car Dealerships in Kirstenhof, Cape Town",1,kirstenhof-car-sales-kirstenhof,Kirstenhof Car Sales
https://thecapetownhub.com/category/car-dealerships/paarden-eiland/,"Car Dealerships in Paarden Eiland, Cape Town",1,steven-johnson-cars-paarden-eiland,Steven Johnson Cars
https://thecapetownhub.com/category/car-dealerships/somerset-west/,"Car Dealerships in Somerset West, Cape Town",1,kelfords-ford-and-mazda-somerset-west,Kelfords Ford & Mazda
https://thecapetownhub.com/category/catering/bo-kaap/,"Catering in Bo-Kaap, Cape Town",1,faeezas-home-kitchen-bo-kaap,Faeeza's Home Kitchen
https://thecapetownhub.com/category/catering/killarney-gardens/,"Catering in Killarney Gardens, Cape Town",1,las-paletas-killarney-gardens,Las Paletas
https://thecapetownhub.com/category/cleaning-services/diep-river/,"Cleaning Services in Diep River, Cape Town",1,snow-white-laundry-service-diep-river,Snow White Laundry Service
https://thecapetownhub.com/category/cleaning-services/richwood/,"Cleaning Services in Richwood, Cape Town",1,weclean-richwood,weClean
https://thecapetownhub.com/category/cleaning-services/welgemoed/,"Cleaning Services in Welgemoed, Cape Town",1,dry-cleaning-4u-welgemoed-plaza-welgemoed,Dry Cleaning 4U
https://thecapetownhub.com/category/clinics-healthcare/belhar/,"Clinics & Healthcare in Belhar, Cape Town",1,st-vincent-clinic-belhar,St Vincent Clinic
https://thecapetownhub.com/category/clinics-healthcare/blue-downs/,"Clinics & Healthcare in Blue Downs, Cape Town",1,blue-downs-clinic-blue-downs,Blue Downs Clinic
https://thecapetownhub.com/category/clinics-healthcare/capri-village/,"Clinics & Healthcare in Capri Village, Cape Town",1,living-hope-capri-village,Living Hope
https://thecapetownhub.com/category/clinics-healthcare/crawford/,"Clinics & Healthcare in Crawford, Cape Town",1,hood-road-medical-centre-crawford,Hood Road Medical Centre
https://thecapetownhub.com/category/clinics-healthcare/croydon/,"Clinics & Healthcare in Croydon, Cape Town",1,sitari-medical-centre-croydon,Sitari Medical Centre
https://thecapetownhub.com/category/clinics-healthcare/de-waterkant/,"Clinics & Healthcare in De Waterkant, Cape Town",1,skin-renewal-cape-quarter-de-waterkant,Skin Renewal
https://thecapetownhub.com/category/clinics-healthcare/delft/,"Clinics & Healthcare in Delft, Cape Town",1,delft-community-health-centre-delft,Delft Community Health Centre
https://thecapetownhub.com/category/clinics-healthcare/dunoon/,"Clinics & Healthcare in Dunoon, Cape Town",1,du-noon-community-health-centre-dunoon,Du Noon Community Health Centre
https://thecapetownhub.com/category/clinics-healthcare/green-point/,"Clinics & Healthcare in Green Point, Cape Town",1,just-skin-aesthetic-clinic-green-point,Just Skin Aesthetic Clinic
https://thecapetownhub.com/category/clinics-healthcare/hangberg/,"Clinics & Healthcare in Hangberg, Cape Town",1,hangberg-dreams-hangberg,Hangberg Dreams
https://thecapetownhub.com/category/clinics-healthcare/harfield-village/,"Clinics & Healthcare in Harfield Village, Cape Town",1,ozone-clinic-harfield-village,Ozone Clinic Cape Town
https://thecapetownhub.com/category/clinics-healthcare/heideveld/,"Clinics & Healthcare in Heideveld, Cape Town",1,heideveld-community-day-centre-heideveld,Heideveld Community Day Centre
https://thecapetownhub.com/category/clinics-healthcare/imizamo-yethu/,"Clinics & Healthcare in Imizamo Yethu, Cape Town",1,hout-bay-main-road-clinic-imizamo-yethu,Hout Bay Main Road Clinic
https://thecapetownhub.com/category/clinics-healthcare/khayelitsha/,"Clinics & Healthcare in Khayelitsha, Cape Town",1,site-b-youth-clinic-khayelitsha,Site B Youth Clinic
https://thecapetownhub.com/category/clinics-healthcare/lakeside/,"Clinics & Healthcare in Lakeside, Cape Town",1,feet4life-lakeside-lakeside,Feet4Life Lakeside
https://thecapetownhub.com/category/clinics-healthcare/lavender-hill/,"Clinics & Healthcare in Lavender Hill, Cape Town",1,lavender-hill-clinic-lavender-hill,Lavender Hill Clinic
https://thecapetownhub.com/category/clinics-healthcare/lotus-river/,"Clinics & Healthcare in Lotus River, Cape Town",1,lotus-river-community-health-centre-lotus-river,Lotus River Community Health Centre
https://thecapetownhub.com/category/clinics-healthcare/masiphumelele/,"Clinics & Healthcare in Masiphumelele, Cape Town",1,masiphumelele-clinic-masiphumelele,Masiphumelele Clinic
https://thecapetownhub.com/category/clinics-healthcare/milnerton/,"Clinics & Healthcare in Milnerton, Cape Town",1,healthfort-clinics-milnerton,Healthfort Clinics
https://thecapetownhub.com/category/clinics-healthcare/mouille-point/,"Clinics & Healthcare in Mouille Point, Cape Town",1,the-health-team-mouille-point,The Health Team
https://thecapetownhub.com/category/clinics-healthcare/ocean-view/,"Clinics & Healthcare in Ocean View, Cape Town",1,ocean-view-clinic-ocean-view,Ocean View Clinic
https://thecapetownhub.com/category/clinics-healthcare/pinelands/,"Clinics & Healthcare in Pinelands, Cape Town",1,pinelands-dental-inc-howard-centre-pinelands,Pinelands Dental Inc
https://thecapetownhub.com/category/clinics-healthcare/plumstead/,"Clinics & Healthcare in Plumstead, Cape Town",1,mediclinic-constantiaberg-plumstead,Mediclinic Constantiaberg
https://thecapetownhub.com/category/clinics-healthcare/rocklands/,"Clinics & Healthcare in Rocklands, Cape Town",1,rocklands-clinic-rocklands,Rocklands Clinic
https://thecapetownhub.com/category/clinics-healthcare/rondebosch/,"Clinics & Healthcare in Rondebosch, Cape Town",1,rondebosch-medical-centre-rondebosch,Rondebosch Medical Centre
https://thecapetownhub.com/category/clinics-healthcare/somerset-west/,"Clinics & Healthcare in Somerset West, Cape Town",1,intercare-waterstone-somerset-west,Intercare Waterstone
https://thecapetownhub.com/category/clinics-healthcare/table-view/,"Clinics & Healthcare in Table View, Cape Town",1,medicross-table-view-table-view,Medicross Table View
https://thecapetownhub.com/category/clinics-healthcare/tafelsig/,"Clinics & Healthcare in Tafelsig, Cape Town",1,tafelsig-clinic-tafelsig,Tafelsig Clinic
https://thecapetownhub.com/category/clinics-healthcare/three-anchor-bay/,"Clinics & Healthcare in Three Anchor Bay, Cape Town",1,simunye-primary-health-care-centre-three-anchor-bay,Simunye Primary Health Care Centre
https://thecapetownhub.com/category/clinics-healthcare/westlake/,"Clinics & Healthcare in Westlake, Cape Town",1,westlake-clinic-westlake,Westlake Clinic
https://thecapetownhub.com/category/clinics-healthcare/woodstock/,"Clinics & Healthcare in Woodstock, Cape Town",1,the-counselling-hub-woodstock,The Counselling Hub
https://thecapetownhub.com/category/commercial-property-office-space/century-city/,"Commercial Property & Office Space in Century City, Cape Town",1,spaces-century-city,Spaces Century City
https://thecapetownhub.com/category/commercial-property-office-space/constantia/,"Commercial Property & Office Space in Constantia, Cape Town",1,venture-workspace-constantia-emporium-constantia,Venture Workspace
https://thecapetownhub.com/category/commercial-property-office-space/gardens/,"Commercial Property & Office Space in Gardens, Cape Town",1,workshop17-kloof-street-gardens,Workshop17 Kloof Street
https://thecapetownhub.com/category/commercial-property-office-space/thornton/,"Commercial Property & Office Space in Thornton, Cape Town",1,epping-property-thornton,Epping Property
https://thecapetownhub.com/category/commercial-property-office-space/zonnebloem/,"Commercial Property & Office Space in Zonnebloem, Cape Town",1,roamwork-zonnebloem,Roamwork
https://thecapetownhub.com/category/computer-it-services/bellville/,"Computer & IT Services in Bellville, Cape Town",1,chaos-computers-bellville,Chaos Computers
https://thecapetownhub.com/category/computer-it-services/gardens/,"Computer & IT Services in Gardens, Cape Town",1,the-real-repair-company-gardens-shopping-centre-gardens,The Real Repair Company
https://thecapetownhub.com/category/computer-it-services/ndabeni/,"Computer & IT Services in Ndabeni, Cape Town",1,cci-technology-solutions-ndabeni,CCI Technology Solutions
https://thecapetownhub.com/category/computer-it-services/plattekloof/,"Computer & IT Services in Plattekloof, Cape Town",1,lnr-computers-plattekloof-village-shopping-centre-plattekloof,LNR Computers
https://thecapetownhub.com/category/computer-it-services/sea-point/,"Computer & IT Services in Sea Point, Cape Town",1,rsaweb-sea-point,RSAWEB
https://thecapetownhub.com/category/computer-it-services/southfield/,"Computer & IT Services in Southfield, Cape Town",1,southfield-it-and-internet-cafe-southfield,Southfield IT and Internet Cafe
https://thecapetownhub.com/category/computer-it-services/sunnydale/,"Computer & IT Services in Sunnydale, Cape Town",1,black-oak-computers-sunnydale,Black Oak Computers
https://thecapetownhub.com/category/computer-it-services/ysterplaat/,"Computer & IT Services in Ysterplaat, Cape Town",1,matrix-warehouse-ysterplaat,Matrix Warehouse (Ysterplaat)
https://thecapetownhub.com/category/convenience-stores/bo-kaap/,"Convenience Stores in Bo-Kaap, Cape Town",1,rose-corner-cafe-bo-kaap,Rose Corner Cafe
https://thecapetownhub.com/category/convenience-stores/brooklyn/,"Convenience Stores in Brooklyn, Cape Town",1,ok-minimark-brooklyn-junction-brooklyn,OK MiniMark Brooklyn Junction
https://thecapetownhub.com/category/convenience-stores/delft/,"Convenience Stores in Delft, Cape Town",1,freshstop-delft,FreshStop Delft
https://thecapetownhub.com/category/convenience-stores/eversdal/,"Convenience Stores in Eversdal, Cape Town",1,ok-minimark-eversdal,OK Minimark Eversdal
https://thecapetownhub.com/category/convenience-stores/gardens/,"Convenience Stores in Gardens, Cape Town",1,kiosk-gardens,Kiosk
https://thecapetownhub.com/category/convenience-stores/southfield/,"Convenience Stores in Southfield, Cape Town",1,southfield-superette-southfield,Southfield Superette
https://thecapetownhub.com/category/convenience-stores/strandfontein/,"Convenience Stores in Strandfontein, Cape Town",1,ok-minimark-strandfontein,OK MiniMark
https://thecapetownhub.com/category/convenience-stores/summer-greens/,"Convenience Stores in Summer Greens, Cape Town",1,ok-minimark-summer-greens-summer-greens,OK Minimark Summer Greens
https://thecapetownhub.com/category/convenience-stores/walmer-estate/,"Convenience Stores in Walmer Estate, Cape Town",1,coronation-bazaar-walmer-estate,Coronation Bazaar
https://thecapetownhub.com/category/dentists/bonteheuwel/,"Dentists in Bonteheuwel, Cape Town",1,dr-v-h-davids-bonteheuwel,Dr V H Davids
https://thecapetownhub.com/category/dentists/cape-town-cbd/,"Dentists in Cape Town CBD, Cape Town",1,golden-acre-dental-practice-cape-town-cbd,Golden Acre Dental Practice
https://thecapetownhub.com/category/dentists/claremont/,"Dentists in Claremont, Cape Town",1,claremont-dental-claremont,Claremont Dental
https://thecapetownhub.com/category/dentists/crawford/,"Dentists in Crawford, Cape Town",1,unimedics-international-crawford,Unimedics International
https://thecapetownhub.com/category/dentists/edgemead/,"Dentists in Edgemead, Cape Town",1,payne-louw-incorporated-edgemead,Payne & Louw Incorporated
https://thecapetownhub.com/category/dentists/eversdal/,"Dentists in Eversdal, Cape Town",1,eversdal-dental-eversdal,Eversdal Dental
https://thecapetownhub.com/category/dentists/glencairn/,"Dentists in Glencairn, Cape Town",1,absolute-dental-glencairn,Absolute Dental
https://thecapetownhub.com/category/dentists/hanover-park/,"Dentists in Hanover Park, Cape Town",1,hanover-park-dental-clinic-hanover-park,Hanover Park Dental Clinic
https://thecapetownhub.com/category/dentists/hout-bay/,"Dentists in Hout Bay, Cape Town",1,hout-bay-dental-studio-hout-bay,Hout Bay Dental Studio
https://thecapetownhub.com/category/dentists/kenilworth/,"Dentists in Kenilworth, Cape Town",1,infinite-smiles-dental-practice-kenilworth,Infinite Smiles Dental Practice
https://thecapetownhub.com/category/dentists/kensington/,"Dentists in Kensington, Cape Town",1,dentist-on-4th-kensington,Dentist on 4th
https://thecapetownhub.com/category/dentists/kraaifontein/,"Dentists in Kraaifontein, Cape Town",1,dentalwize-brighton-square-kraaifontein,DentalWize Kraaifontein
https://thecapetownhub.com/category/dentists/matroosfontein/,"Dentists in Matroosfontein, Cape Town",1,dr-r-lalloo-matroosfontein,Dr R Lalloo
https://thecapetownhub.com/category/dentists/milnerton/,"Dentists in Milnerton, Cape Town",1,the-dental-people-milnerton,The Dental People
https://thecapetownhub.com/category/dentists/oranjezicht/,"Dentists in Oranjezicht, Cape Town",1,molteno-road-dental-practice-oranjezicht,Molteno Road Dental Practice
https://thecapetownhub.com/category/dentists/rondebosch-east/,"Dentists in Rondebosch East, Cape Town",1,kromboom-dental-centre-rondebosch-east,Kromboom Dental Centre
https://thecapetownhub.com/category/dentists/rondebosch/,"Dentists in Rondebosch, Cape Town",1,the-dentist-on-main-rondebosch,The Dentist on Main (Rondebosch)
https://thecapetownhub.com/category/dentists/sea-point/,"Dentists in Sea Point, Cape Town",1,optismile-dental-care-sea-point,OptiSmile Dental Care
https://thecapetownhub.com/category/dentists/sun-valley/,"Dentists in Sun Valley, Cape Town",1,dentalwize-sun-valley-sun-valley,Dentalwize Sun Valley
https://thecapetownhub.com/category/dentists/table-view/,"Dentists in Table View, Cape Town",1,dr-carl-ensil-table-view-dental-studio-table-view,Dr Carl Ensil Table View Dental Studio Inc
https://thecapetownhub.com/category/dentists/tamboerskloof/,"Dentists in Tamboerskloof, Cape Town",1,dr-uwe-esdar-tamboerskloof,Dr Uwe Esdar
https://thecapetownhub.com/category/doctors-gps/belhar/,"Doctors & GPs in Belhar, Cape Town",1,bassier-medical-belhar,Bassier Medical
https://thecapetownhub.com/category/doctors-gps/cape-town-cbd/,"Doctors & GPs in Cape Town CBD, Cape Town",1,park-health-golden-acre-cape-town-cbd,Park Health
https://thecapetownhub.com/category/doctors-gps/crawford/,"Doctors & GPs in Crawford, Cape Town",1,kromboom-medical-practice-crawford,Kromboom Medical Practice
https://thecapetownhub.com/category/doctors-gps/de-waterkant/,"Doctors & GPs in De Waterkant, Cape Town",1,dr-jb-fine-de-waterkant,Dr JB Fine
https://thecapetownhub.com/category/doctors-gps/delft/,"Doctors & GPs in Delft, Cape Town",1,cyster-medical-delft,Cyster Medical
https://thecapetownhub.com/category/doctors-gps/goodwood/,"Doctors & GPs in Goodwood, Cape Town",1,dr-thys-kachelhoffer-goodwood,Dr Thys Kachelhoffer
https://thecapetownhub.com/category/doctors-gps/hout-bay/,"Doctors & GPs in Hout Bay, Cape Town",1,hout-bay-family-medical-centre-hout-bay,Hout Bay Family Medical Centre
https://thecapetownhub.com/category/doctors-gps/muizenberg/,"Doctors & GPs in Muizenberg, Cape Town",1,muizenberg-medical-practice-muizenberg,Muizenberg Medical Practice
https://thecapetownhub.com/category/doctors-gps/sea-point/,"Doctors & GPs in Sea Point, Cape Town",1,virtus-medical-sea-point,Virtus Medical
https://thecapetownhub.com/category/doctors-gps/southfield/,"Doctors & GPs in Southfield, Cape Town",1,dr-i-bux-southfield,Dr I Bux
https://thecapetownhub.com/category/driving-schools/khayelitsha/,"Driving Schools in Khayelitsha, Cape Town",1,nceduluntu-driving-school-khayelitsha,Nceduluntu Driving School
https://thecapetownhub.com/category/electricians/lotus-river/,"Electricians in Lotus River, Cape Town",1,electrician-cpt-lotus-river,Electrician CPT
https://thecapetownhub.com/category/electricians/tafelsig/,"Electricians in Tafelsig, Cape Town",1,abacas-electrical-solution-tafelsig,Abacas Electrical Solution
https://thecapetownhub.com/category/electronics-appliances/claremont/,"Electronics & Appliances in Claremont, Cape Town",1,exact-claremont,Exact
https://thecapetownhub.com/category/electronics-appliances/fish-hoek/,"Electronics & Appliances in Fish Hoek, Cape Town",1,asserum-electronics-fish-hoek,Asserum Electronics
https://thecapetownhub.com/category/electronics-appliances/montague-gardens/,"Electronics & Appliances in Montague Gardens, Cape Town",1,cape-town-appliances-montague-gardens,Cape Town Appliances
https://thecapetownhub.com/category/electronics-appliances/somerset-west/,"Electronics & Appliances in Somerset West, Cape Town",1,istore-somerset-west-somerset-west,iStore Somerset West
https://thecapetownhub.com/category/engineering-surveying/thornton/,"Engineering & Surveying Services in Thornton, Cape Town",1,technoline-projects-thornton,Technoline Projects
https://thecapetownhub.com/category/estate-agents/edgemead/,"Estate Agents in Edgemead, Cape Town",1,harcourts-maynard-burgoyne-edgemead-edgemead,Harcourts Maynard Burgoyne Edgemead
https://thecapetownhub.com/category/estate-agents/fish-hoek/,"Estate Agents in Fish Hoek, Cape Town",1,de-kock-estates-fish-hoek,De Kock Estates
https://thecapetownhub.com/category/estate-agents/kenridge/,"Estate Agents in Kenridge, Cape Town",1,hillside-properties-kenridge,Hillside Properties
https://thecapetownhub.com/category/estate-agents/kommetjie/,"Estate Agents in Kommetjie, Cape Town",1,kommetjie-estate-agency-kommetjie,Kommetjie Estate Agency
https://thecapetownhub.com/category/estate-agents/noordhoek/,"Estate Agents in Noordhoek, Cape Town",1,greeff-christies-international-real-estate-noordhoek,Greeff Christie's International Real Estate
https://thecapetownhub.com/category/estate-agents/pinelands/,"Estate Agents in Pinelands, Cape Town",1,jawitz-properties-central-square-pinelands,Jawitz Properties Pinelands
https://thecapetownhub.com/category/estate-agents/somerset-west/,"Estate Agents in Somerset West, Cape Town",1,engel-volkers-somerset-west-somerset-west,Engel & Völkers Somerset West
https://thecapetownhub.com/category/estate-agents/sunnydale/,"Estate Agents in Sunnydale, Cape Town",1,westpoint-properties-sunnydale,Westpoint Properties
https://thecapetownhub.com/category/estate-agents/westlake/,"Estate Agents in Westlake, Cape Town",1,chas-everitt-cape-town-south-westlake,Chas Everitt Cape Town South
https://thecapetownhub.com/category/events-function-venues/bellville/,"Events & Function Venues in Bellville, Cape Town",1,barnyard-theatre-willowbridge-bellville,Barnyard Theatre Willowbridge
https://thecapetownhub.com/category/events-function-venues/clovelly/,"Events & Function Venues in Clovelly, Cape Town",1,clovelly-country-club-clovelly,Clovelly Country Club
https://thecapetownhub.com/category/events-function-venues/fresnaye/,"Events & Function Venues in Fresnaye, Cape Town",1,ginger-lime-food-studio-fresnaye,Ginger & Lime Food Studio
https://thecapetownhub.com/category/events-function-venues/gardens/,"Events & Function Venues in Gardens, Cape Town",1,the-labia-gardens,The Labia
https://thecapetownhub.com/category/events-function-venues/lansdowne/,"Events & Function Venues in Lansdowne, Cape Town",1,the-venue-company-lansdowne,The Venue Company
https://thecapetownhub.com/category/events-function-venues/lavender-hill/,"Events & Function Venues in Lavender Hill, Cape Town",1,lavender-hill-community-centre-lavender-hill,Lavender Hill Community Centre
https://thecapetownhub.com/category/events-function-venues/ocean-view/,"Events & Function Venues in Ocean View, Cape Town",1,ocean-view-civic-centre-ocean-view,Ocean View Civic Centre
https://thecapetownhub.com/category/events-function-venues/rugby/,"Events & Function Venues in Rugby, Cape Town",1,italian-club-of-cape-town-rugby,Italian Club of Cape Town
https://thecapetownhub.com/category/events-function-venues/tafelsig/,"Events & Function Venues in Tafelsig, Cape Town",1,tafelsig-community-centre-tafelsig,Tafelsig Community Centre
https://thecapetownhub.com/category/events-function-venues/woodstock/,"Events & Function Venues in Woodstock, Cape Town",1,neighbourgoods-market-woodstock,Neighbourgoods Market
https://thecapetownhub.com/category/fashion-clothing/bellville/,"Fashion & Clothing in Bellville, Cape Town",1,jumbo-clothing-bellville,Jumbo Clothing
https://thecapetownhub.com/category/fashion-clothing/bishop-lavis/,"Fashion & Clothing in Bishop Lavis, Cape Town",1,pep-bishop-lavis,PEP
https://thecapetownhub.com/category/fashion-clothing/blue-downs/,"Fashion & Clothing in Blue Downs, Cape Town",1,pep-blue-downs,PEP Blue Downs
https://thecapetownhub.com/category/fashion-clothing/bothasig/,"Fashion & Clothing in Bothasig, Cape Town",1,ackermans-bothasig-bothasig,Ackermans Bothasig
https://thecapetownhub.com/category/fashion-clothing/dunoon/,"Fashion & Clothing in Dunoon, Cape Town",1,pep-stables-shopping-centre-dunoon,PEP Stables Shopping Centre
https://thecapetownhub.com/category/fashion-clothing/durbanville/,"Fashion & Clothing in Durbanville, Cape Town",1,pick-n-pay-clothing-cobble-walk-durbanville,Pick n Pay Clothing
https://thecapetownhub.com/category/fashion-clothing/gardens/,"Fashion & Clothing in Gardens, Cape Town",1,old-khaki-gardens-shopping-centre-gardens,Old Khaki
https://thecapetownhub.com/category/fashion-clothing/hout-bay/,"Fashion & Clothing in Hout Bay, Cape Town",1,brand-collective-hout-bay,Brand Collective
https://thecapetownhub.com/category/fashion-clothing/kalk-bay/,"Fashion & Clothing in Kalk Bay, Cape Town",1,oh-so-boho-kalk-bay,Oh So Boho
https://thecapetownhub.com/category/fashion-clothing/kraaifontein/,"Fashion & Clothing in Kraaifontein, Cape Town",1,pep-brighton-square-kraaifontein,PEP Brighton Square
https://thecapetownhub.com/category/fashion-clothing/lakeside/,"Fashion & Clothing in Lakeside, Cape Town",1,lakeside-clothing-lakeside,Lakeside Clothing
https://thecapetownhub.com/category/fashion-clothing/langa/,"Fashion & Clothing in Langa, Cape Town",1,pep-langa-junction-langa,PEP Langa Junction
https://thecapetownhub.com/category/fashion-clothing/macassar/,"Fashion & Clothing in Macassar, Cape Town",1,pep-macassar-shopping-centre-macassar,PEP Macassar Shopping Centre
https://thecapetownhub.com/category/fashion-clothing/maitland/,"Fashion & Clothing in Maitland, Cape Town",1,the-designer-warehouse-emporium-maitland,The Designer Warehouse Emporium
https://thecapetownhub.com/category/fashion-clothing/matroosfontein/,"Fashion & Clothing in Matroosfontein, Cape Town",1,pep-charlesville-mall-matroosfontein,PEP Charlesville Mall
https://thecapetownhub.com/category/fashion-clothing/muizenberg/,"Fashion & Clothing in Muizenberg, Cape Town",1,pep-muizenberg,PEP
https://thecapetownhub.com/category/fashion-clothing/ottery/,"Fashion & Clothing in Ottery, Cape Town",1,pep-ottery-centre-ottery,PEP Ottery Centre
https://thecapetownhub.com/category/fashion-clothing/paarden-eiland/,"Fashion & Clothing in Paarden Eiland, Cape Town",1,keedo-paarden-eiland,Keedo
https://thecapetownhub.com/category/fashion-clothing/pinelands/,"Fashion & Clothing in Pinelands, Cape Town",1,pick-n-pay-clothing-howard-centre-pinelands,Pick n Pay Clothing
https://thecapetownhub.com/category/fashion-clothing/retreat/,"Fashion & Clothing in Retreat, Cape Town",1,pep-poppys-village-retreat,PEP Poppys Village
https://thecapetownhub.com/category/fashion-clothing/scarborough/,"Fashion & Clothing in Scarborough, Cape Town",1,roberto-ricci-designs-scarborough,Roberto Ricci Designs
https://thecapetownhub.com/category/fashion-clothing/sea-point/,"Fashion & Clothing in Sea Point, Cape Town",1,pick-n-pay-clothing-sea-point,Pick n Pay Clothing
https://thecapetownhub.com/category/fashion-clothing/somerset-west/,"Fashion & Clothing in Somerset West, Cape Town",1,lira-fynn-somerset-west,Lira & Fynn
https://thecapetownhub.com/category/fashion-clothing/tokai/,"Fashion & Clothing in Tokai, Cape Town",1,cape-union-mart-tokai,Cape Union Mart
https://thecapetownhub.com/category/fashion-clothing/westlake/,"Fashion & Clothing in Westlake, Cape Town",1,vo2-gear-westlake,VO2 Gear
https://thecapetownhub.com/category/fashion-clothing/zonnebloem/,"Fashion & Clothing in Zonnebloem, Cape Town",1,vintage-with-love-zonnebloem,Vintage with Love
https://thecapetownhub.com/category/fencing-security-installations/kraaifontein/,"Fencing & Security Installations in Kraaifontein, Cape Town",1,advanced-electric-fencing-kraaifontein,Advanced Electric Fencing
https://thecapetownhub.com/category/fencing-security-installations/montague-gardens/,"Fencing & Security Installations in Montague Gardens, Cape Town",1,intellisec-montague-gardens,Intellisec
https://thecapetownhub.com/category/fencing-security-installations/rocklands/,"Fencing & Security Installations in Rocklands, Cape Town",1,deon-stuart-electronics-and-installations-rocklands,Deon Stuart Electronics and Installations
https://thecapetownhub.com/category/fencing-security-installations/stellenberg/,"Fencing & Security Installations in Stellenberg, Cape Town",1,telecom-installations-stellenberg,Telecom Installations CC
https://thecapetownhub.com/category/fencing-security-installations/sunnydale/,"Fencing & Security Installations in Sunnydale, Cape Town",1,just-fencing-sunnydale,Just Fencing
https://thecapetownhub.com/category/financial-investment-services/bloubergstrand/,"Financial & Investment Services in Bloubergstrand, Cape Town",1,nedbank-table-bay-mall-bloubergstrand,Nedbank Table Bay Mall
https://thecapetownhub.com/category/financial-investment-services/brooklyn/,"Financial & Investment Services in Brooklyn, Cape Town",1,connie-s-pawn-shop-brooklyn,Connie's Pawn Shop
https://thecapetownhub.com/category/financial-investment-services/delft/,"Financial & Investment Services in Delft, Cape Town",1,capitec-bank-delft-mall-delft,Capitec Bank
https://thecapetownhub.com/category/financial-investment-services/green-point/,"Financial & Investment Services in Green Point, Cape Town",1,fnb-greenpoint-green-point,FNB Greenpoint
https://thecapetownhub.com/category/financial-investment-services/kenilworth/,"Financial & Investment Services in Kenilworth, Cape Town",1,nedbank-kenilworth-kenilworth,Nedbank Kenilworth
https://thecapetownhub.com/category/financial-investment-services/manenberg/,"Financial & Investment Services in Manenberg, Cape Town",1,capitec-bank-nyanga-junction-manenberg,Capitec Bank
https://thecapetownhub.com/category/financial-investment-services/muizenberg/,"Financial & Investment Services in Muizenberg, Cape Town",1,capitec-bank-muizenberg,Capitec Bank
https://thecapetownhub.com/category/financial-investment-services/panorama/,"Financial & Investment Services in Panorama, Cape Town",1,absa-bank-panorama-panorama,Absa Bank Panorama
https://thecapetownhub.com/category/financial-investment-services/rondebosch/,"Financial & Investment Services in Rondebosch, Cape Town",1,absa-riverside-mall-rondebosch,Absa
https://thecapetownhub.com/category/financial-investment-services/westgate/,"Financial & Investment Services in Westgate, Cape Town",1,nedbank-westgate-mall-westgate,Nedbank
https://thecapetownhub.com/category/financial-investment-services/woodstock/,"Financial & Investment Services in Woodstock, Cape Town",1,debt-scan-woodstock,Debt Scan
https://thecapetownhub.com/category/fitness-gyms/bellville/,"Fitness & Gyms in Bellville, Cape Town",1,zone-fitness-willowbridge-bellville,Zone Fitness Willowbridge
https://thecapetownhub.com/category/fitness-gyms/bergvliet/,"Fitness & Gyms in Bergvliet, Cape Town",1,swimmattix-swim-school-bergvliet,Swimmattix Swim School
https://thecapetownhub.com/category/fitness-gyms/brackenfell/,"Fitness & Gyms in Brackenfell, Cape Town",1,planet-fitness-brackenfell-brackenfell,Planet Fitness Brackenfell
https://thecapetownhub.com/category/fitness-gyms/clifton/,"Fitness & Gyms in Clifton, Cape Town",1,glen-country-club-clifton,Glen Country Club
https://thecapetownhub.com/category/fitness-gyms/fish-hoek/,"Fitness & Gyms in Fish Hoek, Cape Town",1,zone-fitness-fish-hoek-town-square-fish-hoek,Zone Fitness
https://thecapetownhub.com/category/fitness-gyms/fresnaye/,"Fitness & Gyms in Fresnaye, Cape Town",1,fresnaye-sports-club-fresnaye,Fresnaye Sports Club
https://thecapetownhub.com/category/fitness-gyms/kenwyn/,"Fitness & Gyms in Kenwyn, Cape Town",1,kenwyn-martial-arts-centre-kenwyn,Kenwyn Martial Arts Centre
https://thecapetownhub.com/category/fitness-gyms/muizenberg/,"Fitness & Gyms in Muizenberg, Cape Town",1,zone-fitness-muizenberg,Zone Fitness
https://thecapetownhub.com/category/fitness-gyms/noordhoek/,"Fitness & Gyms in Noordhoek, Cape Town",1,sbg-cape-town-noordhoek,SBG Cape Town
https://thecapetownhub.com/category/fitness-gyms/observatory/,"Fitness & Gyms in Observatory, Cape Town",1,body20-riverlands-observatory,Body20 Riverlands
https://thecapetownhub.com/category/fitness-gyms/oranjezicht/,"Fitness & Gyms in Oranjezicht, Cape Town",1,oranjezicht-yoga-centre-oranjezicht,The Oranjezicht Yoga Centre
https://thecapetownhub.com/category/fitness-gyms/ottery/,"Fitness & Gyms in Ottery, Cape Town",1,bloomberg-gym-ottery,Bloomberg Gym Ottery
https://thecapetownhub.com/category/fitness-gyms/paarden-eiland/,"Fitness & Gyms in Paarden Eiland, Cape Town",1,cityrock-paarden-eiland,CityROCK
https://thecapetownhub.com/category/fitness-gyms/portland/,"Fitness & Gyms in Portland, Cape Town",1,portlands-indoor-sport-centre-portland,Portlands Indoor Sport Centre
https://thecapetownhub.com/category/fitness-gyms/rondebosch/,"Fitness & Gyms in Rondebosch, Cape Town",1,zone-fitness-rondebosch,Zone Fitness (Rondebosch)
https://thecapetownhub.com/category/fitness-gyms/salt-river/,"Fitness & Gyms in Salt River, Cape Town",1,south-pole-studios-salt-river,South Pole Studios
https://thecapetownhub.com/category/fitness-gyms/somerset-west/,"Fitness & Gyms in Somerset West, Cape Town",1,virgin-active-waterstone-village-somerset-west,Virgin Active
https://thecapetownhub.com/category/fitness-gyms/steenberg/,"Fitness & Gyms in Steenberg, Cape Town",1,virgin-active-steenberg-steenberg,Virgin Active Steenberg
https://thecapetownhub.com/category/fitness-gyms/tokai/,"Fitness & Gyms in Tokai, Cape Town",1,zone-fitness-tokai-tokai,Zone Fitness Tokai
https://thecapetownhub.com/category/fitness-gyms/westgate/,"Fitness & Gyms in Westgate, Cape Town",1,zone-fitness-westgate-mall-westgate,Zone Fitness Westgate Mall
https://thecapetownhub.com/category/fitness-gyms/westlake/,"Fitness & Gyms in Westlake, Cape Town",1,virgin-active-steenberg-westlake,Virgin Active Steenberg
https://thecapetownhub.com/category/fitness-gyms/wynberg/,"Fitness & Gyms in Wynberg, Cape Town",1,zone-fitness-maynard-mall-wynberg,Zone Fitness
https://thecapetownhub.com/category/florists/strand/,"Florists in Strand, Cape Town",1,letitia-bloemiste-florist-strand,Letitia Bloemiste/Florist
https://thecapetownhub.com/category/florists/vredehoek/,"Florists in Vredehoek, Cape Town",1,the-flower-supply-co-vredehoek,The Flower Supply Co
https://thecapetownhub.com/category/fuel-stations/bonteheuwel/,"Fuel Stations & Garages in Bonteheuwel, Cape Town",1,engen-bonteheuwel-tyre-service-centre-bonteheuwel,Engen Bonteheuwel Tyre & Service Centre
https://thecapetownhub.com/category/fuel-stations/colorado/,"Fuel Stations & Garages in Colorado, Cape Town",1,hassans-colorado-service-station-colorado,Hassans Colorado Service Station
https://thecapetownhub.com/category/fuel-stations/durbanville/,"Fuel Stations & Garages in Durbanville, Cape Town",1,caltex-cobble-walk-durbanville,Caltex Cobble Walk
https://thecapetownhub.com/category/fuel-stations/edgemead/,"Fuel Stations & Garages in Edgemead, Cape Town",1,edgemead-motors-edgemead,Edgemead Motors
https://thecapetownhub.com/category/fuel-stations/firgrove/,"Fuel Stations & Garages in Firgrove, Cape Town",1,spar-express-at-shell-firgrove-firgrove,SPAR Express at Shell Firgrove
https://thecapetownhub.com/category/fuel-stations/kenilworth/,"Fuel Stations & Garages in Kenilworth, Cape Town",1,doncaster-motors-kenilworth,Doncaster Motors
https://thecapetownhub.com/category/fuel-stations/kraaifontein/,"Fuel Stations & Garages in Kraaifontein, Cape Town",1,zoo-park-motors-kraaifontein,Zoo Park Motors
https://thecapetownhub.com/category/fuel-stations/lansdowne/,"Fuel Stations & Garages in Lansdowne, Cape Town",1,caltex-lansdowne-corner-lansdowne,Caltex Lansdowne Corner
https://thecapetownhub.com/category/fuel-stations/macassar/,"Fuel Stations & Garages in Macassar, Cape Town",1,engen-false-bay-1-stop-macassar,Engen False Bay 1 Stop
https://thecapetownhub.com/category/fuel-stations/maitland/,"Fuel Stations & Garages in Maitland, Cape Town",1,sasol-maitland-maitland,Sasol Maitland
https://thecapetownhub.com/category/fuel-stations/manenberg/,"Fuel Stations & Garages in Manenberg, Cape Town",1,duinefontein-service-station-manenberg,Duinefontein Service Station
https://thecapetownhub.com/category/fuel-stations/meadowridge/,"Fuel Stations & Garages in Meadowridge, Cape Town",1,engen-meadowridge-meadowridge,Engen Meadowridge
https://thecapetownhub.com/category/fuel-stations/rocklands/,"Fuel Stations & Garages in Rocklands, Cape Town",1,bp-rocklands-service-station-rocklands,BP Rocklands Service Station
https://thecapetownhub.com/category/fuel-stations/southfield/,"Fuel Stations & Garages in Southfield, Cape Town",1,bp-southfield,BP Southfield
https://thecapetownhub.com/category/fuel-stations/steenberg/,"Fuel Stations & Garages in Steenberg, Cape Town",1,coniston-motors-steenberg,Coniston Motors
https://thecapetownhub.com/category/fuel-stations/thornton/,"Fuel Stations & Garages in Thornton, Cape Town",1,thornton-service-station-thornton,Thornton Service Station
https://thecapetownhub.com/category/funeral-services/khayelitsha/,"Funeral Services in Khayelitsha, Cape Town",1,avbob-khayelitsha,AVBOB Khayelitsha
https://thecapetownhub.com/category/furniture-homeware/blue-downs/,"Furniture & Homeware in Blue Downs, Cape Town",1,ok-furniture-blue-downs,OK Furniture Blue Downs
https://thecapetownhub.com/category/furniture-homeware/cape-town-cbd/,"Furniture & Homeware in Cape Town CBD, Cape Town",1,sheet-street-golden-acre-cape-town-cbd,Sheet Street Golden Acre
https://thecapetownhub.com/category/furniture-homeware/durbanville/,"Furniture & Homeware in Durbanville, Cape Town",1,pep-home-durbanville-town-centre-durbanville,PEP Home Durbanville Town Centre
https://thecapetownhub.com/category/furniture-homeware/elsies-river/,"Furniture & Homeware in Elsie's River, Cape Town",1,romatex-factory-shop-elsies-river,Romatex Factory Shop
https://thecapetownhub.com/category/furniture-homeware/kensington/,"Furniture & Homeware in Kensington, Cape Town",1,the-candle-factory-shop-kensington,The Candle Factory Shop
https://thecapetownhub.com/category/furniture-homeware/kenwyn/,"Furniture & Homeware in Kenwyn, Cape Town",1,kasus-interiors-kenwyn,Kasu's Interiors
https://thecapetownhub.com/category/furniture-homeware/lansdowne/,"Furniture & Homeware in Lansdowne, Cape Town",1,big-boy-crockery-lansdowne,Big Boy Crockery
https://thecapetownhub.com/category/furniture-homeware/marina-da-gama/,"Furniture & Homeware in Marina da Gama, Cape Town",1,carole-nevin-designs-marina-da-gama,Carole Nevin Designs
https://thecapetownhub.com/category/furniture-homeware/paarden-eiland/,"Furniture & Homeware in Paarden Eiland, Cape Town",1,ergonomics-direct-paarden-eiland,Ergonomics Direct
https://thecapetownhub.com/category/furniture-homeware/philippi/,"Furniture & Homeware in Philippi, Cape Town",1,bradlows-the-junxion-mall-philippi,Bradlows
https://thecapetownhub.com/category/furniture-homeware/plattekloof/,"Furniture & Homeware in Plattekloof, Cape Town",1,bella-casa-plattekloof,Bella Casa
https://thecapetownhub.com/category/furniture-homeware/salt-river/,"Furniture & Homeware in Salt River, Cape Town",1,affordable-office-factory-shop-salt-river,Affordable Office Factory Shop
https://thecapetownhub.com/category/furniture-homeware/somerset-west/,"Furniture & Homeware in Somerset West, Cape Town",1,eagle-lighting-somerset-west-somerset-west,Eagle Lighting Somerset West
https://thecapetownhub.com/category/furniture-homeware/va-waterfront/,"Furniture & Homeware in V&A Waterfront, Cape Town",1,carrol-boyes-victoria-wharf-va-waterfront,Carrol Boyes (Victoria Wharf)
https://thecapetownhub.com/category/furniture-homeware/wynberg/,"Furniture & Homeware in Wynberg, Cape Town",1,desray-wynberg,Desray
https://thecapetownhub.com/category/general-retail/blue-downs/,"General Retail in Blue Downs, Cape Town",1,cash-crusaders-blue-downs,Cash Crusaders Blue Downs
https://thecapetownhub.com/category/general-retail/bo-kaap/,"General Retail in Bo-Kaap, Cape Town",1,atlas-trading-company-bo-kaap,Atlas Trading Company
https://thecapetownhub.com/category/general-retail/boston/,"General Retail in Boston, Cape Town",1,fabric-friends-boston,Fabric Friends
https://thecapetownhub.com/category/general-retail/cape-town-cbd/,"General Retail in Cape Town CBD, Cape Town",1,signature-cosmetics-golden-acre-cape-town-cbd,Signature Cosmetics
https://thecapetownhub.com/category/general-retail/crawford/,"General Retail in Crawford, Cape Town",1,premfresh-crawford,PremFresh
https://thecapetownhub.com/category/general-retail/croydon/,"General Retail in Croydon, Cape Town",1,sitari-health-shop-croydon,Sitari Health Shop
https://thecapetownhub.com/category/general-retail/diep-river/,"General Retail in Diep River, Cape Town",1,chelsea-village-framers-and-curiosity-shoppe-diep-river,Chelsea Village Framers & Curiosity Shoppe
https://thecapetownhub.com/category/general-retail/durbanville/,"General Retail in Durbanville, Cape Town",1,u-turn-thrift-shop-durbanville,U-turn Thrift Shop
https://thecapetownhub.com/category/general-retail/eerste-river/,"General Retail in Eerste River, Cape Town",1,cash-crusaders-eerste-river-eerste-river,Cash Crusaders Eerste River
https://thecapetownhub.com/category/general-retail/gardens/,"General Retail in Gardens, Cape Town",1,the-body-shop-gardens-shopping-centre-gardens,The Body Shop
https://thecapetownhub.com/category/general-retail/glencairn/,"General Retail in Glencairn, Cape Town",1,scratch-patch-and-mineral-world-glencairn,Scratch Patch & Mineral World
https://thecapetownhub.com/category/general-retail/gordons-bay/,"General Retail in Gordon's Bay, Cape Town",1,the-crazy-store-gordons-bay,The Crazy Store
https://thecapetownhub.com/category/general-retail/hout-bay/,"General Retail in Hout Bay, Cape Town",1,cape-town-surfing-hout-bay,Cape Town Surfing
https://thecapetownhub.com/category/general-retail/kenilworth/,"General Retail in Kenilworth, Cape Town",1,game-kenilworth,GAME
https://thecapetownhub.com/category/general-retail/kenwyn/,"General Retail in Kenwyn, Cape Town",1,backyard-brew-coffee-co-kenwyn,Backyard Brew Coffee Co.
https://thecapetownhub.com/category/general-retail/killarney-gardens/,"General Retail in Killarney Gardens, Cape Town",1,fair-cape-factory-shop-killarney-gardens,Fair Cape Factory Shop
https://thecapetownhub.com/category/general-retail/kraaifontein/,"General Retail in Kraaifontein, Cape Town",1,blou-winkel-kraaifontein,Blou Winkel
https://thecapetownhub.com/category/general-retail/lentegeur/,"General Retail in Lentegeur, Cape Town",1,candy-cartel-lentegeur,Candy Cartel
https://thecapetownhub.com/category/general-retail/macassar/,"General Retail in Macassar, Cape Town",1,macassar-pottery-macassar,Macassar Pottery
https://thecapetownhub.com/category/general-retail/meadowridge/,"General Retail in Meadowridge, Cape Town",1,the-crazy-store-meadowridge,The Crazy Store
https://thecapetownhub.com/category/general-retail/mitchells-plain/,"General Retail in Mitchells Plain, Cape Town",1,game-liberty-promenade-mitchells-plain,Game
https://thecapetownhub.com/category/general-retail/newlands/,"General Retail in Newlands, Cape Town",1,bare-necessity-newlands,Bare Necessity
https://thecapetownhub.com/category/general-retail/parklands/,"General Retail in Parklands, Cape Town",1,the-crazy-store-piazza-centre-parklands,The Crazy Store Piazza Centre
https://thecapetownhub.com/category/general-retail/parow/,"General Retail in Parow, Cape Town",1,u-turn-charity-shop-parow,U-turn Charity Shop
https://thecapetownhub.com/category/general-retail/plattekloof/,"General Retail in Plattekloof, Cape Town",1,wellness-warehouse-plattekloof-village-plattekloof,Wellness Warehouse
https://thecapetownhub.com/category/general-retail/portland/,"General Retail in Portland, Cape Town",1,the-party-shop-portland,The Party Shop
https://thecapetownhub.com/category/general-retail/retreat/,"General Retail in Retreat, Cape Town",1,shopmate-fish-traders-retreat,Shopmate Fish Traders
https://thecapetownhub.com/category/general-retail/richwood/,"General Retail in Richwood, Cape Town",1,the-crazy-store-richmond-corner-richwood,The Crazy Store Richmond Corner
https://thecapetownhub.com/category/general-retail/rondebosch/,"General Retail in Rondebosch, Cape Town",1,the-italian-art-shop-rondebosch,The Italian Art Shop
https://thecapetownhub.com/category/general-retail/scarborough/,"General Retail in Scarborough, Cape Town",1,foragers-deli-wholefoods-scarborough,Foragers Deli & Wholefoods
https://thecapetownhub.com/category/general-retail/southfield/,"General Retail in Southfield, Cape Town",1,southfield-pawn-shop-southfield,Southfield Pawn Shop
https://thecapetownhub.com/category/general-retail/strand/,"General Retail in Strand, Cape Town",1,the-crazy-store-strand-square-strand,The Crazy Store
https://thecapetownhub.com/category/general-retail/welgemoed/,"General Retail in Welgemoed, Cape Town",1,the-crazy-store-welgemoed,The Crazy Store (Welgemoed)
https://thecapetownhub.com/category/general-retail/wynberg/,"General Retail in Wynberg, Cape Town",1,multiserv-maynard-mall-wynberg,Multiserv
https://thecapetownhub.com/category/hardware-stores/bergvliet/,"Hardware Stores in Bergvliet, Cape Town",1,buco-bergvliet,BUCO Bergvliet
https://thecapetownhub.com/category/hardware-stores/bishop-lavis/,"Hardware Stores in Bishop Lavis, Cape Town",1,lavis-hardware-bishop-lavis,Lavis Hardware
https://thecapetownhub.com/category/hardware-stores/bonteheuwel/,"Hardware Stores in Bonteheuwel, Cape Town",1,settlers-gas-and-hardware-bonteheuwel,Settlers Gas & Hardware
https://thecapetownhub.com/category/hardware-stores/bothasig/,"Hardware Stores in Bothasig, Cape Town",1,build-it-bothasig-bothasig,Build It Bothasig
https://thecapetownhub.com/category/hardware-stores/delft/,"Hardware Stores in Delft, Cape Town",1,cashbuild-delft-mall-delft,Cashbuild
https://thecapetownhub.com/category/hardware-stores/eerste-river/,"Hardware Stores in Eerste River, Cape Town",1,eerste-river-paint-hardware-eerste-river,Eerste River Paint & Hardware
https://thecapetownhub.com/category/hardware-stores/fish-hoek/,"Hardware Stores in Fish Hoek, Cape Town",1,central-mica-hardware-fish-hoek,Central Mica Hardware
https://thecapetownhub.com/category/hardware-stores/goodwood/,"Hardware Stores in Goodwood, Cape Town",1,cape-hardware-goodwood,Cape Hardware
https://thecapetownhub.com/category/hardware-stores/grassy-park/,"Hardware Stores in Grassy Park, Cape Town",1,avenue-hardware-and-motor-spares-grassy-park,Avenue Hardware & Motor Spares
https://thecapetownhub.com/category/hardware-stores/gugulethu/,"Hardware Stores in Gugulethu, Cape Town",1,cashbuild-gugulethu-square-gugulethu,Cashbuild
https://thecapetownhub.com/category/hardware-stores/hout-bay/,"Hardware Stores in Hout Bay, Cape Town",1,hout-bay-handiman-centre-hout-bay,Hout Bay Handiman Centre
https://thecapetownhub.com/category/hardware-stores/kensington/,"Hardware Stores in Kensington, Cape Town",1,bkb-boards-and-hardware-kensington,BKB Boards & Hardware
https://thecapetownhub.com/category/hardware-stores/khayelitsha/,"Hardware Stores in Khayelitsha, Cape Town",1,cashbuild-makhaza-khayelitsha,Cashbuild Makhaza
https://thecapetownhub.com/category/hardware-stores/killarney-gardens/,"Hardware Stores in Killarney Gardens, Cape Town",1,killarney-gardens-hardware-killarney-gardens,Killarney Gardens Hardware
https://thecapetownhub.com/category/hardware-stores/kommetjie/,"Hardware Stores in Kommetjie, Cape Town",1,the-board-shop-kommetjie,The Board Shop
https://thecapetownhub.com/category/hardware-stores/kraaifontein/,"Hardware Stores in Kraaifontein, Cape Town",1,kraaifontein-hardware-kraaifontein,Kraaifontein Hardware
https://thecapetownhub.com/category/hardware-stores/lansdowne/,"Hardware Stores in Lansdowne, Cape Town",1,cashbuild-lansdowne-corner-lansdowne,Cashbuild Lansdowne Corner
https://thecapetownhub.com/category/hardware-stores/lentegeur/,"Hardware Stores in Lentegeur, Cape Town",1,sams-hardware-and-gas-lentegeur,Sams Hardware & Gas
https://thecapetownhub.com/category/hardware-stores/maitland/,"Hardware Stores in Maitland, Cape Town",1,paint-chemistry-maitland,Paint Chemistry
https://thecapetownhub.com/category/hardware-stores/mandalay/,"Hardware Stores in Mandalay, Cape Town",1,mayas-hardware-mandalay,Maya's Hardware
https://thecapetownhub.com/category/hardware-stores/manenberg/,"Hardware Stores in Manenberg, Cape Town",1,z-n-hardware-manenberg,Z & N Hardware
https://thecapetownhub.com/category/hardware-stores/melkbosstrand/,"Hardware Stores in Melkbosstrand, Cape Town",1,melkbos-hardware-melkbosstrand,Melkbos Hardware
https://thecapetownhub.com/category/hardware-stores/ndabeni/,"Hardware Stores in Ndabeni, Cape Town",1,millside-mica-ndabeni,Millside Mica
https://thecapetownhub.com/category/hardware-stores/observatory/,"Hardware Stores in Observatory, Cape Town",1,hawkes-and-findlay-observatory,Hawkes & Findlay
https://thecapetownhub.com/category/hardware-stores/ottery/,"Hardware Stores in Ottery, Cape Town",1,ottery-hardware-ottery,Ottery Hardware
https://thecapetownhub.com/category/hardware-stores/pinelands/,"Hardware Stores in Pinelands, Cape Town",1,pinelands-hardware-central-square-pinelands,Pinelands Hardware
https://thecapetownhub.com/category/hardware-stores/plattekloof/,"Hardware Stores in Plattekloof, Cape Town",1,brights-hardware-plattekloof-village-shopping-centre-plattekloof,Brights Hardware
https://thecapetownhub.com/category/hardware-stores/retreat/,"Hardware Stores in Retreat, Cape Town",1,builders-warehouse-constantiaberg-retreat,Builders Warehouse Constantiaberg
https://thecapetownhub.com/category/hardware-stores/southfield/,"Hardware Stores in Southfield, Cape Town",1,bpm-toolcraft-southfield,BPM Toolcraft
https://thecapetownhub.com/category/hardware-stores/stellenberg/,"Hardware Stores in Stellenberg, Cape Town",1,rex-hardware-stellenberg,Rex Hardware
https://thecapetownhub.com/category/hardware-stores/strand/,"Hardware Stores in Strand, Cape Town",1,south-end-hardware-and-gas-strand,South End Hardware & Gas
https://thecapetownhub.com/category/hardware-stores/strandfontein/,"Hardware Stores in Strandfontein, Cape Town",1,strandfontein-gas-and-hardware-strandfontein,Strandfontein Gas & Hardware
https://thecapetownhub.com/category/hardware-stores/sunnydale/,"Hardware Stores in Sunnydale, Cape Town",1,chapmans-hardware-sunnydale,Chapman's Hardware
https://thecapetownhub.com/category/hardware-stores/thornton/,"Hardware Stores in Thornton, Cape Town",1,future-tool-thornton,Future Tool
https://thecapetownhub.com/category/hardware-stores/westridge/,"Hardware Stores in Westridge, Cape Town",1,westridge-hardware-westridge,Westridge Hardware
https://thecapetownhub.com/category/hardware-stores/ysterplaat/,"Hardware Stores in Ysterplaat, Cape Town",1,builders-warehouse-ysterplaat,Builders Warehouse
https://thecapetownhub.com/category/hotels/bishopscourt/,"Hotels in Bishopscourt, Cape Town",1,arambrook-boutique-hotel-bishopscourt,Arambrook Boutique Hotel
https://thecapetownhub.com/category/hotels/bloubergstrand/,"Hotels in Bloubergstrand, Cape Town",1,the-blue-peter-hotel-bloubergstrand,The Blue Peter Hotel
https://thecapetownhub.com/category/hotels/cape-town-cbd/,"Hotels in Cape Town CBD, Cape Town",1,southern-sun-cape-sun-cape-town-cbd,Southern Sun Cape Sun
https://thecapetownhub.com/category/hotels/century-city/,"Hotels in Century City, Cape Town",1,colosseum-hotel-century-city,Colosseum Hotel
https://thecapetownhub.com/category/hotels/fresnaye/,"Hotels in Fresnaye, Cape Town",1,grande-kloof-boutique-hotel-fresnaye,Grande Kloof Boutique Hotel
https://thecapetownhub.com/category/hotels/gardens/,"Hotels in Gardens, Cape Town",1,cape-town-hollow-boutique-hotel-gardens,Cape Town Hollow Boutique Hotel
https://thecapetownhub.com/category/hotels/green-point/,"Hotels in Green Point, Cape Town",1,cape-royale-hotel-green-point,Cape Royale Hotel
https://thecapetownhub.com/category/hotels/mandela-park/,"Hotels in Mandela Park, Cape Town",1,the-spade-boutique-hotel-mandela-park,The Spade Boutique Hotel
https://thecapetownhub.com/category/hotels/st-james/,"Hotels in St James, Cape Town",1,sonnekus-boutique-hotel-bistro-st-james,Sonnekus Boutique Hotel & Bistro
https://thecapetownhub.com/category/hotels/tamboerskloof/,"Hotels in Tamboerskloof, Cape Town",1,the-cape-milner-tamboerskloof,The Cape Milner
https://thecapetownhub.com/category/hotels/three-anchor-bay/,"Hotels in Three Anchor Bay, Cape Town",1,the-one-8-hotel-three-anchor-bay,The One 8 Hotel
https://thecapetownhub.com/category/hotels/walmer-estate/,"Hotels in Walmer Estate, Cape Town",1,garden-court-nelson-mandela-boulevard-walmer-estate,Garden Court Nelson Mandela Boulevard
https://thecapetownhub.com/category/industrial-suppliers-manufacturing/brackenfell/,"Industrial Suppliers & Manufacturing in Brackenfell, Cape Town",1,brackenfell-steel-brackenfell,Brackenfell Steel
https://thecapetownhub.com/category/industrial-suppliers-manufacturing/edgemead/,"Industrial Suppliers & Manufacturing in Edgemead, Cape Town",1,sa-power-edgemead,SA Power
https://thecapetownhub.com/category/industrial-suppliers-manufacturing/eerste-river/,"Industrial Suppliers & Manufacturing in Eerste River, Cape Town",1,much-asphalt-eerste-river,Much Asphalt
https://thecapetownhub.com/category/industrial-suppliers-manufacturing/elsies-river/,"Industrial Suppliers & Manufacturing in Elsie's River, Cape Town",1,weavewell-elsies-river,Weavewell
https://thecapetownhub.com/category/industrial-suppliers-manufacturing/firgrove/,"Industrial Suppliers & Manufacturing in Firgrove, Cape Town",1,rheinmetall-denel-munition-firgrove,Rheinmetall Denel Munition
https://thecapetownhub.com/category/industrial-suppliers-manufacturing/kensington/,"Industrial Suppliers & Manufacturing in Kensington, Cape Town",1,columbit-kensington,Columbit
https://thecapetownhub.com/category/industrial-suppliers-manufacturing/kuils-river/,"Industrial Suppliers & Manufacturing in Kuils River, Cape Town",1,cape-castors-kuils-river,Cape Castors
https://thecapetownhub.com/category/industrial-suppliers-manufacturing/montague-gardens/,"Industrial Suppliers & Manufacturing in Montague Gardens, Cape Town",1,ces-forklift-montague-gardens,CES Forklift
https://thecapetownhub.com/category/industrial-suppliers-manufacturing/rugby/,"Industrial Suppliers & Manufacturing in Rugby, Cape Town",1,cape-jungle-kids-rugby,Cape Jungle Kids
https://thecapetownhub.com/category/industrial-suppliers-manufacturing/wetton/,"Industrial Suppliers & Manufacturing in Wetton, Cape Town",1,castor-king-wetton,Castor King
https://thecapetownhub.com/category/insurance/sea-point/,"Insurance in Sea Point, Cape Town",1,discovery-store-sea-point,Discovery Store
https://thecapetownhub.com/category/jewellers/green-point/,"Jewellers in Green Point, Cape Town",1,grand-diamonds-green-point,Grand Diamonds
https://thecapetownhub.com/category/jewellers/rondebosch/,"Jewellers in Rondebosch, Cape Town",1,mr-k-rondebosch,Mr K (Rondebosch)
https://thecapetownhub.com/category/liquor-stores/crawford/,"Liquor Stores in Crawford, Cape Town",1,crawford-tops-crawford,Crawford Tops
https://thecapetownhub.com/category/liquor-stores/de-waterkant/,"Liquor Stores in De Waterkant, Cape Town",1,tops-at-spar-cape-quarter-de-waterkant,TOPS at SPAR Cape Quarter
https://thecapetownhub.com/category/liquor-stores/firgrove/,"Liquor Stores in Firgrove, Cape Town",1,tops-at-spar-firgrove-firgrove,TOPS at SPAR Firgrove
https://thecapetownhub.com/category/liquor-stores/heathfield/,"Liquor Stores in Heathfield, Cape Town",1,tops-at-spar-heathfield-heathfield,Tops at Spar Heathfield
https://thecapetownhub.com/category/liquor-stores/kommetjie/,"Liquor Stores in Kommetjie, Cape Town",1,old-cape-wine-shop-kommetjie,Old Cape Wine Shop
https://thecapetownhub.com/category/liquor-stores/mandalay/,"Liquor Stores in Mandalay, Cape Town",1,shoprite-liquorshop-mandalay-mandalay,Shoprite LiquorShop Mandalay
https://thecapetownhub.com/category/liquor-stores/mandela-park/,"Liquor Stores in Mandela Park, Cape Town",1,tops-mandela-park-mandela-park,Tops Mandela Park
https://thecapetownhub.com/category/liquor-stores/newlands/,"Liquor Stores in Newlands, Cape Town",1,wine-concepts-newlands,Wine Concepts
https://thecapetownhub.com/category/liquor-stores/richwood/,"Liquor Stores in Richwood, Cape Town",1,tonys-liquors-la-piazza-richwood,Tony's Liquors
https://thecapetownhub.com/category/liquor-stores/salt-river/,"Liquor Stores in Salt River, Cape Town",1,cape-of-storms-distilling-company-salt-river,Cape of Storms Distilling Company
https://thecapetownhub.com/category/liquor-stores/sea-point/,"Liquor Stores in Sea Point, Cape Town",1,checkers-liquor-the-point-sea-point,Checkers Liquor
https://thecapetownhub.com/category/liquor-stores/simons-town/,"Liquor Stores in Simon's Town, Cape Town",1,simons-town-bottle-store-simons-town,Simon's Town Bottle Store
https://thecapetownhub.com/category/liquor-stores/stellenberg/,"Liquor Stores in Stellenberg, Cape Town",1,tops-at-spar-stellenberg-stellenberg,TOPS at SPAR Stellenberg
https://thecapetownhub.com/category/liquor-stores/summer-greens/,"Liquor Stores in Summer Greens, Cape Town",1,diamonds-discount-liquor-summer-greens,Diamond's Discount Liquor
https://thecapetownhub.com/category/liquor-stores/sunnydale/,"Liquor Stores in Sunnydale, Cape Town",1,checkers-liquorshop-sun-valley-sunnydale,Checkers LiquorShop Sun Valley
https://thecapetownhub.com/category/liquor-stores/woodstock/,"Liquor Stores in Woodstock, Cape Town",1,tops-at-spar-woodstock-quarter-woodstock,TOPS at SPAR Woodstock Quarter
https://thecapetownhub.com/category/locksmiths/thornton/,"Locksmiths in Thornton, Cape Town",1,mancelles-locksmiths-thornton,Mancelle's Locksmiths
https://thecapetownhub.com/category/logistics-courier-transport/bloubergstrand/,"Logistics, Courier & Transport in Bloubergstrand, Cape Town",1,postnet-table-view-west-coast-village-bloubergstrand,PostNet Table View West Coast Village
https://thecapetownhub.com/category/logistics-courier-transport/epping/,"Logistics, Courier & Transport in Epping, Cape Town",1,golden-arrow-bus-services-epping,Golden Arrow Bus Services
https://thecapetownhub.com/category/logistics-courier-transport/killarney-gardens/,"Logistics, Courier & Transport in Killarney Gardens, Cape Town",1,mr-cheap-transport-killarney-gardens,Mr Cheap Transport
https://thecapetownhub.com/category/logistics-courier-transport/lakeside/,"Logistics, Courier & Transport in Lakeside, Cape Town",1,postnet-lakeside-lakeside,PostNet Lakeside
https://thecapetownhub.com/category/logistics-courier-transport/mandela-park/,"Logistics, Courier & Transport in Mandela Park, Cape Town",1,the-courier-guy-mandela-park,The Courier Guy
https://thecapetownhub.com/category/logistics-courier-transport/matroosfontein/,"Logistics, Courier & Transport in Matroosfontein, Cape Town",1,durrheim-post-office-matroosfontein,Durrheim Post Office
https://thecapetownhub.com/category/logistics-courier-transport/rocklands/,"Logistics, Courier & Transport in Rocklands, Cape Town",1,caravelle-post-office-rocklands,Caravelle Post Office
https://thecapetownhub.com/category/logistics-courier-transport/strandfontein/,"Logistics, Courier & Transport in Strandfontein, Cape Town",1,strandfontein-post-office-strandfontein,Strandfontein Post Office
https://thecapetownhub.com/category/logistics-courier-transport/tokai/,"Logistics, Courier & Transport in Tokai, Cape Town",1,postnet-tokai-on-main-tokai,PostNet Tokai-on-Main
https://thecapetownhub.com/category/marketing-advertising/woodstock/,"Marketing & Advertising in Woodstock, Cape Town",1,big-picture-company-woodstock,Big Picture Company
https://thecapetownhub.com/category/mobile-phones/delft/,"Mobile Phones & Accessories in Delft, Cape Town",1,pep-cell-delft-mall-delft,PEP Cell
https://thecapetownhub.com/category/mobile-phones/eerste-river/,"Mobile Phones & Accessories in Eerste River, Cape Town",1,mtn-store-eerste-river,MTN Store
https://thecapetownhub.com/category/mobile-phones/khayelitsha/,"Mobile Phones & Accessories in Khayelitsha, Cape Town",1,pep-cell-makhaza-khayelitsha,PEP Cell Makhaza
https://thecapetownhub.com/category/mobile-phones/montague-gardens/,"Mobile Phones & Accessories in Montague Gardens, Cape Town",1,mtn-store-montague-gardens,MTN Store
https://thecapetownhub.com/category/mobile-phones/rondebosch/,"Mobile Phones & Accessories in Rondebosch, Cape Town",1,mtn-store-rondebosch,MTN Store
https://thecapetownhub.com/category/mobile-phones/sea-point/,"Mobile Phones & Accessories in Sea Point, Cape Town",1,cellucity-the-point-sea-point,CelluCity
https://thecapetownhub.com/category/mobile-phones/somerset-west/,"Mobile Phones & Accessories in Somerset West, Cape Town",1,mtn-waterstone-village-somerset-west,MTN
https://thecapetownhub.com/category/mobile-phones/tokai/,"Mobile Phones & Accessories in Tokai, Cape Town",1,mtn-steenberg-village-tokai,MTN Steenberg Village
https://thecapetownhub.com/category/mobile-phones/westgate/,"Mobile Phones & Accessories in Westgate, Cape Town",1,cell-c-westgate-mall-westgate,Cell C
https://thecapetownhub.com/category/mobile-phones/westlake/,"Mobile Phones & Accessories in Westlake, Cape Town",1,smartphone-er-westlake,Smartphone ER
https://thecapetownhub.com/category/motor-spares/bothasig/,"Motor Spares in Bothasig, Cape Town",1,auto-world-midas-bothasig-bothasig,Auto World Midas Bothasig
https://thecapetownhub.com/category/motor-spares/colorado/,"Motor Spares in Colorado, Cape Town",1,colorado-motor-spares-colorado,Colorado Motor Spares
https://thecapetownhub.com/category/motor-spares/delft/,"Motor Spares in Delft, Cape Town",1,convenient-motor-spares-delft,Convenient Motor Spares
https://thecapetownhub.com/category/motor-spares/elsies-river/,"Motor Spares in Elsie's River, Cape Town",1,sa-autoparts-elsies-river,SA Autoparts
https://thecapetownhub.com/category/motor-spares/goodwood/,"Motor Spares in Goodwood, Cape Town",1,goldwagen-goodwood-goodwood,Goldwagen Goodwood
https://thecapetownhub.com/category/motor-spares/montague-gardens/,"Motor Spares in Montague Gardens, Cape Town",1,first-battery-centre-montague-gardens-montague-gardens,First Battery Centre Montague Gardens
https://thecapetownhub.com/category/motor-spares/paarden-eiland/,"Motor Spares in Paarden Eiland, Cape Town",1,4x4-mega-world-paarden-eiland,4x4 Mega World
https://thecapetownhub.com/category/motor-spares/portland/,"Motor Spares in Portland, Cape Town",1,mr-os-motor-spares-portland,Mr O's Motor Spares
https://thecapetownhub.com/category/motor-spares/retreat/,"Motor Spares in Retreat, Cape Town",1,retreat-motor-spares-retreat,Retreat Motor Spares
https://thecapetownhub.com/category/motor-spares/rugby/,"Motor Spares in Rugby, Cape Town",1,vd-parts-sparco-cape-town-rugby,VD Parts - Sparco Cape Town
https://thecapetownhub.com/category/motor-spares/salt-river/,"Motor Spares in Salt River, Cape Town",1,sparesboyz-korean-boyz-salt-river,Sparesboyz / Korean Boyz
https://thecapetownhub.com/category/motor-spares/steenberg/,"Motor Spares in Steenberg, Cape Town",1,aqua-spares-steenberg,Aqua Spares
https://thecapetownhub.com/category/museums-heritage-sites/bo-kaap/,"Museums & Heritage Sites in Bo-Kaap, Cape Town",1,bo-kaap-museum-bo-kaap,Bo-Kaap Museum
https://thecapetownhub.com/category/museums-heritage-sites/constantia/,"Museums & Heritage Sites in Constantia, Cape Town",1,groot-constantia-constantia,Groot Constantia
https://thecapetownhub.com/category/museums-heritage-sites/district-six/,"Museums & Heritage Sites in District Six, Cape Town",1,district-six-museum-district-six,District Six Museum
https://thecapetownhub.com/category/museums-heritage-sites/langa/,"Museums & Heritage Sites in Langa, Cape Town",1,guga-sthebe-arts-and-culture-centre-langa,Guga S'thebe Arts and Culture Centre
https://thecapetownhub.com/category/museums-heritage-sites/lwandle/,"Museums & Heritage Sites in Lwandle, Cape Town",1,lwandle-migrant-labour-museum-lwandle,Lwandle Migrant Labour Museum
https://thecapetownhub.com/category/museums-heritage-sites/newlands/,"Museums & Heritage Sites in Newlands, Cape Town",1,newlands-brewery-newlands,Newlands Brewery
https://thecapetownhub.com/category/museums-heritage-sites/tokai/,"Museums & Heritage Sites in Tokai, Cape Town",1,norval-foundation-tokai,Norval Foundation
https://thecapetownhub.com/category/nurseries-garden-centres/firgrove/,"Nurseries & Garden Centres in Firgrove, Cape Town",1,algina-wholesale-nursery-firgrove,Algina Wholesale Nursery
https://thecapetownhub.com/category/nurseries-garden-centres/harfield-village/,"Nurseries & Garden Centres in Harfield Village, Cape Town",1,twigs-nursery-coffee-shop-harfield-village,Twigs Nursery & Coffee Shop
https://thecapetownhub.com/category/nurseries-garden-centres/noordhoek/,"Nurseries & Garden Centres in Noordhoek, Cape Town",1,cape-dutch-gardens-noordhoek,Cape Dutch Gardens
https://thecapetownhub.com/category/nurseries-garden-centres/sunnydale/,"Nurseries & Garden Centres in Sunnydale, Cape Town",1,harry-goemans-garden-centre-sunnydale,Harry Goemans Garden Centre
https://thecapetownhub.com/category/nurseries-garden-centres/tokai/,"Nurseries & Garden Centres in Tokai, Cape Town",1,super-plants-garden-centre-tokai,Super Plants Garden Centre
https://thecapetownhub.com/category/nurseries-garden-centres/wynberg/,"Nurseries & Garden Centres in Wynberg, Cape Town",1,chart-farm-wynberg,Chart Farm
https://thecapetownhub.com/category/opticians/bellville/,"Opticians in Bellville, Cape Town",1,nu-sight-optometrists-bellville,Nu-Sight Optometrists
https://thecapetownhub.com/category/opticians/bothasig/,"Opticians in Bothasig, Cape Town",1,specsavers-bothasig,Specsavers
https://thecapetownhub.com/category/opticians/cape-town-cbd/,"Opticians in Cape Town CBD, Cape Town",1,specsavers-golden-acre-cape-town-cbd,Specsavers Golden Acre
https://thecapetownhub.com/category/opticians/de-waterkant/,"Opticians in De Waterkant, Cape Town",1,latelier-optometrist-de-waterkant,L'Atelier Optometrist
https://thecapetownhub.com/category/opticians/edgemead/,"Opticians in Edgemead, Cape Town",1,edgemead-optical-centre-edgemead,Edgemead Optical Centre
https://thecapetownhub.com/category/opticians/fish-hoek/,"Opticians in Fish Hoek, Cape Town",1,s-and-h-optometrists-fish-hoek,S & H Optometrists
https://thecapetownhub.com/category/opticians/gardens/,"Opticians in Gardens, Cape Town",1,urban-optik-eyecare-gardens-shopping-centre-gardens,Urban Optik Eyecare
https://thecapetownhub.com/category/opticians/goodwood/,"Opticians in Goodwood, Cape Town",1,spec-savers-goodwood-mall-goodwood,Spec-Savers Goodwood Mall
https://thecapetownhub.com/category/opticians/gordons-bay/,"Opticians in Gordon's Bay, Cape Town",1,specsavers-gordons-bay,Specsavers
https://thecapetownhub.com/category/opticians/kenridge/,"Opticians in Kenridge, Cape Town",1,vdm-optometrists-kenridge-kenridge,VDM Optometrists Kenridge
https://thecapetownhub.com/category/opticians/noordhoek/,"Opticians in Noordhoek, Cape Town",1,spec-savers-noordhoek,Spec-Savers
https://thecapetownhub.com/category/opticians/observatory/,"Opticians in Observatory, Cape Town",1,neovision-optometrist-observatory,Neovision Optometrist
https://thecapetownhub.com/category/opticians/ottery/,"Opticians in Ottery, Cape Town",1,spec-savers-ottery,Spec-Savers Ottery
https://thecapetownhub.com/category/opticians/panorama/,"Opticians in Panorama, Cape Town",1,neovision-panorama-panorama,Neovision Panorama
https://thecapetownhub.com/category/opticians/pinelands/,"Opticians in Pinelands, Cape Town",1,specsavers-howard-centre-pinelands,Spec-Savers Pinelands
https://thecapetownhub.com/category/opticians/richwood/,"Opticians in Richwood, Cape Town",1,spec-savers-richmond-corner-richwood,Spec-Savers Richmond Corner
https://thecapetownhub.com/category/opticians/tokai/,"Opticians in Tokai, Cape Town",1,wayne-hodgkinson-optometrists-tokai,Wayne Hodgkinson Optometrists
https://thecapetownhub.com/category/opticians/welgemoed/,"Opticians in Welgemoed, Cape Town",1,neovision-welgemoed,Neovision Welgemoed
https://thecapetownhub.com/category/opticians/wynberg/,"Opticians in Wynberg, Cape Town",1,spec-savers-wynberg-wynberg,Spec-Savers Wynberg
https://thecapetownhub.com/category/panel-beaters-spray-painters/diep-river/,"Panel Beaters & Spray Painters in Diep River, Cape Town",1,nicol-coachworks-diep-river,Nicol Coachworks
https://thecapetownhub.com/category/panel-beaters-spray-painters/elsies-river/,"Panel Beaters & Spray Painters in Elsie's River, Cape Town",1,m-l-panelbeaters-elsies-river,M&L Panelbeaters
https://thecapetownhub.com/category/panel-beaters-spray-painters/killarney-gardens/,"Panel Beaters & Spray Painters in Killarney Gardens, Cape Town",1,tableview-coachworks-killarney-gardens,Tableview Coachworks
https://thecapetownhub.com/category/panel-beaters-spray-painters/salt-river/,"Panel Beaters & Spray Painters in Salt River, Cape Town",1,cannings-salt-river,Cannings
https://thecapetownhub.com/category/party-event-hire/boston/,"Party & Event Hire in Boston, Cape Town",1,photo-booth-world-boston,Photo Booth World
https://thecapetownhub.com/category/party-event-hire/paarden-eiland/,"Party & Event Hire in Paarden Eiland, Cape Town",1,ehire-paarden-eiland,EHIRE
https://thecapetownhub.com/category/party-event-hire/somerset-west/,"Party & Event Hire in Somerset West, Cape Town",1,party-time-somerset-west-somerset-west,Party Time Somerset West
https://thecapetownhub.com/category/pet-stores/bergvliet/,"Pet Stores & Supplies in Bergvliet, Cape Town",1,bergvliet-pet-centre-bergvliet,Bergvliet Pet Centre
https://thecapetownhub.com/category/pet-stores/bothasig/,"Pet Stores & Supplies in Bothasig, Cape Town",1,northern-aquatics-bothasig,Northern Aquatics
https://thecapetownhub.com/category/pet-stores/brackenfell/,"Pet Stores & Supplies in Brackenfell, Cape Town",1,crazy-pets-brackenfell,Crazy Pets Brackenfell Corner
https://thecapetownhub.com/category/pet-stores/crawford/,"Pet Stores & Supplies in Crawford, Cape Town",1,pet-utopia-crawford,Pet Utopia
https://thecapetownhub.com/category/pet-stores/de-waterkant/,"Pet Stores & Supplies in De Waterkant, Cape Town",1,absolute-pets-cape-quarter-de-waterkant,Absolute Pets
https://thecapetownhub.com/category/pet-stores/gardens/,"Pet Stores & Supplies in Gardens, Cape Town",1,absolute-pets-gardens-shopping-centre-gardens,Absolute Pets
https://thecapetownhub.com/category/pet-stores/grassy-park/,"Pet Stores & Supplies in Grassy Park, Cape Town",1,wizard-pets-grassy-park,Wizard Pets
https://thecapetownhub.com/category/pet-stores/kenridge/,"Pet Stores & Supplies in Kenridge, Cape Town",1,absolute-pets-kenridge,Absolute Pets
https://thecapetownhub.com/category/pet-stores/lakeside/,"Pet Stores & Supplies in Lakeside, Cape Town",1,pet-plus-lakeside-lakeside,Pet Plus Lakeside
https://thecapetownhub.com/category/pet-stores/observatory/,"Pet Stores & Supplies in Observatory, Cape Town",1,barksole-riverlands-mall-observatory,Barksole Riverlands Mall
https://thecapetownhub.com/category/pet-stores/plattekloof/,"Pet Stores & Supplies in Plattekloof, Cape Town",1,petshop-science-plattekloof-shopping-centre-plattekloof,Petshop Science
https://thecapetownhub.com/category/pet-stores/richwood/,"Pet Stores & Supplies in Richwood, Cape Town",1,absolute-pets-richmond-corner-richwood,Absolute Pets Richmond Corner
https://thecapetownhub.com/category/pet-stores/sea-point/,"Pet Stores & Supplies in Sea Point, Cape Town",1,absolute-pets-the-point-sea-point,Absolute Pets
https://thecapetownhub.com/category/pet-stores/somerset-west/,"Pet Stores & Supplies in Somerset West, Cape Town",1,absolute-pets-somerset-west,Absolute Pets
https://thecapetownhub.com/category/pet-stores/sunnydale/,"Pet Stores & Supplies in Sunnydale, Cape Town",1,about-cats-and-dogs-sun-valley-sunnydale,About Cats & Dogs Sun Valley
https://thecapetownhub.com/category/pet-stores/table-view/,"Pet Stores & Supplies in Table View, Cape Town",1,absolute-pets-flamingo-square-table-view,Absolute Pets Flamingo Square
https://thecapetownhub.com/category/pet-stores/vredehoek/,"Pet Stores & Supplies in Vredehoek, Cape Town",1,pet-kin-vredehoek,Pet Kin
https://thecapetownhub.com/category/pharmacies/bantry-bay/,"Pharmacies in Bantry Bay, Cape Town",1,bantry-bay-pharmacy-bantry-bay,Bantry Bay Pharmacy
https://thecapetownhub.com/category/pharmacies/beacon-valley/,"Pharmacies in Beacon Valley, Cape Town",1,the-local-choice-pharmacy-chemcare-beacon-valley,The Local Choice Pharmacy - Chemcare Mitchells Plain
https://thecapetownhub.com/category/pharmacies/bergvliet/,"Pharmacies in Bergvliet, Cape Town",1,pharmacy-at-spar-bergvliet-bergvliet,Pharmacy at Spar - Bergvliet
https://thecapetownhub.com/category/pharmacies/bishop-lavis/,"Pharmacies in Bishop Lavis, Cape Town",1,medirite-pharmacy-bishop-lavis-bishop-lavis,Medirite Pharmacy Bishop Lavis
https://thecapetownhub.com/category/pharmacies/bonteheuwel/,"Pharmacies in Bonteheuwel, Cape Town",1,bonteheuwel-pharmacy-bonteheuwel,Bonteheuwel Pharmacy
https://thecapetownhub.com/category/pharmacies/bothasig/,"Pharmacies in Bothasig, Cape Town",1,bothasig-pharmacy-bothasig,Bothasig Pharmacy
https://thecapetownhub.com/category/pharmacies/brooklyn/,"Pharmacies in Brooklyn, Cape Town",1,clicks-brooklyn-junction-brooklyn,Clicks Brooklyn Junction
https://thecapetownhub.com/category/pharmacies/camps-bay/,"Pharmacies in Camps Bay, Cape Town",1,lite-kem-camps-bay-pharmacy,Lite-Kem Camps Bay Pharmacy
https://thecapetownhub.com/category/pharmacies/crawford/,"Pharmacies in Crawford, Cape Town",1,vitacare-pharmacy-crawford,Vitacare Pharmacy
https://thecapetownhub.com/category/pharmacies/croydon/,"Pharmacies in Croydon, Cape Town",1,dis-chem-sitari-fields-croydon,Dis-Chem Sitari Fields
https://thecapetownhub.com/category/pharmacies/de-waterkant/,"Pharmacies in De Waterkant, Cape Town",1,clicks-cape-quarter-de-waterkant,Clicks Cape Quarter
https://thecapetownhub.com/category/pharmacies/delft/,"Pharmacies in Delft, Cape Town",1,clicks-delft-mall-delft,Clicks Delft Mall
https://thecapetownhub.com/category/pharmacies/edgemead/,"Pharmacies in Edgemead, Cape Town",1,clicks-pharmacy-edgemead,Clicks Pharmacy Edgemead
https://thecapetownhub.com/category/pharmacies/elsies-river/,"Pharmacies in Elsie's River, Cape Town",1,craven-park-pharmacy-elsies-river,Craven Park Pharmacy
https://thecapetownhub.com/category/pharmacies/fish-hoek/,"Pharmacies in Fish Hoek, Cape Town",1,warrens-pharmacy-fish-hoek,Warren's Pharmacy
https://thecapetownhub.com/category/pharmacies/gordons-bay/,"Pharmacies in Gordon's Bay, Cape Town",1,clicks-pharmacy-gordons-bay,Clicks Pharmacy
https://thecapetownhub.com/category/pharmacies/green-point/,"Pharmacies in Green Point, Cape Town",1,hypermed-pharmacy-green-point,Hypermed Pharmacy
https://thecapetownhub.com/category/pharmacies/gugulethu/,"Pharmacies in Gugulethu, Cape Town",1,clicks-gugulethu-square-gugulethu,Clicks Gugulethu Square
https://thecapetownhub.com/category/pharmacies/hanover-park/,"Pharmacies in Hanover Park, Cape Town",1,esacks-pharmacy-hanover-park,Esack's Pharmacy
https://thecapetownhub.com/category/pharmacies/kenridge/,"Pharmacies in Kenridge, Cape Town",1,kenridge-pharmacy-kenridge,Kenridge Pharmacy
https://thecapetownhub.com/category/pharmacies/kensington/,"Pharmacies in Kensington, Cape Town",1,rossiers-pharmacy-kensington,Rossiers Pharmacy
https://thecapetownhub.com/category/pharmacies/kirstenhof/,"Pharmacies in Kirstenhof, Cape Town",1,synergy-pharmacy-kirstenhof,Synergy Pharmacy
https://thecapetownhub.com/category/pharmacies/lakeside/,"Pharmacies in Lakeside, Cape Town",1,lakeside-pharmacy-lakeside,Lakeside Pharmacy
https://thecapetownhub.com/category/pharmacies/lentegeur/,"Pharmacies in Lentegeur, Cape Town",1,alpha-pharm-lentegeur-pharmacy-lentegeur,Alpha Pharm Lentegeur Pharmacy
https://thecapetownhub.com/category/pharmacies/lotus-river/,"Pharmacies in Lotus River, Cape Town",1,noormed-pharmacy-lotus-river,Noormed Pharmacy
https://thecapetownhub.com/category/pharmacies/macassar/,"Pharmacies in Macassar, Cape Town",1,belkem-pharmacy-macassar,Belkem Pharmacy
https://thecapetownhub.com/category/pharmacies/manenberg/,"Pharmacies in Manenberg, Cape Town",1,micro-kem-pharmacy-nyanga-junction-manenberg,Micro Kem Pharmacy
https://thecapetownhub.com/category/pharmacies/melkbosstrand/,"Pharmacies in Melkbosstrand, Cape Town",1,atlantic-view-pharmacy-melkbosstrand,Atlantic View Pharmacy
https://thecapetownhub.com/category/pharmacies/milnerton/,"Pharmacies in Milnerton, Cape Town",1,clicks-centre-point-milnerton,Clicks Centre Point
https://thecapetownhub.com/category/pharmacies/montague-gardens/,"Pharmacies in Montague Gardens, Cape Town",1,clicks-pharmacy-montague-gardens-montague-gardens,Clicks Pharmacy Montague Gardens
https://thecapetownhub.com/category/pharmacies/mouille-point/,"Pharmacies in Mouille Point, Cape Town",1,health-on-point-mouille-point,Health on Point
https://thecapetownhub.com/category/pharmacies/mowbray/,"Pharmacies in Mowbray, Cape Town",1,webb-and-savoy-pharmacy-mowbray,Webb and Savoy Pharmacy
https://thecapetownhub.com/category/pharmacies/noordhoek/,"Pharmacies in Noordhoek, Cape Town",1,clicks-longbeach-mall-noordhoek,Clicks Longbeach Mall
https://thecapetownhub.com/category/pharmacies/observatory/,"Pharmacies in Observatory, Cape Town",1,clicks-riverlands-mall-observatory,Clicks Riverlands Mall
https://thecapetownhub.com/category/pharmacies/panorama/,"Pharmacies in Panorama, Cape Town",1,dis-chem-panorama-healthcare-centre-panorama,Dis-Chem Pharmacy Panorama Healthcare Centre
https://thecapetownhub.com/category/pharmacies/plattekloof/,"Pharmacies in Plattekloof, Cape Town",1,clicks-plattekloof-shopping-centre-plattekloof,Clicks
https://thecapetownhub.com/category/pharmacies/retreat/,"Pharmacies in Retreat, Cape Town",1,medicare-pharmacy-retreat,Medicare Pharmacy
https://thecapetownhub.com/category/pharmacies/richwood/,"Pharmacies in Richwood, Cape Town",1,clicks-richmond-corner-richwood,Clicks Richmond Corner
https://thecapetownhub.com/category/pharmacies/rocklands/,"Pharmacies in Rocklands, Cape Town",1,rocklands-pharmacy-rocklands,Rocklands Pharmacy
https://thecapetownhub.com/category/pharmacies/rondebosch-east/,"Pharmacies in Rondebosch East, Cape Town",1,rondebosch-east-pharmacy-rondebosch-east,Rondebosch East Pharmacy
https://thecapetownhub.com/category/pharmacies/simons-town/,"Pharmacies in Simon's Town, Cape Town",1,simons-town-pharmacy-at-spar-simons-town,Simon's Town Pharmacy at SPAR
https://thecapetownhub.com/category/pharmacies/southfield/,"Pharmacies in Southfield, Cape Town",1,blackburns-pharmacy-southfield,Blackburns Pharmacy
https://thecapetownhub.com/category/pharmacies/steenberg/,"Pharmacies in Steenberg, Cape Town",1,steenberg-pharmacy-steenberg,Steenberg Pharmacy
https://thecapetownhub.com/category/pharmacies/stellenberg/,"Pharmacies in Stellenberg, Cape Town",1,stellenberg-pharmacy-stellenberg,Stellenberg Pharmacy
https://thecapetownhub.com/category/pharmacies/strandfontein/,"Pharmacies in Strandfontein, Cape Town",1,wavecrest-pharmacy-strandfontein,Wavecrest Pharmacy
https://thecapetownhub.com/category/pharmacies/sunnydale/,"Pharmacies in Sunnydale, Cape Town",1,dis-chem-sunnydale,Dis-Chem Sunnydale
https://thecapetownhub.com/category/pharmacies/three-anchor-bay/,"Pharmacies in Three Anchor Bay, Cape Town",1,clicks-pharmacy-glengariff-three-anchor-bay,Clicks Pharmacy Glengariff
https://thecapetownhub.com/category/pharmacies/welgemoed/,"Pharmacies in Welgemoed, Cape Town",1,clicks-pharmacy-welgemoed,Clicks Pharmacy Welgemoed
https://thecapetownhub.com/category/pharmacies/westgate/,"Pharmacies in Westgate, Cape Town",1,westgate-pharmacy-westgate,Westgate Pharmacy
https://thecapetownhub.com/category/pharmacies/westlake/,"Pharmacies in Westlake, Cape Town",1,clicks-westlake,Clicks
https://thecapetownhub.com/category/photographers/woodstock/,"Photographers in Woodstock, Cape Town",1,migal-vanas-photography-woodstock,Migal Vanas Photography
https://thecapetownhub.com/category/physiotherapists/bothasig/,"Physiotherapists in Bothasig, Cape Town",1,lizelle-van-viegen-physiotherapist-bothasig,Lizelle Van Viegen Physiotherapist
https://thecapetownhub.com/category/physiotherapists/de-waterkant/,"Physiotherapists in De Waterkant, Cape Town",1,sparc-rehabilitation-centre-de-waterkant,SPARC Rehabilitation Centre
https://thecapetownhub.com/category/physiotherapists/grassy-park/,"Physiotherapists in Grassy Park, Cape Town",1,dilshaad-oosthuizen-physiotherapy-grassy-park,Dilshaad Oosthuizen Physiotherapy
https://thecapetownhub.com/category/physiotherapists/sea-point/,"Physiotherapists in Sea Point, Cape Town",1,chiropractic-health-centre-sea-point,The Chiropractic Health Centre
https://thecapetownhub.com/category/physiotherapists/table-view/,"Physiotherapists in Table View, Cape Town",1,mandy-knaap-physiotherapy-table-view,Mandy Knaap Physiotherapy
https://thecapetownhub.com/category/physiotherapists/vredehoek/,"Physiotherapists in Vredehoek, Cape Town",1,catherine-chambers-physiotherapy-pilates-vredehoek,Catherine Chambers Physiotherapy & Pilates
https://thecapetownhub.com/category/plumbers/montague-gardens/,"Plumbers in Montague Gardens, Cape Town",1,monster-plumbing-montague-gardens,Monster Plumbing
https://thecapetownhub.com/category/plumbers/monte-vista/,"Plumbers in Monte Vista, Cape Town",1,thumbs-up-plumbing-construction-monte-vista,Thumbs Up Plumbing & Construction
https://thecapetownhub.com/category/printing-services/constantia/,"Printing Services in Constantia, Cape Town",1,postnet-constantia-constantia,PostNet Constantia
https://thecapetownhub.com/category/printing-services/de-waterkant/,"Printing Services in De Waterkant, Cape Town",1,postnet-cape-quarter-de-waterkant,PostNet
https://thecapetownhub.com/category/printing-services/eerste-river/,"Printing Services in Eerste River, Cape Town",1,postnet-eerste-river,PostNet Eerste River
https://thecapetownhub.com/category/printing-services/gardens/,"Printing Services in Gardens, Cape Town",1,postnet-gardens-shopping-centre-gardens,PostNet
https://thecapetownhub.com/category/printing-services/kenilworth/,"Printing Services in Kenilworth, Cape Town",1,postnet-kenilworth-kenilworth,PostNet Kenilworth
https://thecapetownhub.com/category/printing-services/kenridge/,"Printing Services in Kenridge, Cape Town",1,pixel-place-copy-and-print-kenridge,Pixel Place Copy and Print
https://thecapetownhub.com/category/printing-services/kuils-river/,"Printing Services in Kuils River, Cape Town",1,postnet-kuilsriver-kuils-river,PostNet Kuilsriver
https://thecapetownhub.com/category/printing-services/maitland/,"Printing Services in Maitland, Cape Town",1,maitcomp-printers-maitland,Maitcomp Printers
https://thecapetownhub.com/category/printing-services/ndabeni/,"Printing Services in Ndabeni, Cape Town",1,freeline-ndabeni,Freeline
https://thecapetownhub.com/category/printing-services/observatory/,"Printing Services in Observatory, Cape Town",1,postnet-riverlands-observatory,PostNet Riverlands
https://thecapetownhub.com/category/printing-services/parklands/,"Printing Services in Parklands, Cape Town",1,postnet-emporium-parklands,PostNet Emporium Parklands
https://thecapetownhub.com/category/printing-services/pinelands/,"Printing Services in Pinelands, Cape Town",1,postnet-howard-centre-pinelands,PostNet
https://thecapetownhub.com/category/printing-services/plattekloof/,"Printing Services in Plattekloof, Cape Town",1,postnet-plattekloof-shopping-centre-plattekloof,PostNet
https://thecapetownhub.com/category/printing-services/plumstead/,"Printing Services in Plumstead, Cape Town",1,plan-b-copy-plumstead,Plan B Copy
https://thecapetownhub.com/category/printing-services/rondebosch/,"Printing Services in Rondebosch, Cape Town",1,colour-and-copy-solutions-rondebosch,Colour & Copy Solutions
https://thecapetownhub.com/category/printing-services/sunnydale/,"Printing Services in Sunnydale, Cape Town",1,postnet-sun-valley-sunnydale,PostNet Sun Valley
https://thecapetownhub.com/category/recruitment-hr-services/table-view/,"Recruitment & HR Services in Table View, Cape Town",1,west-coast-personnel-table-view,West Coast Personnel
https://thecapetownhub.com/category/restaurants-takeaways/athlone/,"Restaurants & Takeaways in Athlone, Cape Town",1,ocean-basket-vangate-mall-athlone,Ocean Basket Vangate Mall
https://thecapetownhub.com/category/restaurants-takeaways/bakoven/,"Restaurants & Takeaways in Bakoven, Cape Town",1,bootlegger-bakoven,Bootlegger Coffee Company (Bakoven)
https://thecapetownhub.com/category/restaurants-takeaways/beacon-valley/,"Restaurants & Takeaways in Beacon Valley, Cape Town",1,romans-pizza-liberty-promenade-beacon-valley,Romans Pizza Liberty Promenade
https://thecapetownhub.com/category/restaurants-takeaways/belhar/,"Restaurants & Takeaways in Belhar, Cape Town",1,debonairs-pizza-cavalier-belhar,Debonairs Pizza Cavalier Belhar
https://thecapetownhub.com/category/restaurants-takeaways/bellville/,"Restaurants & Takeaways in Bellville, Cape Town",1,reno-spur-bellville,Reno Spur
https://thecapetownhub.com/category/restaurants-takeaways/clifton/,"Restaurants & Takeaways in Clifton, Cape Town",1,the-bungalow-clifton,The Bungalow
https://thecapetownhub.com/category/restaurants-takeaways/colorado/,"Restaurants & Takeaways in Colorado, Cape Town",1,vds-roadhouse-colorado,VDS Roadhouse
https://thecapetownhub.com/category/restaurants-takeaways/dreyersdal/,"Restaurants & Takeaways in Dreyersdal, Cape Town",1,nandos-tokai-drive-thru-dreyersdal,Nando's Tokai Drive Thru
https://thecapetownhub.com/category/restaurants-takeaways/edgemead/,"Restaurants & Takeaways in Edgemead, Cape Town",1,vida-e-caffe-edgemead,Vida e Caffe
https://thecapetownhub.com/category/restaurants-takeaways/mandela-park/,"Restaurants & Takeaways in Mandela Park, Cape Town",1,kfc-khaya-corner-mandela-park,KFC Khaya Corner
https://thecapetownhub.com/category/restaurants-takeaways/nyanga/,"Restaurants & Takeaways in Nyanga, Cape Town",1,maphindis-braai-place-nyanga,Maphindi's Braai Place
https://thecapetownhub.com/category/restaurants-takeaways/rocklands/,"Restaurants & Takeaways in Rocklands, Cape Town",1,kfc-total-rocklands-rocklands,KFC Total Rocklands
https://thecapetownhub.com/category/restaurants-takeaways/rugby/,"Restaurants & Takeaways in Rugby, Cape Town",1,portuguese-club-rugby,Portuguese Club
https://thecapetownhub.com/category/restaurants-takeaways/st-james/,"Restaurants & Takeaways in St James, Cape Town",1,folk-cafe-st-james,Folk Cafe
https://thecapetownhub.com/category/restaurants-takeaways/steenberg/,"Restaurants & Takeaways in Steenberg, Cape Town",1,hungry-lion-steenberg-steenberg,Hungry Lion Steenberg
https://thecapetownhub.com/category/restaurants-takeaways/stellenberg/,"Restaurants & Takeaways in Stellenberg, Cape Town",1,stellenberg-vissery-stellenberg,Stellenberg Vissery
https://thecapetownhub.com/category/restaurants-takeaways/sunnydale/,"Restaurants & Takeaways in Sunnydale, Cape Town",1,cafe-and-deli-at-harry-goemans-sunnydale,The Cafe and Deli at Harry Goemans
https://thecapetownhub.com/category/restaurants-takeaways/thornton/,"Restaurants & Takeaways in Thornton, Cape Town",1,kfc-thornton,KFC Thornton
https://thecapetownhub.com/category/restaurants-takeaways/walmer-estate/,"Restaurants & Takeaways in Walmer Estate, Cape Town",1,ghazala-food-cafe-walmer-estate,Ghazala Food & Cafe
https://thecapetownhub.com/category/restaurants-takeaways/westgate/,"Restaurants & Takeaways in Westgate, Cape Town",1,kfc-westgate-mall-westgate,KFC Westgate Mall
https://thecapetownhub.com/category/schools-education/bishopscourt/,"Schools & Education in Bishopscourt, Cape Town",1,international-school-of-cape-town-bishopscourt,International School of Cape Town
https://thecapetownhub.com/category/schools-education/firgrove/,"Schools & Education in Firgrove, Cape Town",1,firgrove-primary-school-firgrove,Firgrove Primary School
https://thecapetownhub.com/category/schools-education/heideveld/,"Schools & Education in Heideveld, Cape Town",1,heideveld-secondary-school-heideveld,Heideveld Secondary School
https://thecapetownhub.com/category/schools-education/joe-slovo-park/,"Schools & Education in Joe Slovo Park, Cape Town",1,sinenjongo-high-school-joe-slovo-park,Sinenjongo High School
https://thecapetownhub.com/category/schools-education/lavender-hill/,"Schools & Education in Lavender Hill, Cape Town",1,lavender-hill-high-school-lavender-hill,Lavender Hill High School
https://thecapetownhub.com/category/schools-education/lentegeur/,"Schools & Education in Lentegeur, Cape Town",1,merrydale-primary-school-lentegeur,Merrydale Primary School
https://thecapetownhub.com/category/schools-education/muizenberg/,"Schools & Education in Muizenberg, Cape Town",1,garys-surf-school-muizenberg,Gary's Surf School
https://thecapetownhub.com/category/schools-education/ndabeni/,"Schools & Education in Ndabeni, Cape Town",1,tsiba-business-school-ndabeni,TSIBA Business School
https://thecapetownhub.com/category/schools-education/ottery/,"Schools & Education in Ottery, Cape Town",1,kingdom-kidz-educare-academy-ottery,Kingdom Kidz Educare Academy
https://thecapetownhub.com/category/schools-education/rosebank/,"Schools & Education in Rosebank, Cape Town",1,rosebank-progress-college-rosebank,Rosebank Progress College
https://thecapetownhub.com/category/schools-education/simons-town/,"Schools & Education in Simon's Town, Cape Town",1,pisces-divers-simons-town,Pisces Divers
https://thecapetownhub.com/category/schools-education/somerset-west/,"Schools & Education in Somerset West, Cape Town",1,somerset-west-private-school-somerset-west,Somerset West Private School
https://thecapetownhub.com/category/schools-education/southfield/,"Schools & Education in Southfield, Cape Town",1,southfield-primary-school-southfield,Southfield Primary School
https://thecapetownhub.com/category/schools-education/stellenberg/,"Schools & Education in Stellenberg, Cape Town",1,stellenberg-high-school-stellenberg,Stellenberg High School
https://thecapetownhub.com/category/schools-education/sun-valley/,"Schools & Education in Sun Valley, Cape Town",1,sun-valley-primary-school-sun-valley,Sun Valley Primary School
https://thecapetownhub.com/category/schools-education/walmer-estate/,"Schools & Education in Walmer Estate, Cape Town",1,walmer-estate-primary-school-walmer-estate,Walmer Estate Primary School
https://thecapetownhub.com/category/schools-education/woodstock/,"Schools & Education in Woodstock, Cape Town",1,design-academy-of-fashion-woodstock,Design Academy of Fashion
https://thecapetownhub.com/category/schools-education/zonnebloem/,"Schools & Education in Zonnebloem, Cape Town",1,zonnebloem-boys-primary-school-zonnebloem,Zonnebloem Boys Primary School
https://thecapetownhub.com/category/security-services/brooklyn/,"Security Services in Brooklyn, Cape Town",1,elvey-security-technologies-brooklyn,Elvey Security Technologies
https://thecapetownhub.com/category/security-services/diep-river/,"Security Services in Diep River, Cape Town",1,combat-force-cape-cc-diep-river,Combat Force Cape CC
https://thecapetownhub.com/category/shoe-stores/eerste-river/,"Shoe Stores in Eerste River, Cape Town",1,footgear-eerste-river,Footgear
https://thecapetownhub.com/category/shoe-stores/elsies-river/,"Shoe Stores in Elsie's River, Cape Town",1,bolton-shoes-elsies-river,Bolton Shoes
https://thecapetownhub.com/category/shoe-stores/goodwood/,"Shoe Stores in Goodwood, Cape Town",1,jordan-footwear-factory-outlet-goodwood,Jordan Footwear Factory Outlet
https://thecapetownhub.com/category/shoe-stores/paarden-eiland/,"Shoe Stores in Paarden Eiland, Cape Town",1,trenton-paarden-eiland,Trenton
https://thecapetownhub.com/category/shoe-stores/philippi/,"Shoe Stores in Philippi, Cape Town",1,tekkie-town-the-junxion-mall-philippi,Tekkie Town
https://thecapetownhub.com/category/shoe-stores/sea-point/,"Shoe Stores in Sea Point, Cape Town",1,barksole-sea-point-sea-point,Barksole Sea Point
https://thecapetownhub.com/category/software-development/somerset-west/,"Software Development in Somerset West, Cape Town",1,superjupiter-pty-ltd-somerset-west,SuperJupiter (Pty) Ltd
https://thecapetownhub.com/category/solar-renewable-energy/ndabeni/,"Solar & Renewable Energy in Ndabeni, Cape Town",1,voltmill-ndabeni,Voltmill
https://thecapetownhub.com/category/spas-wellness/brackenfell/,"Spas & Wellness in Brackenfell, Cape Town",1,wellness-warehouse-glengarry-shopping-centre-brackenfell,Wellness Warehouse Glengarry
https://thecapetownhub.com/category/spas-wellness/de-waterkant/,"Spas & Wellness in De Waterkant, Cape Town",1,lume-beauty-atelier-de-waterkant,Lume Beauty Atelier
https://thecapetownhub.com/category/spas-wellness/gardens/,"Spas & Wellness in Gardens, Cape Town",1,wellness-warehouse-lifestyle-on-kloof-gardens,Wellness Warehouse
https://thecapetownhub.com/category/spas-wellness/green-point/,"Spas & Wellness in Green Point, Cape Town",1,sapphire-spa-green-point,Sapphire Spa
https://thecapetownhub.com/category/spas-wellness/kenilworth/,"Spas & Wellness in Kenilworth, Cape Town",1,sorbet-salon-kenilworth-on-main-kenilworth,Sorbet Salon Kenilworth on Main
https://thecapetownhub.com/category/spas-wellness/kensington/,"Spas & Wellness in Kensington, Cape Town",1,dew-spa-kensington,Dew Spa
https://thecapetownhub.com/category/spas-wellness/lakeside/,"Spas & Wellness in Lakeside, Cape Town",1,rouge-day-spa-lakeside,Rouge Day Spa Old Bakery
https://thecapetownhub.com/category/spas-wellness/meadowridge/,"Spas & Wellness in Meadowridge, Cape Town",1,village-skincare-medi-spa-meadowridge,Village Skincare & Medi Spa
https://thecapetownhub.com/category/spas-wellness/monte-vista/,"Spas & Wellness in Monte Vista, Cape Town",1,beauty-zone-monte-vista,Beauty Zone
https://thecapetownhub.com/category/spas-wellness/observatory/,"Spas & Wellness in Observatory, Cape Town",1,skin-recode-observatory,Skin Recode
https://thecapetownhub.com/category/spas-wellness/rondebosch-east/,"Spas & Wellness in Rondebosch East, Cape Town",1,authentic-aesthetics-sa-rondebosch-east,Authentic Aesthetics S.A
https://thecapetownhub.com/category/spas-wellness/southfield/,"Spas & Wellness in Southfield, Cape Town",1,natural-body-therapy-southfield,Natural Body Therapy
https://thecapetownhub.com/category/spas-wellness/vredehoek/,"Spas & Wellness in Vredehoek, Cape Town",1,the-best-laser-skin-vredehoek,The Best Laser & Skin
https://thecapetownhub.com/category/supermarkets-groceries/beacon-valley/,"Supermarkets & Groceries in Beacon Valley, Cape Town",1,woolworths-liberty-promenade-beacon-valley,Woolworths Liberty Promenade
https://thecapetownhub.com/category/supermarkets-groceries/blue-downs/,"Supermarkets & Groceries in Blue Downs, Cape Town",1,shoprite-blue-downs,Shoprite Blue Downs
https://thecapetownhub.com/category/supermarkets-groceries/camps-bay/,"Supermarkets & Groceries in Camps Bay, Cape Town",1,woolworths-the-promenade-camps-bay,Woolworths
https://thecapetownhub.com/category/supermarkets-groceries/cape-town-cbd/,"Supermarkets & Groceries in Cape Town CBD, Cape Town",1,shoprite-golden-acre-cape-town-cbd,Shoprite
https://thecapetownhub.com/category/supermarkets-groceries/claremont/,"Supermarkets & Groceries in Claremont, Cape Town",1,pick-n-pay-claremont-claremont,Pick n Pay Claremont
https://thecapetownhub.com/category/supermarkets-groceries/colorado/,"Supermarkets & Groceries in Colorado, Cape Town",1,usave-colorado-colorado,Usave Colorado
https://thecapetownhub.com/category/supermarkets-groceries/crawford/,"Supermarkets & Groceries in Crawford, Cape Town",1,kwikspar-kromboom-crawford,KwikSpar Kromboom
https://thecapetownhub.com/category/supermarkets-groceries/de-waterkant/,"Supermarkets & Groceries in De Waterkant, Cape Town",1,spar-cape-quarter-de-waterkant,SPAR Cape Quarter
https://thecapetownhub.com/category/supermarkets-groceries/delft/,"Supermarkets & Groceries in Delft, Cape Town",1,shoprite-delft,Shoprite
https://thecapetownhub.com/category/supermarkets-groceries/epping/,"Supermarkets & Groceries in Epping, Cape Town",1,giant-hyper-epping,Giant Hyper
https://thecapetownhub.com/category/supermarkets-groceries/firgrove/,"Supermarkets & Groceries in Firgrove, Cape Town",1,spar-firgrove-firgrove,SPAR Firgrove
https://thecapetownhub.com/category/supermarkets-groceries/glencairn/,"Supermarkets & Groceries in Glencairn, Cape Town",1,kwikspar-glencairn-glencairn,Kwikspar Glencairn
https://thecapetownhub.com/category/supermarkets-groceries/gugulethu/,"Supermarkets & Groceries in Gugulethu, Cape Town",1,spar-gugulethu-square-gugulethu,SPAR Gugulethu Square
https://thecapetownhub.com/category/supermarkets-groceries/hout-bay/,"Supermarkets & Groceries in Hout Bay, Cape Town",1,woolworths-hout-bay,Woolworths Hout Bay
https://thecapetownhub.com/category/supermarkets-groceries/kensington/,"Supermarkets & Groceries in Kensington, Cape Town",1,spar-kensington-shopping-centre-kensington,SPAR
https://thecapetownhub.com/category/supermarkets-groceries/langa/,"Supermarkets & Groceries in Langa, Cape Town",1,shoprite-langa-junction-langa,Shoprite Langa Junction
https://thecapetownhub.com/category/supermarkets-groceries/lavender-hill/,"Supermarkets & Groceries in Lavender Hill, Cape Town",1,rite-price-supermarket-lavender-hill,Rite Price Supermarket
https://thecapetownhub.com/category/supermarkets-groceries/lentegeur/,"Supermarkets & Groceries in Lentegeur, Cape Town",1,shoprite-lentegeur-lentegeur,Shoprite Lentegeur
https://thecapetownhub.com/category/supermarkets-groceries/maitland/,"Supermarkets & Groceries in Maitland, Cape Town",1,pick-n-pay-maitland-square-maitland,Pick n Pay Maitland Square
https://thecapetownhub.com/category/supermarkets-groceries/mandalay/,"Supermarkets & Groceries in Mandalay, Cape Town",1,shoprite-mandalay-mandalay,Shoprite Mandalay
https://thecapetownhub.com/category/supermarkets-groceries/mandela-park/,"Supermarkets & Groceries in Mandela Park, Cape Town",1,mandela-park-spar-mandela-park,Mandela Park Spar
https://thecapetownhub.com/category/supermarkets-groceries/manenberg/,"Supermarkets & Groceries in Manenberg, Cape Town",1,shoprite-nyanga-junction-manenberg,Shoprite Nyanga Junction
https://thecapetownhub.com/category/supermarkets-groceries/matroosfontein/,"Supermarkets & Groceries in Matroosfontein, Cape Town",1,shoprite-charlesville-matroosfontein,Shoprite Charlesville
https://thecapetownhub.com/category/supermarkets-groceries/monte-vista/,"Supermarkets & Groceries in Monte Vista, Cape Town",1,pick-n-pay-local-monte-vista,Pick n Pay Local Monte Vista
https://thecapetownhub.com/category/supermarkets-groceries/mowbray/,"Supermarkets & Groceries in Mowbray, Cape Town",1,shoprite-mowbray,Shoprite Mowbray
https://thecapetownhub.com/category/supermarkets-groceries/newlands/,"Supermarkets & Groceries in Newlands, Cape Town",1,woolworths-dean-street-arcade-newlands,Woolworths Dean Street
https://thecapetownhub.com/category/supermarkets-groceries/nyanga/,"Supermarkets & Groceries in Nyanga, Cape Town",1,ndwamba-market-nyanga,Ndwamba Market
https://thecapetownhub.com/category/supermarkets-groceries/observatory/,"Supermarkets & Groceries in Observatory, Cape Town",1,asian-mart-riverlands-observatory,Asian Mart
https://thecapetownhub.com/category/supermarkets-groceries/panorama/,"Supermarkets & Groceries in Panorama, Cape Town",1,pick-n-pay-panorama-shopping-centre-panorama,Pick n Pay Panorama
https://thecapetownhub.com/category/supermarkets-groceries/parklands/,"Supermarkets & Groceries in Parklands, Cape Town",1,food-lovers-market-parklands,Food Lover's Market Parklands
https://thecapetownhub.com/category/supermarkets-groceries/parow/,"Supermarkets & Groceries in Parow, Cape Town",1,shoprite-parow,Shoprite Parow
https://thecapetownhub.com/category/supermarkets-groceries/retreat/,"Supermarkets & Groceries in Retreat, Cape Town",1,shoprite-retreat-retreat,Shoprite Retreat
https://thecapetownhub.com/category/supermarkets-groceries/rocklands/,"Supermarkets & Groceries in Rocklands, Cape Town",1,shoprite-rocklands-rocklands,Shoprite Rocklands
https://thecapetownhub.com/category/supermarkets-groceries/rondebosch-east/,"Supermarkets & Groceries in Rondebosch East, Cape Town",1,kwikspar-kromboom-rondebosch-east,KwikSpar Kromboom
https://thecapetownhub.com/category/supermarkets-groceries/rugby/,"Supermarkets & Groceries in Rugby, Cape Town",1,usave-rugby-rugby,Usave Rugby
https://thecapetownhub.com/category/supermarkets-groceries/ruyterwacht/,"Supermarkets & Groceries in Ruyterwacht, Cape Town",1,saverite-ruyterwacht,Saverite
https://thecapetownhub.com/category/supermarkets-groceries/southfield/,"Supermarkets & Groceries in Southfield, Cape Town",1,shoprite-southfield,Shoprite Southfield
https://thecapetownhub.com/category/supermarkets-groceries/stellenberg/,"Supermarkets & Groceries in Stellenberg, Cape Town",1,kwikspar-stellenberg-stellenberg,KWIKSPAR Stellenberg
https://thecapetownhub.com/category/supermarkets-groceries/strandfontein/,"Supermarkets & Groceries in Strandfontein, Cape Town",1,kwikspar-strandfontein-strandfontein,KWIKSPAR Strandfontein
https://thecapetownhub.com/category/supermarkets-groceries/va-waterfront/,"Supermarkets & Groceries in V&A Waterfront, Cape Town",1,woolworths-va-waterfront,Woolworths
https://thecapetownhub.com/category/supermarkets-groceries/vredehoek/,"Supermarkets & Groceries in Vredehoek, Cape Town",1,kwikspar-vredehoek,KwikSpar Vredehoek
https://thecapetownhub.com/category/supermarkets-groceries/westlake/,"Supermarkets & Groceries in Westlake, Cape Town",1,checkers-westlake,Checkers
https://thecapetownhub.com/category/supermarkets-groceries/westridge/,"Supermarkets & Groceries in Westridge, Cape Town",1,shoprite-westridge-westridge,Shoprite Westridge
https://thecapetownhub.com/category/supermarkets-groceries/woodstock/,"Supermarkets & Groceries in Woodstock, Cape Town",1,spar-woodstock-quarter-woodstock,SPAR Woodstock Quarter
https://thecapetownhub.com/category/supermarkets-groceries/wynberg/,"Supermarkets & Groceries in Wynberg, Cape Town",1,shoprite-maynard-mall-wynberg,Shoprite
https://thecapetownhub.com/category/supermarkets-groceries/zonnebloem/,"Supermarkets & Groceries in Zonnebloem, Cape Town",1,nude-foods-zonnebloem,Nude Foods
https://thecapetownhub.com/category/toy-stores/parow/,"Toy Stores in Parow, Cape Town",1,factory-toy-shop-parow,Factory Toy Shop
https://thecapetownhub.com/category/travel-agents/kenwyn/,"Travel Agents in Kenwyn, Cape Town",1,taaz-tours-kenwyn,Taaz Tours
https://thecapetownhub.com/category/travel-agents/rondebosch/,"Travel Agents in Rondebosch, Cape Town",1,sure-2-travel-rondebosch,Sure 2 Travel
https://thecapetownhub.com/category/travel-agents/simons-town/,"Travel Agents in Simon's Town, Cape Town",1,simons-town-boat-company-simons-town,Simon's Town Boat Company
https://thecapetownhub.com/category/travel-agents/somerset-west/,"Travel Agents in Somerset West, Cape Town",1,flight-centre-waterstone-village-somerset-west,Flight Centre
https://thecapetownhub.com/category/vets-animal-care/bergvliet/,"Vets & Animal Care in Bergvliet, Cape Town",1,st-francis-veterinary-clinic-bergvliet,St Francis Veterinary Clinic
https://thecapetownhub.com/category/vets-animal-care/brackenfell/,"Vets & Animal Care in Brackenfell, Cape Town",1,brackenfell-dierekliniek-animal-clinic-brackenfell,Brackenfell Dierekliniek / Animal Clinic
https://thecapetownhub.com/category/vets-animal-care/fish-hoek/,"Vets & Animal Care in Fish Hoek, Cape Town",1,fish-hoek-veterinary-clinic-fish-hoek,Fish Hoek Veterinary Clinic
https://thecapetownhub.com/category/vets-animal-care/green-point/,"Vets & Animal Care in Green Point, Cape Town",1,tah-green-point-green-point,TAH Green Point
https://thecapetownhub.com/category/vets-animal-care/kenilworth/,"Vets & Animal Care in Kenilworth, Cape Town",1,tah-kenilworth,TAH Kenilworth
https://thecapetownhub.com/category/vets-animal-care/kenridge/,"Vets & Animal Care in Kenridge, Cape Town",1,tah-kenridge-kenridge,TAH Kenridge
https://thecapetownhub.com/category/vets-animal-care/kommetjie/,"Vets & Animal Care in Kommetjie, Cape Town",1,kommetjie-village-vet-kommetjie,Kommetjie Village Vet
https://thecapetownhub.com/category/vets-animal-care/mandela-park/,"Vets & Animal Care in Mandela Park, Cape Town",1,mdzananda-animal-clinic-mandela-park,Mdzananda Animal Clinic
https://thecapetownhub.com/category/vets-animal-care/noordhoek/,"Vets & Animal Care in Noordhoek, Cape Town",1,noordhoek-veterinary-clinic-noordhoek,Noordhoek Veterinary Clinic
https://thecapetownhub.com/category/vets-animal-care/panorama/,"Vets & Animal Care in Panorama, Cape Town",1,panorama-veterinary-clinic-specialist-centre-panorama,Panorama Veterinary Clinic & Specialist Centre
https://thecapetownhub.com/category/vets-animal-care/plattekloof/,"Vets & Animal Care in Plattekloof, Cape Town",1,the-village-vetshop-plattekloof-village-plattekloof,The Village Vetshop
https://thecapetownhub.com/category/vets-animal-care/rondebosch/,"Vets & Animal Care in Rondebosch, Cape Town",1,rondebosch-veterinary-hospital-rondebosch,Rondebosch Veterinary Hospital
https://thecapetownhub.com/category/vets-animal-care/sea-point/,"Vets & Animal Care in Sea Point, Cape Town",1,vetpoint-clinic-sea-point,VetPoint Clinic
https://thecapetownhub.com/category/vets-animal-care/sun-valley/,"Vets & Animal Care in Sun Valley, Cape Town",1,fourways-veterinary-clinic-sun-valley,Fourways Veterinary Clinic
https://thecapetownhub.com/category/vets-animal-care/sunnydale/,"Vets & Animal Care in Sunnydale, Cape Town",1,tears-animal-rescue-sunnydale,TEARS Animal Rescue
https://thecapetownhub.com/category/vets-animal-care/tamboerskloof/,"Vets & Animal Care in Tamboerskloof, Cape Town",1,citivet-tamboerskloof-tamboerskloof,Citivet Tamboerskloof
https://thecapetownhub.com/category/vets-animal-care/tokai/,"Vets & Animal Care in Tokai, Cape Town",1,ou-kaapse-vet-tokai,Ou Kaapse Vet
https://thecapetownhub.com/category/vets-animal-care/vredehoek/,"Vets & Animal Care in Vredehoek, Cape Town",1,citivet-gardens-vredehoek,Citivet Gardens
https://thecapetownhub.com/category/wedding-services/eversdal/,"Wedding Services in Eversdal, Cape Town",1,richelles-wedding-dresses-eversdal,Richelles Wedding Dresses
https://thecapetownhub.com/category/accommodation/bo-kaap/,"Accommodation in Bo-Kaap, Cape Town",2,rose-lodge-bo-kaap | rouge-on-rose-bo-kaap,Rose Lodge | Rouge on Rose Boutique Hotel
https://thecapetownhub.com/category/accommodation/camps-bay/,"Accommodation in Camps Bay, Cape Town",2,61-on-camps-bay-camps-bay | finchley-guest-house-camps-bay,61 On Camps Bay | Finchley Guest House
https://thecapetownhub.com/category/accommodation/oranjezicht/,"Accommodation in Oranjezicht, Cape Town",2,belvedere-folly-oranjezicht | four-rosmead-oranjezicht,Belvedere Folly | Four Rosmead
https://thecapetownhub.com/category/accommodation/panorama/,"Accommodation in Panorama, Cape Town",2,lotz-of-joy-guesthouse-panorama | ramasibi-guest-services-panorama,Lotz of Joy Guesthouse | Ramasibi Guest Services
https://thecapetownhub.com/category/accommodation/rosebank/,"Accommodation in Rosebank, Cape Town",2,campuskey-rosebank-rosebank | medindi-manor-rosebank,CampusKey Rosebank | Medindi Manor
https://thecapetownhub.com/category/accommodation/three-anchor-bay/,"Accommodation in Three Anchor Bay, Cape Town",2,anchor-bay-workation-three-anchor-bay | bayflowers-guesthouse-three-anchor-bay,Anchor Bay Workation | Bayflowers Guesthouse
https://thecapetownhub.com/category/accommodation/welgemoed/,"Accommodation in Welgemoed, Cape Town",2,bell-rosen-guesthouse-welgemoed | the-welgemoed-guesthouse-welgemoed,Bell Rosen Guesthouse | The Welgemoed Guesthouse
https://thecapetownhub.com/category/attorneys-legal/panorama/,"Attorneys & Legal Services in Panorama, Cape Town",2,heyns-and-partners-panorama | lotter-attorneys-panorama,Heyns & Partners Inc | Lotter Attorneys
https://thecapetownhub.com/category/attorneys-legal/somerset-west/,"Attorneys & Legal Services in Somerset West, Cape Town",2,mlv-law-somerset-west | morkel-de-villiers-inc-somerset-west,MLV Law | Morkel & De Villiers Inc
https://thecapetownhub.com/category/automotive-repairs/brooklyn/,"Automotive & Repairs in Brooklyn, Cape Town",2,formula-1-fitment-centre-brooklyn | pro-fit-exhausts-brooklyn,Formula 1 Fitment Centre | Pro-Fit Exhausts
https://thecapetownhub.com/category/automotive-repairs/de-waterkant/,"Automotive & Repairs in De Waterkant, Cape Town",2,ryans-car-wash-de-waterkant | veloce-luxury-car-rental-de-waterkant,Ryan's Car Wash | Veloce Luxury Car Rental
https://thecapetownhub.com/category/automotive-repairs/epping/,"Automotive & Repairs in Epping, Cape Town",2,jmr-body-works-epping | leopards-panel-beaters-epping,JMR Body Works | Leopards Panel Beaters
https://thecapetownhub.com/category/bakeries/athlone/,"Bakeries in Athlone, Cape Town",2,the-cake-shop-athlone | wembley-bakery-athlone,The Cake Shop | Wembley Bakery
https://thecapetownhub.com/category/bakeries/kenilworth/,"Bakeries in Kenilworth, Cape Town",2,knead-bakery-cafe-kenilworth | oakhurst-farmstall-kenilworth,Knead Bakery & Cafe | Oakhurst Farmstall
https://thecapetownhub.com/category/bakeries/maitland/,"Bakeries in Maitland, Cape Town",2,broadway-confectionery-bakery-maitland | formentos-bakery-take-aways-maitland,Broadway Confectionery & Bakery | Formentos Bakery & Take-Aways
https://thecapetownhub.com/category/bakeries/newlands/,"Bakeries in Newlands, Cape Town",2,knead-dean-street-newlands | paradise-road-newlands,Knead Dean Street | Paradise Road
https://thecapetownhub.com/category/bakeries/zonnebloem/,"Bakeries in Zonnebloem, Cape Town",2,charlys-bakery-zonnebloem | new-york-bagels-zonnebloem,Charly's Bakery | New York Bagels
https://thecapetownhub.com/category/beauty-hair-salons/bonteheuwel/,"Beauty & Hair Salons in Bonteheuwel, Cape Town",2,gentspride-barbershop-bonteheuwel | kc-thebarbershop-bonteheuwel,Gentspride Barbershop | KC TheBarberShop
https://thecapetownhub.com/category/beauty-hair-salons/brooklyn/,"Beauty & Hair Salons in Brooklyn, Cape Town",2,billboard-barbershop-brooklyn | the-luxe-beaute-co-brooklyn,Billboard Barbershop | The Luxe Beauté Co.
https://thecapetownhub.com/category/beauty-hair-salons/kenilworth/,"Beauty & Hair Salons in Kenilworth, Cape Town",2,be-dazzle-hair-and-beauty-salon-kenilworth | hair-freedom-kenilworth,Be-Dazzle Hair and Beauty Salon | Hair Freedom
https://thecapetownhub.com/category/beauty-hair-salons/kuils-river/,"Beauty & Hair Salons in Kuils River, Cape Town",2,norma-jeans-beauty-salon-and-tattoo-parlor-kuils-river | salon-jean-paul-kuilsriver-kuils-river,Norma-Jean's Beauty Salon and Tattoo Parlor | Salon Jean Paul Kuilsriver
https://thecapetownhub.com/category/beauty-hair-salons/lotus-river/,"Beauty & Hair Salons in Lotus River, Cape Town",2,jackies-on-5th-lotus-river | miss-jzs-hair-and-beauty-bar-lotus-river,Jackie's On 5th | Miss J'z Hair and Beauty Bar
https://thecapetownhub.com/category/beauty-hair-salons/richwood/,"Beauty & Hair Salons in Richwood, Cape Town",2,beauty-place-richwood | sorbet-richmond-corner-richwood,Beauty Place | Sorbet Richmond Corner
https://thecapetownhub.com/category/beauty-hair-salons/sea-point/,"Beauty & Hair Salons in Sea Point, Cape Town",2,sorbet-sea-point-the-point-sea-point | yemaya-hair-spa-sea-point,Sorbet Sea Point | Yemaya Hair & Spa
https://thecapetownhub.com/category/beauty-hair-salons/strand/,"Beauty & Hair Salons in Strand, Cape Town",2,mark-one-hair-design-strand | salon-suzette-strand,Mark One Hair Design | Salon Suzette
https://thecapetownhub.com/category/beauty-hair-salons/tokai/,"Beauty & Hair Salons in Tokai, Cape Town",2,carlton-hair-blue-route-tokai | sorbet-steenberg-village-tokai,Carlton Hair - Blue Route | Sorbet Steenberg Village
https://thecapetownhub.com/category/books-stationery/gardens/,"Books & Stationery in Gardens, Cape Town",2,oxford-stationers-gardens-shopping-centre-gardens | wordsworth-books-gardens-shopping-centre-gardens,Oxford Stationers | Wordsworth Books
https://thecapetownhub.com/category/books-stationery/kalk-bay/,"Books & Stationery in Kalk Bay, Cape Town",2,kalk-bay-books-kalk-bay | quagga-rare-books-and-art-kalk-bay,Kalk Bay Books | Quagga Rare Books & Art
https://thecapetownhub.com/category/books-stationery/table-view/,"Books & Stationery in Table View, Cape Town",2,bargain-books-bayside-mall-table-view | pna-table-view-table-view,Bargain Books Bayside Mall | PNA Table View
https://thecapetownhub.com/category/building-construction/killarney-gardens/,"Building & Construction in Killarney Gardens, Cape Town",2,bevlon-contractors-killarney-gardens | wilcote-cape-town-killarney-gardens,Bevlon Contractors | Wilcote Cape Town
https://thecapetownhub.com/category/butcheries/elsies-river/,"Butcheries in Elsie's River, Cape Town",2,economical-moslem-butchery-elsies-river | excellent-meat-market-elsies-river,Economical Moslem Butchery | Excellent Meat Market
https://thecapetownhub.com/category/butcheries/ottery/,"Butcheries in Ottery, Cape Town",2,excellent-meat-market-ottery | fairfield-meat-centre-ottery,Excellent Meat Market | Fairfield Meat Centre
https://thecapetownhub.com/category/car-dealerships/parow/,"Car Dealerships in Parow, Cape Town",2,l-and-l-motors-parow | v5-auto-traders-parow,L & L Motors | V5 Auto Traders
https://thecapetownhub.com/category/clinics-healthcare/browns-farm/,"Clinics & Healthcare in Brown's Farm, Cape Town",2,inzame-zabantu-community-health-clinic-browns-farm | mzamomhle-clinic-browns-farm,Inzame-Zabantu Community Health Clinic | Mzamomhle Clinic
https://thecapetownhub.com/category/clinics-healthcare/crossroads/,"Clinics & Healthcare in Crossroads, Cape Town",2,crossroads-1-clinic-crossroads | crossroads-cdc-crossroads,Crossroads 1 Clinic | Crossroads CDC
https://thecapetownhub.com/category/clinics-healthcare/eastridge/,"Clinics & Healthcare in Eastridge, Cape Town",2,eastridge-clinic-eastridge | mitchells-plain-community-health-centre-eastridge,Eastridge Clinic | Mitchells Plain Community Health Centre
https://thecapetownhub.com/category/clinics-healthcare/lentegeur/,"Clinics & Healthcare in Lentegeur, Cape Town",2,lentegeur-clinic-lentegeur | lentegeur-hospital-lentegeur,Lentegeur Clinic | Lentegeur Hospital
https://thecapetownhub.com/category/clinics-healthcare/mitchells-plain/,"Clinics & Healthcare in Mitchells Plain, Cape Town",2,innohealth-medical-centres-mitchells-plain | mitchells-plain-oral-health-centre-mitchells-plain,Innohealth Medical Centres | Mitchells Plain Oral Health Centre
https://thecapetownhub.com/category/clinics-healthcare/panorama/,"Clinics & Healthcare in Panorama, Cape Town",2,intercare-panorama | mediclinic-panorama,Intercare Panorama | Mediclinic Panorama
https://thecapetownhub.com/category/commercial-property-office-space/ottery/,"Commercial Property & Office Space in Ottery, Cape Town",2,stor-age-ottery-road-ottery | stor-age-springfield-road-ottery,Stor-Age Ottery Road | Stor-Age Springfield Road
https://thecapetownhub.com/category/computer-it-services/khayelitsha/,"Computer & IT Services in Khayelitsha, Cape Town",2,silulo-ulutho-technologies-khayelitsha-mall-khayelitsha | silulo-ulutho-technologies-town-1-village-1-khayelitsha,Silulo Ulutho Technologies (Khayelitsha Mall) | Silulo Ulutho Technologies (Town 1 Village 1)
https://thecapetownhub.com/category/dentists/bergvliet/,"Dentists in Bergvliet, Cape Town",2,bergvliet-dental-medical-bergvliet | mullers-dental-studio-bergvliet,Bergvliet Dental & Medical | Mullers Dental Studio
https://thecapetownhub.com/category/dentists/goodwood/,"Dentists in Goodwood, Cape Town",2,dr-sae-chikte-goodwood | goodwood-dental-studio-goodwood,Dr SAE Chikte | Goodwood Dental Studio
https://thecapetownhub.com/category/dentists/panorama/,"Dentists in Panorama, Cape Town",2,panorama-dental-panorama | restore-dental-studio-panorama,Panorama Dental | Restore Dental Studio
https://thecapetownhub.com/category/dentists/welgemoed/,"Dentists in Welgemoed, Cape Town",2,dr-c-podges-incorporated-welgemoed | dr-z-oliver-welgemoed,Dr C Podges Incorporated | Dr Z Oliver
https://thecapetownhub.com/category/doctors-gps/steenberg/,"Doctors & GPs in Steenberg, Cape Town",2,dr-bianca-barron-steenberg | dr-m-s-jassiem-steenberg,Dr Bianca Barron | Dr M S Jassiem
https://thecapetownhub.com/category/doctors-gps/strandfontein/,"Doctors & GPs in Strandfontein, Cape Town",2,dr-h-goolam-strandfontein | dr-rb-daya-strandfontein,Dr H Goolam | Dr RB Daya
https://thecapetownhub.com/category/engineering-surveying/killarney-gardens/,"Engineering & Surveying Services in Killarney Gardens, Cape Town",2,printech-engineering-killarney-gardens | rhog-engineering-killarney-gardens,Printech Engineering | RHOG Engineering
https://thecapetownhub.com/category/events-function-venues/philippi-horticultural/,"Events & Function Venues in Philippi Horticultural Area, Cape Town",2,74-on-9th-philippi-horticultural | opulence-events-function-venue-philippi-horticultural,74 on 9th | Opulence Events & Function Venue
https://thecapetownhub.com/category/events-function-venues/salt-river/,"Events & Function Venues in Salt River, Cape Town",2,artappel-prop-hire-salt-river | dimensions-tent-and-structures-salt-river,Artappel Prop Hire | Dimensions Tent & Structures
https://thecapetownhub.com/category/fashion-clothing/brackenfell/,"Fashion & Clothing in Brackenfell, Cape Town",2,crown-national-brackenfell | mr-price-cape-gate-brackenfell,Crown National Factory Mart Brackenfell Corner | Mr Price Cape Gate
https://thecapetownhub.com/category/fashion-clothing/khayelitsha/,"Fashion & Clothing in Khayelitsha, Cape Town",2,ackermans-makhaza-khayelitsha | mr-price-khayelitsha-mall-khayelitsha,Ackermans Makhaza | Mr Price Khayelitsha Mall
https://thecapetownhub.com/category/fashion-clothing/kommetjie/,"Fashion & Clothing in Kommetjie, Cape Town",2,makemba-boutique-kommetjie | rummage-preloved-kommetjie,Makemba Boutique | Rummage Preloved
https://thecapetownhub.com/category/fashion-clothing/mandalay/,"Fashion & Clothing in Mandalay, Cape Town",2,ackermans-mandalay-mandalay | pep-mandalay-mandalay,Ackermans | PEP Mandalay
https://thecapetownhub.com/category/fashion-clothing/manenberg/,"Fashion & Clothing in Manenberg, Cape Town",2,going-under-clothing-nyanga-junction-manenberg | pep-nyanga-junction-manenberg,Going Under Clothing | PEP Nyanga Junction
https://thecapetownhub.com/category/fashion-clothing/observatory/,"Fashion & Clothing in Observatory, Cape Town",2,bangbang-vintage-observatory | never-new-observatory,BangBang Vintage | Never New
https://thecapetownhub.com/category/fashion-clothing/rondebosch/,"Fashion & Clothing in Rondebosch, Cape Town",2,mr-price-rondebosch-cbd-rondebosch | school-and-leisure-rondebosch,Mr Price Rondebosch CBD | School and Leisure (Rondebosch)
https://thecapetownhub.com/category/fashion-clothing/salt-river/,"Fashion & Clothing in Salt River, Cape Town",2,playtex-factory-shop-salt-river | solo-factory-shop-salt-river,Playtex Factory Shop | Solo Factory Shop
https://thecapetownhub.com/category/fashion-clothing/strand/,"Fashion & Clothing in Strand, Cape Town",2,mr-price-strand | pep-strand,Mr Price | Pep
https://thecapetownhub.com/category/financial-investment-services/cape-town-cbd/,"Financial & Investment Services in Cape Town CBD, Cape Town",2,capitec-bank-golden-acre-cape-town-cbd | standard-bank-golden-acre-cape-town-cbd,Capitec Bank Golden Acre | Standard Bank Golden Acre
https://thecapetownhub.com/category/financial-investment-services/goodwood/,"Financial & Investment Services in Goodwood, Cape Town",2,african-bank-goodwood-mall-goodwood | capitec-bank-goodwood-mall-goodwood,African Bank Goodwood Mall | Capitec Bank Goodwood Mall
https://thecapetownhub.com/category/financial-investment-services/mowbray/,"Financial & Investment Services in Mowbray, Cape Town",2,capitec-bank-mowbray-mowbray | standard-bank-mowbray-mowbray,Capitec Bank Mowbray | Standard Bank Mowbray Service Centre
https://thecapetownhub.com/category/financial-investment-services/noordhoek/,"Financial & Investment Services in Noordhoek, Cape Town",2,absa-noordhoek | standard-bank-noordhoek,Absa | Standard Bank
https://thecapetownhub.com/category/financial-investment-services/philippi/,"Financial & Investment Services in Philippi, Cape Town",2,capitec-bank-the-junxion-mall-philippi | nedbank-the-junxion-mall-philippi,Capitec Bank | Nedbank
https://thecapetownhub.com/category/financial-investment-services/sea-point/,"Financial & Investment Services in Sea Point, Cape Town",2,hci-sea-point | nedbank-the-point-sea-point,HCI (Hosken Consolidated Investments) | Nedbank
https://thecapetownhub.com/category/fitness-gyms/bloubergstrand/,"Fitness & Gyms in Bloubergstrand, Cape Town",2,virgin-active-table-bay-mall-bloubergstrand | wild-plum-mushroom-wellness-bloubergstrand,Virgin Active Table Bay Mall | wild-plum-mushroom-wellness-bloubergstrand
https://thecapetownhub.com/category/fitness-gyms/de-waterkant/,"Fitness & Gyms in De Waterkant, Cape Town",2,threezero-cape-quarter-de-waterkant | zone-fitness-cape-quarter-de-waterkant,ThreeZero | Zone Fitness (Cape Quarter)
https://thecapetownhub.com/category/fitness-gyms/durbanville/,"Fitness & Gyms in Durbanville, Cape Town",2,body-20-studio-durbanville | zone-fitness-cobble-walk-durbanville,Body 20 Studio | Zone Fitness
https://thecapetownhub.com/category/fitness-gyms/gordons-bay/,"Fitness & Gyms in Gordon's Bay, Cape Town",2,indigo-scuba-gordons-bay | just-africa-scuba-gordons-bay,Indigo Scuba | Just Africa Scuba
https://thecapetownhub.com/category/fitness-gyms/kraaifontein/,"Fitness & Gyms in Kraaifontein, Cape Town",2,virgin-active-okavango-crossing-kraaifontein | zone-fitness-brighton-square-kraaifontein,Virgin Active Okavango | Zone Fitness Kraaifontein
https://thecapetownhub.com/category/fitness-gyms/sunnydale/,"Fitness & Gyms in Sunnydale, Cape Town",2,sbg-cape-town-sunnydale | virgin-active-sun-valley-sunnydale,SBG Cape Town | Virgin Active Sun Valley
https://thecapetownhub.com/category/fuel-stations/strandfontein/,"Fuel Stations & Garages in Strandfontein, Cape Town",2,bp-wavecrest-motors-strandfontein | engen-strandfontein-strandfontein,BP Wavecrest Motors | Engen Strandfontein Service Station
https://thecapetownhub.com/category/furniture-homeware/athlone/,"Furniture & Homeware in Athlone, Cape Town",2,sheet-street-vangate-mall-athlone | sleepmasters-vangate-mall-athlone,Sheet Street Vangate Mall | Sleepmasters Vangate Mall
https://thecapetownhub.com/category/furniture-homeware/constantia/,"Furniture & Homeware in Constantia, Cape Town",2,home-constantia-village-constantia | mungo-constantia,@home | Mungo
https://thecapetownhub.com/category/furniture-homeware/delft/,"Furniture & Homeware in Delft, Cape Town",2,ok-furniture-delft-mall-delft | sleepmasters-delft-mall-delft,OK Furniture | Sleepmasters
https://thecapetownhub.com/category/furniture-homeware/gugulethu/,"Furniture & Homeware in Gugulethu, Cape Town",2,bradlows-gugulethu-square-gugulethu | ok-furniture-gugulethu-square-gugulethu,Bradlows | OK Furniture Gugulethu
https://thecapetownhub.com/category/furniture-homeware/montague-gardens/,"Furniture & Homeware in Montague Gardens, Cape Town",2,coricraft-clearance-centre-montague-gardens | decofurn-furniture-montague-gardens,Coricraft Clearance Centre | Decofurn Furniture Montague Gardens
https://thecapetownhub.com/category/furniture-homeware/plumstead/,"Furniture & Homeware in Plumstead, Cape Town",2,mr-price-home-3-arts-plumstead | terrys-beds-plumstead,Mr Price Home 3 Arts Plumstead | Terry's Beds
https://thecapetownhub.com/category/furniture-homeware/retreat/,"Furniture & Homeware in Retreat, Cape Town",2,holly-wood-kitchens-and-furniture-retreat | walsh-fireplaces-retreat,Holly Wood Kitchens and Furniture | Walsh Fireplaces
https://thecapetownhub.com/category/general-retail/belhar/,"General Retail in Belhar, Cape Town",2,cash-crusaders-airport-shopping-centre-belhar | the-crazy-store-erica-square-belhar,Cash Crusaders Belhar | The Crazy Store Erica Square
https://thecapetownhub.com/category/general-retail/bergvliet/,"General Retail in Bergvliet, Cape Town",2,the-crafters-den-bergvliet | xciter-sports-bergvliet,The Crafters Den | Xciter Sports
https://thecapetownhub.com/category/general-retail/brackenfell/,"General Retail in Brackenfell, Cape Town",2,cash-crusaders-brackenfell-corner-brackenfell | game-cape-gate-brackenfell,Cash Crusaders Brackenfell Corner | Game
https://thecapetownhub.com/category/general-retail/colorado/,"General Retail in Colorado, Cape Town",2,amazing-store-colorado | lw-traders-colorado,Amazing Store | L&W Traders
https://thecapetownhub.com/category/general-retail/edgemead/,"General Retail in Edgemead, Cape Town",2,barksole-edgemead | the-crazy-store-edgemead,Barksole Edgemead | The Crazy Store (Edgemead)
https://thecapetownhub.com/category/general-retail/grassy-park/,"General Retail in Grassy Park, Cape Town",2,cash-crusaders-grassy-park-grassy-park | pep-stores-victoria-mall-grassy-park,Cash Crusaders Grassy Park | PEP Stores Grassy Park
https://thecapetownhub.com/category/general-retail/kensington/,"General Retail in Kensington, Cape Town",2,pep-kensington-shopping-centre-kensington | tokers-trophies-kensington,PEP | Tokers Trophies
https://thecapetownhub.com/category/general-retail/kuils-river/,"General Retail in Kuils River, Cape Town",2,cash-converters-kuils-river | cash-crusaders-kuils-river,Cash Converters Kuils River | Cash Crusaders Kuilsriver
https://thecapetownhub.com/category/general-retail/lakeside/,"General Retail in Lakeside, Cape Town",2,the-little-fisherman-lakeside | vees-video-lakeside,The Little Fisherman | Vee's Video
https://thecapetownhub.com/category/general-retail/lansdowne/,"General Retail in Lansdowne, Cape Town",2,cash-crusaders-lansdowne-lansdowne | house-of-lipstick-lansdowne,Cash Crusaders Lansdowne | House of Lipstick
https://thecapetownhub.com/category/general-retail/montague-gardens/,"General Retail in Montague Gardens, Cape Town",2,creative-sweets-factory-shop-montague-gardens | the-factory-shop-montague-gardens,Creative Sweets Factory Shop | The Factory Shop
https://thecapetownhub.com/category/general-retail/observatory/,"General Retail in Observatory, Cape Town",2,chops-biltong-riverlands-observatory | the-tux-tailor-riverlands-observatory,Chops Biltong | The Tux Tailor
https://thecapetownhub.com/category/general-retail/plumstead/,"General Retail in Plumstead, Cape Town",2,paul-bothner-music-plumstead | the-crazy-store-3arts-village-plumstead,Paul Bothner Music | The Crazy Store
https://thecapetownhub.com/category/general-retail/simons-town/,"General Retail in Simon's Town, Cape Town",2,collectables-hub-and-cafe-simons-town | craftart-emporium-simons-town,Collectables Hub & Cafe | Craftart Emporium
https://thecapetownhub.com/category/general-retail/somerset-west/,"General Retail in Somerset West, Cape Town",2,the-body-shop-waterstone-village-somerset-west | wellness-warehouse-waterstone-village-somerset-west,The Body Shop | Wellness Warehouse
https://thecapetownhub.com/category/general-retail/tokai/,"General Retail in Tokai, Cape Town",2,sportsmans-warehouse-tokai | wellness-warehouse-steenberg-village-tokai,Sportsmans Warehouse | Wellness Warehouse Steenberg Village
https://thecapetownhub.com/category/general-retail/wetton/,"General Retail in Wetton, Cape Town",2,vortex-factory-shop-wetton | wellington-fruit-growers-wetton,Vortex Factory Shop | Wellington Fruit Growers
https://thecapetownhub.com/category/hardware-stores/athlone/,"Hardware Stores in Athlone, Cape Town",2,campwell-hardware-athlone | honest-hardware-athlone,Campwell Hardware | Honest Hardware
https://thecapetownhub.com/category/hardware-stores/brackenfell/,"Hardware Stores in Brackenfell, Cape Town",2,brackenfell-hardware-brackenfell | premier-hardware-brackenfell,Brackenfell Hardware | Premier Hardware
https://thecapetownhub.com/category/hardware-stores/elsies-river/,"Hardware Stores in Elsie's River, Cape Town",2,buco-hardware-elsies-river | tile-factory-shop-elsies-river,BUCO Hardware | Tile Factory Shop
https://thecapetownhub.com/category/hardware-stores/mitchells-plain/,"Hardware Stores in Mitchells Plain, Cape Town",2,buco-plaza-mitchells-plain | dalmans-discount-hardware-mitchells-plain,BUCO Plaza | Dalmans Discount Hardware
https://thecapetownhub.com/category/hardware-stores/philippi/,"Hardware Stores in Philippi, Cape Town",2,cashbuild-philippi-philippi | philippi-kitchen-and-hardware-philippi,Cashbuild Philippi | Philippi Kitchen and Hardware
https://thecapetownhub.com/category/hardware-stores/salt-river/,"Hardware Stores in Salt River, Cape Town",2,buco-salt-river-salt-river | plumb-crazy-salt-river,BUCO Salt River | Plumb Crazy
https://thecapetownhub.com/category/hardware-stores/somerset-west/,"Hardware Stores in Somerset West, Cape Town",2,cpb-cape-plumbing-bathroom-supplies-somerset-west-somerset-west | timbuild-somerset-west-somerset-west,CP&B Cape Plumbing & Bathroom Supplies Somerset West | TimBuild Somerset West
https://thecapetownhub.com/category/industrial-suppliers-manufacturing/thornton/,"Industrial Suppliers & Manufacturing in Thornton, Cape Town",2,a-j-north-thornton | senior-flexonics-cape-town-thornton,A J North (Pty) Ltd | Senior Flexonics Cape Town
https://thecapetownhub.com/category/industrial-suppliers-manufacturing/ysterplaat/,"Industrial Suppliers & Manufacturing in Ysterplaat, Cape Town",2,ital-cement-ysterplaat | khoisan-gourmet-ysterplaat,Ital Cement | Khoisan Gourmet
https://thecapetownhub.com/category/jewellers/cape-town-cbd/,"Jewellers in Cape Town CBD, Cape Town",2,american-swiss-golden-acre-cape-town-cbd | sterns-golden-acre-cape-town-cbd,American Swiss | Sterns
https://thecapetownhub.com/category/jewellers/de-waterkant/,"Jewellers in De Waterkant, Cape Town",2,philip-wulfsohn-jewellery-de-waterkant | uwe-koetter-jewellers-cape-quarter-de-waterkant,Philip Wulfsohn Jewellery | Uwe Koetter Jewellers
https://thecapetownhub.com/category/jewellers/woodstock/,"Jewellers in Woodstock, Cape Town",2,auterra-jewellery-woodstock | botanica-jewellery-woodstock,AuTerra Jewellery | Botanica Jewellery
https://thecapetownhub.com/category/liquor-stores/eerste-river/,"Liquor Stores in Eerste River, Cape Town",2,liquor-city-eerste-river-eerste-river | pnp-liquor-eerste-river,Liquor City Eerste River | PnP Liquor
https://thecapetownhub.com/category/liquor-stores/muizenberg/,"Liquor Stores in Muizenberg, Cape Town",2,pick-n-pay-liquors-muizenberg | two-gingers-gember-distillery-muizenberg,Pick n Pay Liquors | Two Gingers Gember Distillery
https://thecapetownhub.com/category/logistics-courier-transport/montague-gardens/,"Logistics, Courier & Transport in Montague Gardens, Cape Town",2,iron-horse-relocations-montague-gardens | postnet-montague-gardens-montague-gardens,Iron Horse Relocations | PostNet Montague Gardens
https://thecapetownhub.com/category/marketing-advertising/zonnebloem/,"Marketing & Advertising in Zonnebloem, Cape Town",2,arc-zonnebloem | digitas-liquorice-zonnebloem,Arc | Digitas Liquorice
https://thecapetownhub.com/category/mobile-phones/cape-town-cbd/,"Mobile Phones & Accessories in Cape Town CBD, Cape Town",2,mtn-golden-acre-cape-town-cbd | pep-cell-cape-town-cbd,MTN | PEP Cell
https://thecapetownhub.com/category/mobile-phones/gugulethu/,"Mobile Phones & Accessories in Gugulethu, Cape Town",2,pep-cell-gugulethu-square-gugulethu | vodacom-shop-express-gugulethu-gugulethu,PEP Cell | Vodacom Shop Express Gugulethu
https://thecapetownhub.com/category/museums-heritage-sites/va-waterfront/,"Museums & Heritage Sites in V&A Waterfront, Cape Town",2,two-oceans-aquarium-va-waterfront | zeitz-mocaa-va-waterfront,Two Oceans Aquarium | Zeitz MOCAA
https://thecapetownhub.com/category/opticians/kraaifontein/,"Opticians in Kraaifontein, Cape Town",2,bierman-knoetze-inc-kraaifontein | spec-savers-medicross-kraaifontein,Bierman Knoetze Inc | Spec-Savers Medicross Kraaifontein
https://thecapetownhub.com/category/opticians/rondebosch/,"Opticians in Rondebosch, Cape Town",2,danneberg-optometrist-rondebosch | specsavers-rondebosch,Danneberg Optometrist | Specsavers Rondebosch
https://thecapetownhub.com/category/opticians/sea-point/,"Opticians in Sea Point, Cape Town",2,spec-savers-sea-point | tonkil-optometrist-sea-point,Spec-Savers Sea Point | Tonkil Optometrist
https://thecapetownhub.com/category/opticians/sunnydale/,"Opticians in Sunnydale, Cape Town",2,bierman-strauss-optometrists-sunvalley-sunnydale | caroline-berry-optometrists-sunnydale,Bierman Strauss Optometrists Sunvalley | Caroline Berry Optometrists
https://thecapetownhub.com/category/panel-beaters-spray-painters/ottery/,"Panel Beaters & Spray Painters in Ottery, Cape Town",2,auto-panel-repair-centre-ottery | ronwic-motors-panelbeaters-ottery,Auto Panel Repair Centre | Ronwic Motors Panelbeaters
https://thecapetownhub.com/category/pet-stores/diep-river/,"Pet Stores & Supplies in Diep River, Cape Town",2,perky-pets-and-vet-diep-river | petworld-xxl-diep-river,Perky Pets and Vet | Petworld XXL Diep River
https://thecapetownhub.com/category/pet-stores/noordhoek/,"Pet Stores & Supplies in Noordhoek, Cape Town",2,absolute-pets-noordhoek | fat-cats-and-dogs-noordhoek,Absolute Pets | Fat Cats and Dogs
https://thecapetownhub.com/category/pharmacies/blue-downs/,"Pharmacies in Blue Downs, Cape Town",2,clicks-blue-downs | medirite-pharmacy-blue-downs,Clicks | Medirite Pharmacy
https://thecapetownhub.com/category/pharmacies/constantia/,"Pharmacies in Constantia, Cape Town",2,clicks-constantia-emporium-constantia | constantia-pharmacy-constantia,Clicks | Constantia Pharmacy
https://thecapetownhub.com/category/pharmacies/gardens/,"Pharmacies in Gardens, Cape Town",2,clicks-gardens-shopping-centre-gardens | clicks-lifestyle-on-kloof-gardens,Clicks | Clicks Pharmacy Lifestyle on Kloof
https://thecapetownhub.com/category/pharmacies/hout-bay/,"Pharmacies in Hout Bay, Cape Town",2,clicks-pharmacy-hout-bay | wheelers-pharmacy-medical-depot-hout-bay,Clicks Pharmacy Hout Bay | Wheeler's Pharmacy & Medical Depot
https://thecapetownhub.com/category/pharmacies/kuils-river/,"Pharmacies in Kuils River, Cape Town",2,dis-chem-zevenwacht-mall-pharmacy-kuils-river | essential-health-pharmacy-kuils-river,Dis-Chem Zevenwacht Mall Pharmacy | Essential Health Pharmacy Kuils River
https://thecapetownhub.com/category/pharmacies/meadowridge/,"Pharmacies in Meadowridge, Cape Town",2,clicks-meadowridge-meadowridge | meadowridge-pharmacy-meadowridge,Clicks Meadowridge | Meadowridge Pharmacy
https://thecapetownhub.com/category/pharmacies/muizenberg/,"Pharmacies in Muizenberg, Cape Town",2,clicks-muizenberg | rustenburg-pharmacy-muizenberg,Clicks | Rustenburg Pharmacy
https://thecapetownhub.com/category/pharmacies/philippi/,"Pharmacies in Philippi, Cape Town",2,clicks-pharmacy-the-junction-mall-philippi | pharmacy-penlyn-philippi,Clicks Pharmacy The Junction Mall | Pharmacy Penlyn
https://thecapetownhub.com/category/pharmacies/pinelands/,"Pharmacies in Pinelands, Cape Town",2,clicks-central-square-pinelands | clicks-howard-centre-pinelands,Clicks Central Square Pinelands | Clicks
https://thecapetownhub.com/category/pharmacies/rondebosch/,"Pharmacies in Rondebosch, Cape Town",2,clicks-pharmacy-rondebosch | vitacare-pharmacy-rondebosch,Clicks Pharmacy (Rondebosch) | Vitacare Pharmacy
https://thecapetownhub.com/category/pharmacies/somerset-west/,"Pharmacies in Somerset West, Cape Town",2,circle-pharmacy-somerset-west | clicks-waterstone-village-somerset-west,Circle Pharmacy | Clicks
https://thecapetownhub.com/category/pharmacies/strand/,"Pharmacies in Strand, Cape Town",2,clicks-strand-square-strand | essential-health-pharmacy-strand-strand,Clicks | Essential Health Pharmacy - Strand
https://thecapetownhub.com/category/pharmacies/table-view/,"Pharmacies in Table View, Cape Town",2,clicks-flamingo-square-table-view | dis-chem-tableview-table-view,Clicks Flamingo Square | Dis-Chem Pharmacy Tableview
https://thecapetownhub.com/category/pharmacies/wynberg/,"Pharmacies in Wynberg, Cape Town",2,clicks-wynberg-centre-wynberg | dis-chem-wynberg,Clicks | Dis-Chem
https://thecapetownhub.com/category/physiotherapists/panorama/,"Physiotherapists in Panorama, Cape Town",2,bryan-capes-physiotherapy-panorama | panorama-physio-rehab-centre-panorama,Bryan Capes Physiotherapy | Panorama Physio & Rehab Centre
https://thecapetownhub.com/category/printing-services/meadowridge/,"Printing Services in Meadowridge, Cape Town",2,postnet-meadowridge-meadowridge | print-hut-meadowridge,PostNet Meadowridge | Print Hut
https://thecapetownhub.com/category/restaurants-takeaways/bantry-bay/,"Restaurants & Takeaways in Bantry Bay, Cape Town",2,amare-bantry-bay | curate-bantry-bay,Amare | Curate
https://thecapetownhub.com/category/restaurants-takeaways/boston/,"Restaurants & Takeaways in Boston, Cape Town",2,boston-coffee-boston | gringos-cantina-boston,Boston Coffee | Gringo's Cantina
https://thecapetownhub.com/category/restaurants-takeaways/croydon/,"Restaurants & Takeaways in Croydon, Cape Town",2,pizzayiro-sitari-croydon | vida-e-caffe-sitari-croydon,Pizzayiro | Vida e Caffè Sitari
https://thecapetownhub.com/category/restaurants-takeaways/eerste-river/,"Restaurants & Takeaways in Eerste River, Cape Town",2,hungry-lion-eerste-river-eerste-river | kfc-eerste-rivier-mall-eerste-river,Hungry Lion Eerste River | KFC Eerste Rivier
https://thecapetownhub.com/category/restaurants-takeaways/elsies-river/,"Restaurants & Takeaways in Elsie's River, Cape Town",2,central-park-foods-elsies-river | debonairs-pizza-elsies-river,Central Park Foods | Debonairs Pizza
https://thecapetownhub.com/category/restaurants-takeaways/firgrove/,"Restaurants & Takeaways in Firgrove, Cape Town",2,news-cafe-firgrove | vredenhof-organic-estate-firgrove,News Cafe | Vredenhof Organic Estate
https://thecapetownhub.com/category/restaurants-takeaways/goodwood/,"Restaurants & Takeaways in Goodwood, Cape Town",2,ashleys-family-restaurant-goodwood | hungry-lion-goodwood-mall-goodwood,Ashley's Family Restaurant | Hungry Lion Goodwood Mall
https://thecapetownhub.com/category/restaurants-takeaways/gugulethu/,"Restaurants & Takeaways in Gugulethu, Cape Town",2,kfc-gugulethu-square-gugulethu | mcdonalds-gugulethu-square-gugulethu,KFC Gugulethu Square | McDonald's Gugulethu
https://thecapetownhub.com/category/restaurants-takeaways/lansdowne/,"Restaurants & Takeaways in Lansdowne, Cape Town",2,kfc-wetton-lansdowne | mcdonalds-lansdowne-corner-lansdowne,KFC Wetton | McDonald's
https://thecapetownhub.com/category/restaurants-takeaways/macassar/,"Restaurants & Takeaways in Macassar, Cape Town",2,debonairs-pizza-macassar | wimpy-false-bay-engen-1-stop-macassar,Debonairs Pizza | Wimpy False Bay Engen 1 Stop
https://thecapetownhub.com/category/restaurants-takeaways/mandalay/,"Restaurants & Takeaways in Mandalay, Cape Town",2,debonairs-pizza-mandalay-mandalay | kfc-mandalay-mandalay,Debonairs Pizza Mandalay | KFC Mandalay
https://thecapetownhub.com/category/restaurants-takeaways/marina-da-gama/,"Restaurants & Takeaways in Marina da Gama, Cape Town",2,marina-pub-and-bistro-marina-da-gama | shin-thai-asian-kitchen-marina-da-gama,Marina Pub and Bistro | Shin Thai Asian Kitchen
https://thecapetownhub.com/category/restaurants-takeaways/ndabeni/,"Restaurants & Takeaways in Ndabeni, Cape Town",2,hoghouse-brewing-company-ndabeni | the-good-food-cafe-ndabeni,Hoghouse Brewing Company | The Good Food Cafe (at Merrypak)
https://thecapetownhub.com/category/restaurants-takeaways/oranjezicht/,"Restaurants & Takeaways in Oranjezicht, Cape Town",2,coffee-time-oranjezicht | wills-cafe-deli-oranjezicht,Coffee Time | Will's Cafe & Deli
https://thecapetownhub.com/category/restaurants-takeaways/paarden-eiland/,"Restaurants & Takeaways in Paarden Eiland, Cape Town",2,the-shred-coffee-shop-paarden-eiland | vida-e-caffe-paarden-eiland,The Shred Coffee Shop | vida e caffè Paarden Eiland
https://thecapetownhub.com/category/restaurants-takeaways/panorama/,"Restaurants & Takeaways in Panorama, Cape Town",2,coffee-couture-panorama | neighbourhood-cafe-ramasibi-panorama,Coffee Couture Panorama | Neighbourhood Cafe @ Ramasibi
https://thecapetownhub.com/category/restaurants-takeaways/parow/,"Restaurants & Takeaways in Parow, Cape Town",2,grill-baby-parow | harlequin-restaurant-parow,Grill Baby | Harlequin Restaurant
https://thecapetownhub.com/category/restaurants-takeaways/philippi/,"Restaurants & Takeaways in Philippi, Cape Town",2,kfc-the-junction-mall-philippi | mcdonalds-the-junxion-philippi,KFC The Junction Mall | McDonald's The Junxion
https://thecapetownhub.com/category/restaurants-takeaways/rondebosch-east/,"Restaurants & Takeaways in Rondebosch East, Cape Town",2,frying-nemo-rondebosch-east | steers-kromboom-rd-rondebosch-east,Frying Nemo | Steers Kromboom Rd
https://thecapetownhub.com/category/restaurants-takeaways/westlake/,"Restaurants & Takeaways in Westlake, Cape Town",2,cattle-baron-westlake-westlake | colcacchio-go-westlake-westlake,Cattle Baron Westlake | Col'Cacchio GO Westlake
https://thecapetownhub.com/category/restaurants-takeaways/westridge/,"Restaurants & Takeaways in Westridge, Cape Town",2,kfc-westridge-westridge | the-grillfather-westridge-westridge,KFC Westridge | The Grillfather Westridge
https://thecapetownhub.com/category/schools-education/bishop-lavis/,"Schools & Education in Bishop Lavis, Cape Town",2,bishop-lavis-primary-school-bishop-lavis | bishop-lavis-secondary-school-bishop-lavis,Bishop Lavis Primary School | Bishop Lavis Secondary School
https://thecapetownhub.com/category/schools-education/eversdal/,"Schools & Education in Eversdal, Cape Town",2,eversdal-pre-primary-school-eversdal | eversdal-primary-school-eversdal,Eversdal Pre-Primary School | Eversdal Primary School
https://thecapetownhub.com/category/schools-education/hangberg/,"Schools & Education in Hangberg, Cape Town",2,hangberg-pre-primary-school-hangberg | sentinel-primary-school-hangberg,Hangberg Pre-Primary School | Sentinel Primary School
https://thecapetownhub.com/category/schools-education/imizamo-yethu/,"Schools & Education in Imizamo Yethu, Cape Town",2,little-lambs-christian-daycare-imizamo-yethu | noluthando-day-care-centre-imizamo-yethu,Little Lambs Christian Daycare | Noluthando Day Care Centre
https://thecapetownhub.com/category/schools-education/lotus-river/,"Schools & Education in Lotus River, Cape Town",2,lotus-river-primary-school-lotus-river | zeekoevlei-high-school-lotus-river,Lotus River Primary School | Zeekoevlei High School
https://thecapetownhub.com/category/schools-education/masiphumelele/,"Schools & Education in Masiphumelele, Cape Town",2,masiphumelele-high-school-masiphumelele | ukhanyo-primary-school-masiphumelele,Masiphumelele High School | Ukhanyo Primary School
https://thecapetownhub.com/category/schools-education/ocean-view/,"Schools & Education in Ocean View, Cape Town",2,kleinberg-primary-school-ocean-view | ocean-view-secondary-school-ocean-view,Kleinberg Primary School | Ocean View Secondary School
https://thecapetownhub.com/category/schools-education/portland/,"Schools & Education in Portland, Cape Town",2,hazeldene-primary-school-portland | portland-secondary-school-portland,Hazeldene Primary School | Portland Secondary School
https://thecapetownhub.com/category/schools-education/tafelsig/,"Schools & Education in Tafelsig, Cape Town",2,tafelsig-primary-school-tafelsig | tafelsig-secondary-school-tafelsig,Tafelsig Primary School | Tafelsig Secondary School
https://thecapetownhub.com/category/schools-education/thornton/,"Schools & Education in Thornton, Cape Town",2,college-of-cape-town-thornton-campus-thornton | the-clothing-bank-thornton,College of Cape Town - Thornton Campus | The Clothing Bank
https://thecapetownhub.com/category/shoe-stores/ottery/,"Shoe Stores in Ottery, Cape Town",2,shoe-city-ottery-centre-ottery | tekkie-town-ottery,Shoe City Ottery Centre | Tekkie Town Ottery
https://thecapetownhub.com/category/shoe-stores/somerset-west/,"Shoe Stores in Somerset West, Cape Town",2,mr-tekkie-somerset-west-somerset-west | tsonga-waterstone-village-somerset-west,Mr Tekkie Somerset West | Tsonga
https://thecapetownhub.com/category/spas-wellness/bantry-bay/,"Spas & Wellness in Bantry Bay, Cape Town",2,pro-spa-bantry-bay | villa-massage-spa-bantry-bay,Pro Spa | Villa Massage Spa
https://thecapetownhub.com/category/spas-wellness/noordhoek/,"Spas & Wellness in Noordhoek, Cape Town",2,carolines-health-and-beauty-noordhoek | la-femme-health-and-beauty-noordhoek,Caroline's Health & Beauty | La Femme Health & Beauty Salon
https://thecapetownhub.com/category/spas-wellness/sea-point/,"Spas & Wellness in Sea Point, Cape Town",2,body-mind-wellness-spa-sea-point | tawa-massage-therapy-sea-point,Body+Mind Wellness Spa | Tawa Massage Therapy
https://thecapetownhub.com/category/spas-wellness/westlake/,"Spas & Wellness in Westlake, Cape Town",2,azura-health-and-beauty-westlake | iv-bar-westlake-westlake,Azura Health and Beauty | IV Bar Westlake
https://thecapetownhub.com/category/supermarkets-groceries/athlone/,"Supermarkets & Groceries in Athlone, Cape Town",2,pick-n-pay-qualisave-vangate-mall-athlone | spar-vangate-mall-athlone,Pick n Pay QualiSave Vangate Mall | SPAR Vangate Mall
https://thecapetownhub.com/category/supermarkets-groceries/bergvliet/,"Supermarkets & Groceries in Bergvliet, Cape Town",2,spar-bergvliet-bergvliet | veganic-asian-mart-bergvliet,SPAR Bergvliet | Veganic Asian Mart
https://thecapetownhub.com/category/supermarkets-groceries/bonteheuwel/,"Supermarkets & Groceries in Bonteheuwel, Cape Town",2,checkout-bonteheuwel-bonteheuwel | modacks-superstore-bonteheuwel,Checkout Bonteheuwel | Modack's Superstore
https://thecapetownhub.com/category/supermarkets-groceries/boston/,"Supermarkets & Groceries in Boston, Cape Town",2,pick-n-pay-local-boston-boston | sa-dairy-factory-shop-boston,Pick n Pay Local Boston | SA Dairy Factory Shop
https://thecapetownhub.com/category/supermarkets-groceries/croydon/,"Supermarkets & Groceries in Croydon, Cape Town",2,checkers-sitari-croydon | woolworths-sitari-croydon,Checkers Sitari | Woolworths Food
https://thecapetownhub.com/category/supermarkets-groceries/dunoon/,"Supermarkets & Groceries in Dunoon, Cape Town",2,boxer-dunoon | shoprite-dunoon-dunoon,Boxer Dunoon | Shoprite Dunoon
https://thecapetownhub.com/category/supermarkets-groceries/edgemead/,"Supermarkets & Groceries in Edgemead, Cape Town",2,superspar-edgemead-village-centre-edgemead | woolworths-edgemead-village-centre-edgemead,SuperSpar Edgemead | Woolworths Edgemead Village Centre
https://thecapetownhub.com/category/supermarkets-groceries/elsies-river/,"Supermarkets & Groceries in Elsie's River, Cape Town",2,shoprite-elsies-river | spar-avonwood-elsies-river,Shoprite Elsies River | SPAR Avonwood
https://thecapetownhub.com/category/supermarkets-groceries/fish-hoek/,"Supermarkets & Groceries in Fish Hoek, Cape Town",2,spar-fish-hoek-fish-hoek | woolworths-fish-hoek-town-square-fish-hoek,SPAR Fish Hoek | Woolworths
https://thecapetownhub.com/category/supermarkets-groceries/gardens/,"Supermarkets & Groceries in Gardens, Cape Town",2,pick-n-pay-gardens-shopping-centre-gardens | woolworths-lifestyle-on-kloof-gardens,Pick n Pay | Woolworths
https://thecapetownhub.com/category/supermarkets-groceries/gordons-bay/,"Supermarkets & Groceries in Gordon's Bay, Cape Town",2,checkers-gordons-bay-mall-gordons-bay | woolworths-gordons-bay,Checkers Gordon's Bay Mall | Woolworths
https://thecapetownhub.com/category/supermarkets-groceries/grassy-park/,"Supermarkets & Groceries in Grassy Park, Cape Town",2,spar-grassy-park-grassy-park | woolworths-grassy-park-grassy-park,SPAR Grassy Park | Woolworths Grassy Park
https://thecapetownhub.com/category/supermarkets-groceries/green-point/,"Supermarkets & Groceries in Green Point, Cape Town",2,giovannis-deliworld-green-point | woolworths-green-point,Giovanni's Deliworld | Woolworths
https://thecapetownhub.com/category/supermarkets-groceries/hanover-park/,"Supermarkets & Groceries in Hanover Park, Cape Town",2,golden-food-market-hanover-park | shoprite-hanover-park,Golden Food Market | Shoprite Hanover Park
https://thecapetownhub.com/category/supermarkets-groceries/kenridge/,"Supermarkets & Groceries in Kenridge, Cape Town",2,pick-n-pay-local-kenridge-kenridge | sonstraal-superspar-kenridge,Pick n Pay Local Kenridge | Sonstraal Superspar
https://thecapetownhub.com/category/supermarkets-groceries/khayelitsha/,"Supermarkets & Groceries in Khayelitsha, Cape Town",2,shoprite-makhaza-khayelitsha | spar-khayelitsha-mall-khayelitsha,Shoprite Makhaza | SPAR Khayelitsha Mall
https://thecapetownhub.com/category/supermarkets-groceries/kraaifontein/,"Supermarkets & Groceries in Kraaifontein, Cape Town",2,checkers-okavango-crossing-kraaifontein | woolworths-food-okavango-crossing-kraaifontein,Checkers | Woolworths Food
https://thecapetownhub.com/category/supermarkets-groceries/macassar/,"Supermarkets & Groceries in Macassar, Cape Town",2,shoprite-macassar-macassar | woolworths-food-macassar,Shoprite Macassar | Woolworths Food
https://thecapetownhub.com/category/supermarkets-groceries/meadowridge/,"Supermarkets & Groceries in Meadowridge, Cape Town",2,checkers-meadowridge | woolworths-meadowridge,Checkers | Woolworths
https://thecapetownhub.com/category/supermarkets-groceries/mitchells-plain/,"Supermarkets & Groceries in Mitchells Plain, Cape Town",2,pick-n-pay-qualisave-liberty-promenade-mitchells-plain | shoprite-town-centre-mitchells-plain,Pick n Pay QualiSave Liberty Promenade | Shoprite Town Centre
https://thecapetownhub.com/category/supermarkets-groceries/ottery/,"Supermarkets & Groceries in Ottery, Cape Town",2,pick-n-pay-hyper-ottery | usave-ottery,Pick n Pay Hyper | Usave Ottery
https://thecapetownhub.com/category/supermarkets-groceries/philippi/,"Supermarkets & Groceries in Philippi, Cape Town",2,boxer-philippi | pick-n-pay-family-philippi,Boxer Superstores Philippi | Pick n Pay Family Philippi
https://thecapetownhub.com/category/supermarkets-groceries/pinelands/,"Supermarkets & Groceries in Pinelands, Cape Town",2,spar-pinelands | woolworths-howard-centre-pinelands,SPAR Pinelands | Woolworths
https://thecapetownhub.com/category/supermarkets-groceries/richwood/,"Supermarkets & Groceries in Richwood, Cape Town",2,pick-n-pay-richmond-corner-richwood | woolworths-food-richmond-corner-richwood,Pick n Pay Richmond Corner | Woolworths Food Richmond Corner
https://thecapetownhub.com/category/supermarkets-groceries/steenberg/,"Supermarkets & Groceries in Steenberg, Cape Town",2,1up-cash-and-carry-steenberg | shoprite-steenberg-steenberg,1UP Cash & Carry | Shoprite Steenberg
https://thecapetownhub.com/category/supermarkets-groceries/strand/,"Supermarkets & Groceries in Strand, Cape Town",2,pick-n-pay-strand | woolworths-strand,Pick n Pay | Woolworths Food
https://thecapetownhub.com/category/supermarkets-groceries/table-view/,"Supermarkets & Groceries in Table View, Cape Town",2,kwik-spar-flamingo-square-table-view | pick-n-pay-tableview-table-view,Kwik Spar Flamingo Square | Pick n Pay Tableview
https://thecapetownhub.com/category/supermarkets-groceries/welgemoed/,"Supermarkets & Groceries in Welgemoed, Cape Town",2,pick-n-pay-welgemoed-plaza-welgemoed | woolworths-food-welgemoed,Pick n Pay Welgemoed | Woolworths Food Welgemoed
https://thecapetownhub.com/category/supermarkets-groceries/westgate/,"Supermarkets & Groceries in Westgate, Cape Town",2,checkers-westgate-mall-westgate | woolworths-westgate-mall-westgate,Checkers Westgate Mall | Woolworths Westgate Mall
https://thecapetownhub.com/category/vets-animal-care/constantia/,"Vets & Animal Care in Constantia, Cape Town",2,alphen-veterinary-hospital-constantia | constantia-veterinary-hospital-constantia,Alphen Veterinary Hospital | Constantia Veterinary Hospital
https://thecapetownhub.com/category/vets-animal-care/durbanville/,"Vets & Animal Care in Durbanville, Cape Town",2,durbanville-animal-hospital-durbanville | goedemoed-animal-hospital-durbanville,Durbanville Animal Hospital | Goedemoed Animal Hospital
https://thecapetownhub.com/category/vets-animal-care/milnerton/,"Vets & Animal Care in Milnerton, Cape Town",2,baker-mcveigh-equine-hospital-milnerton | ixia-street-animal-hospital-milnerton,Baker & McVeigh Equine Hospital | Ixia Street Animal Hospital
https://thecapetownhub.com/category/vets-animal-care/muizenberg/,"Vets & Animal Care in Muizenberg, Cape Town",2,false-bay-veterinary-clinic-muizenberg | the-vet-store-muizenberg,False Bay Veterinary Clinic | The Vet Store
https://thecapetownhub.com/category/vets-animal-care/table-view/,"Vets & Animal Care in Table View, Cape Town",2,tah-animal-hospital-table-view | vet-clin-table-view,TAH The Animal Hospital and Vetshop Table View | Vet-Clin
