url,page,businesses_listed,business_slugs,business_names
https://pretoriahub.com/category/accommodation/ashley-gardens/,"Accommodation in Ashley Gardens, Pretoria",1,waterfalls-boutique-hotel-menlyn,Waterfalls Boutique Hotel
https://pretoriahub.com/category/accommodation/blyde-riverwalk-estate/,"Accommodation in Blyde Riverwalk Estate, Pretoria",1,the-blyde-lagoon-tranquil-estate-namahlangu-sbo-blyde-riverwalk-estate,The Blyde Lagoon Tranquil Estate Namahlangu Sbo
https://pretoriahub.com/category/accommodation/bronkhorstspruit/,"Accommodation in Bronkhorstspruit, Pretoria",1,bronx-guest-house-bronkhorstspruit,Bronx Guest House
https://pretoriahub.com/category/accommodation/candlewoods-estate/,"Accommodation in Candlewoods Estate, Pretoria",1,candlewoods-guest-house-candlewoods-estate,Candlewoods Guest House
https://pretoriahub.com/category/accommodation/centurion-golf-estate/,"Accommodation in Centurion Golf Estate, Pretoria",1,centurion-residential-estate-centurion-golf-estate,Centurion Residential Estate
https://pretoriahub.com/category/accommodation/colbyn/,"Accommodation in Colbyn, Pretoria",1,colbyn-guest-lodge-colbyn,Colbyn Guest Lodge
https://pretoriahub.com/category/accommodation/cullinan/,"Accommodation in Cullinan, Pretoria",1,liebencharm-guest-house-cullinan,Liebencharm Guest House
https://pretoriahub.com/category/accommodation/donkerhoek/,"Accommodation in Donkerhoek, Pretoria",1,die-skaapkraal-gasteplaas-donkerhoek,Die Skaapkraal Gasteplaas
https://pretoriahub.com/category/accommodation/eloffsdal/,"Accommodation in Eloffsdal, Pretoria",1,palms-guest-house-eloffsdal,Palms Guest House
https://pretoriahub.com/category/accommodation/garsfontein/,"Accommodation in Garsfontein, Pretoria",1,amalfi-place-menlyn,Amalfi Place
https://pretoriahub.com/category/accommodation/glen-lauriston/,"Accommodation in Glen Lauriston, Pretoria",1,lauriston-guesthouse-glen-lauriston,Lauriston Guesthouse
https://pretoriahub.com/category/accommodation/heatherview/,"Accommodation in Heatherview, Pretoria",1,african-online-marketing-heatherview,African Online Marketing
https://pretoriahub.com/category/accommodation/jan-niemand-park/,"Accommodation in Jan Niemand Park, Pretoria",1,mr-matlala-guest-house-jan-niemand-park,Mr Matlala guest house
https://pretoriahub.com/category/accommodation/leeuwfontein/,"Accommodation in Leeuwfontein, Pretoria",1,gabbata-lodge-leeuwfontein,Gabbata Lodge
https://pretoriahub.com/category/accommodation/lukasrand/,"Accommodation in Lukasrand, Pretoria",1,la-vida-luka-luxury-guesthouse-lukasrand,La Vida Luka - Luxury Guesthouse
https://pretoriahub.com/category/accommodation/lydiana/,"Accommodation in Lydiana, Pretoria",1,the-bushbaby-inn-lydiana,The Bushbaby Inn
https://pretoriahub.com/category/accommodation/lynnwood/,"Accommodation in Lynnwood, Pretoria",1,farmers-folly-guest-house-waterkloof,Farmers Folly Guest House
https://pretoriahub.com/category/accommodation/menlo-park/,"Accommodation in Menlo Park, Pretoria",1,battiss-guest-house-menlyn,Battiss Guest House
https://pretoriahub.com/category/accommodation/menlyn/,"Accommodation in Menlyn, Pretoria",1,40-on-ilkey-menlyn,40 on Ilkey
https://pretoriahub.com/category/accommodation/meyerspark/,"Accommodation in Meyerspark, Pretoria",1,constantia-guest-lodge-meyerspark,Constantia Guest Lodge
https://pretoriahub.com/category/accommodation/muckleneuk/,"Accommodation in Muckleneuk, Pretoria",1,muckleneuk-manor-muckleneuk,Muckleneuk Manor
https://pretoriahub.com/category/accommodation/raslouw/,"Accommodation in Raslouw, Pretoria",1,lemonjack-studios-raslouw,Lemonjack Studios
https://pretoriahub.com/category/accommodation/riviera/,"Accommodation in Riviera, Pretoria",1,oppi-hoek-guesthouse-riviera,Oppi Hoek Guesthouse
https://pretoriahub.com/category/accommodation/sable-hills-waterfront-estate/,"Accommodation in Sable Hills Waterfront Estate, Pretoria",1,sable-hills-lodge-sable-hills-waterfront-estate,Sable Hills Lodge
https://pretoriahub.com/category/accommodation/sinoville/,"Accommodation in Sinoville, Pretoria",1,one-85-in-vinko-sinoville,One 85 in Vinko
https://pretoriahub.com/category/accommodation/the-reeds/,"Accommodation in The Reeds, Pretoria",1,nouvelle-ere-beauty-spa-and-boutique-guesthouse-the-reeds,Nouvelle Ere Beauty Spa & Boutique Guesthouse
https://pretoriahub.com/category/accommodation/waterkloof-heights/,"Accommodation in Waterkloof Heights, Pretoria",1,bohemian-waterkloof,Bohemian
https://pretoriahub.com/category/accommodation/waterkloof-ridge/,"Accommodation in Waterkloof Ridge, Pretoria",1,montpellier-guest-house-waterkloof-ridge,Montpellier Guest House
https://pretoriahub.com/category/accommodation/zwavelpoort/,"Accommodation in Zwavelpoort, Pretoria",1,ndlovu-lodge-zwavelpoort,Ndlovu Lodge
https://pretoriahub.com/category/accountants/amandasig/,"Accountants in Amandasig, Pretoria",1,finpro-accountants-amandasig,Finpro Accountants
https://pretoriahub.com/category/accountants/amberfield-valley/,"Accountants in Amberfield Valley, Pretoria",1,rassolutions-amberfield-valley,Rassolutions
https://pretoriahub.com/category/accountants/amberfield/,"Accountants in Amberfield, Pretoria",1,cresco-solutions-amberfield,Cresco Solutions
https://pretoriahub.com/category/accountants/annlin-west/,"Accountants in Annlin West, Pretoria",1,nexus-management-solutions-annlin-west,Nexus Management Solutions
https://pretoriahub.com/category/accountants/bergtuin/,"Accountants in Bergtuin, Pretoria",1,profits-books-bookkeeping-services-pretoria-bergtuin,Profits & Books bookkeeping services Pretoria
https://pretoriahub.com/category/accountants/booysens/,"Accountants in Booysens, Pretoria",1,btax-tax-and-financial-reporting-specialist-booysens,Btax / Tax and Financial Reporting Specialist
https://pretoriahub.com/category/accountants/brakfontein/,"Accountants in Brakfontein, Pretoria",1,kgs-africa-brakfontein,KGS Africa
https://pretoriahub.com/category/accountants/bronberrik/,"Accountants in Bronberrik, Pretoria",1,icon-business-services-pty-ltd-bronberrik,Icon Business Services (Pty) Ltd
https://pretoriahub.com/category/accountants/brummeria/,"Accountants in Brummeria, Pretoria",1,kreston-sa-brummeria,Kreston SA
https://pretoriahub.com/category/accountants/buffelsdrift/,"Accountants in Buffelsdrift, Pretoria",1,lynx-accounting-buffelsdrift,Lynx Accounting
https://pretoriahub.com/category/accountants/candlewoods-estate/,"Accountants in Candlewoods Estate, Pretoria",1,centacc-accounting-candlewoods-estate,CENTACC ACCOUNTING
https://pretoriahub.com/category/accountants/celtisdal/,"Accountants in Celtisdal, Pretoria",1,km-chartered-accountants-south-africa-celtisdal,KM Chartered Accountants (South Africa)
https://pretoriahub.com/category/accountants/clubview/,"Accountants in Clubview, Pretoria",1,sl-accounting-services-pty-ltd-clubview,SL Accounting Services (Pty) Ltd
https://pretoriahub.com/category/accountants/copperleaf-golf-estate/,"Accountants in Copperleaf Golf Estate, Pretoria",1,business-boutique-copperleaf-golf-estate,business-boutique
https://pretoriahub.com/category/accountants/daspoort/,"Accountants in Daspoort, Pretoria",1,only-accounting-daspoort,Only Accounting
https://pretoriahub.com/category/accountants/die-wilgers/,"Accountants in Die Wilgers, Pretoria",1,nel-accountants-inc-die-wilgers,Nel Accountants Inc.
https://pretoriahub.com/category/accountants/erasmusrand/,"Accountants in Erasmusrand, Pretoria",1,erasmus-rekenmeesters-erasmusrand,Erasmus Rekenmeesters
https://pretoriahub.com/category/accountants/garsfontein/,"Accountants in Garsfontein, Pretoria",1,go2-accounting-garsfontein,Go2 Accounting
https://pretoriahub.com/category/accountants/heatherdale/,"Accountants in Heatherdale, Pretoria",1,romalepe-chartered-accountants-inc-heatherdale,Romalepe Chartered Accountants Inc
https://pretoriahub.com/category/accountants/hennopspark/,"Accountants in Hennopspark, Pretoria",1,cq-accountants-hennopspark,CQ Accountants
https://pretoriahub.com/category/accountants/heuweloord/,"Accountants in Heuweloord, Pretoria",1,thabi-consulting-heuweloord,Thabi Consulting
https://pretoriahub.com/category/accountants/kilner-park/,"Accountants in Kilner Park, Pretoria",1,serenity-accounting-company-kilner-park,Serenity Accounting Company
https://pretoriahub.com/category/accountants/la-montagne/,"Accountants in La Montagne, Pretoria",1,senic-accounting-and-consulting-services-la-montagne,Senic Accounting and Consulting Services
https://pretoriahub.com/category/accountants/leeuwfontein/,"Accountants in Leeuwfontein, Pretoria",1,matzbo-advisory-services-leeuwfontein,Matzbo Advisory Services
https://pretoriahub.com/category/accountants/lyttelton/,"Accountants in Lyttelton, Pretoria",1,annelien-green-accountants-lyttelton,Annelien Green Accountants
https://pretoriahub.com/category/accountants/midfields-estate/,"Accountants in Midfields Estate, Pretoria",1,moore-pretoria-midfields-estate,Moore Pretoria
https://pretoriahub.com/category/accountants/midlands-estate/,"Accountants in Midlands Estate, Pretoria",1,crc-chartered-accountants-and-business-advisors-midlands-estate,CRC Chartered Accountants and Business Advisors
https://pretoriahub.com/category/accountants/montana-park/,"Accountants in Montana Park, Pretoria",1,koma-techs-and-financials-montana-park,koma Techs and financials
https://pretoriahub.com/category/accountants/mooiplaats/,"Accountants in Mooiplaats, Pretoria",1,business-crew-mooiplaats,Business Crew
https://pretoriahub.com/category/accountants/moregloed/,"Accountants in Moregloed, Pretoria",1,shelev-accountants-moregloed,Shelev Accountants
https://pretoriahub.com/category/accountants/muckleneuk/,"Accountants in Muckleneuk, Pretoria",1,lloyd-viljoen-auditors-muckleneuk,Lloyd Viljoen Auditors
https://pretoriahub.com/category/accountants/pierre-van-ryneveld-park/,"Accountants in Pierre van Ryneveld Park, Pretoria",1,lta-accountants-pierre-van-ryneveld-park,LTA Accountants
https://pretoriahub.com/category/accountants/pretoria-north/,"Accountants in Pretoria North, Pretoria",1,mgt-accounting-and-consulting-inc-pretoria-north,MGT Accounting and Consulting Inc
https://pretoriahub.com/category/accountants/queenswood/,"Accountants in Queenswood, Pretoria",1,vdw-accountants-queenswood,VDW Accountants
https://pretoriahub.com/category/accountants/rietondale/,"Accountants in Rietondale, Pretoria",1,pearson-accountants-rietondale,Pearson Accountants.
https://pretoriahub.com/category/accountants/rietvalleirand/,"Accountants in Rietvalleirand, Pretoria",1,iago-accounting-pty-ltd-rietvalleirand,IAGO Accounting (Pty) Ltd
https://pretoriahub.com/category/accountants/the-hills-eco-game-estate/,"Accountants in The Hills Eco-Game Estate, Pretoria",1,oryx-accounting-pty-ltd-the-hills-eco-game-estate,Oryx Accounting (Pty) Ltd
https://pretoriahub.com/category/accountants/the-reeds/,"Accountants in The Reeds, Pretoria",1,sa-accounting-network-centurion-the-reeds,SA Accounting Network - Centurion
https://pretoriahub.com/category/accountants/the-willows/,"Accountants in The Willows, Pretoria",1,profcor-the-willows,Profcor
https://pretoriahub.com/category/accountants/theresapark/,"Accountants in Theresapark, Pretoria",1,bkmg-accountants-theresapark,BKMG Accountants
https://pretoriahub.com/category/accountants/val-de-grace/,"Accountants in Val de Grace, Pretoria",1,compendium-accounting-solutions-group-val-de-grace,COMPENDIUM ACCOUNTING SOLUTIONS GROUP
https://pretoriahub.com/category/accountants/willow-park-manor/,"Accountants in Willow Park Manor, Pretoria",1,liafin-professional-accountants-and-tax-practitioners-willow-park-manor,LIAFIN Professional Accountants and Tax Practitioners
https://pretoriahub.com/category/accountants/wonderboom-south/,"Accountants in Wonderboom South, Pretoria",1,obie-accounting-services-wonderboom-south,Obie Accounting Services
https://pretoriahub.com/category/accountants/wonderboom/,"Accountants in Wonderboom, Pretoria",1,kies-associates-accountants-pty-ltd-wonderboom,Kies & Associates Accountants (Pty)Ltd.
https://pretoriahub.com/category/accountants/woodhill-golf-estate/,"Accountants in Woodhill Golf Estate, Pretoria",1,doughgetters-accounting-woodhill-golf-estate,DoughGetters Accounting
https://pretoriahub.com/category/attorneys-legal/amberfield-valley/,"Attorneys & Legal Services in Amberfield Valley, Pretoria",1,kumwenda-attorneys-inc-amberfield-valley,Kumwenda Attorneys Inc.
https://pretoriahub.com/category/attorneys-legal/annlin/,"Attorneys & Legal Services in Annlin, Pretoria",1,wds-attorneys-annlin,WDS Attorneys
https://pretoriahub.com/category/attorneys-legal/boekenhoutskloof/,"Attorneys & Legal Services in Boekenhoutskloof, Pretoria",1,legalwise-pretoria-boekenhoutskloof,LegalWise Pretoria
https://pretoriahub.com/category/attorneys-legal/booysens/,"Attorneys & Legal Services in Booysens, Pretoria",1,lm-mundalamo-incorporated-attorneys-booysens,LM Mundalamo Incorporated Attorneys
https://pretoriahub.com/category/attorneys-legal/brooklands-lifestyle-estate/,"Attorneys & Legal Services in Brooklands Lifestyle Estate, Pretoria",1,dlamini-n-attorneys-brooklands-lifestyle-estate,Dlamini N Attorneys
https://pretoriahub.com/category/attorneys-legal/brooklyn/,"Attorneys & Legal Services in Brooklyn, Pretoria",1,campbell-attorneys-brooklyn,Campbell Attorneys
https://pretoriahub.com/category/attorneys-legal/candlewoods-estate/,"Attorneys & Legal Services in Candlewoods Estate, Pretoria",1,wikus-strydom-law-candlewoods-estate,Wikus Strydom Law
https://pretoriahub.com/category/attorneys-legal/centurion-golf-estate/,"Attorneys & Legal Services in Centurion Golf Estate, Pretoria",1,ngoetjana-attorneys-centurion-centurion-golf-estate,Ngoetjana Attorneys Centurion
https://pretoriahub.com/category/attorneys-legal/clubview-east/,"Attorneys & Legal Services in Clubview East, Pretoria",1,secretary-bird-company-secretarial-services-clubview-east,Secretary Bird - Company Secretarial Services
https://pretoriahub.com/category/attorneys-legal/copperleaf-golf-estate/,"Attorneys & Legal Services in Copperleaf Golf Estate, Pretoria",1,franke-associates-attorneys-copperleaf-golf-estate,Franke & Associates Attorneys
https://pretoriahub.com/category/attorneys-legal/derdepoort/,"Attorneys & Legal Services in Derdepoort, Pretoria",1,neasa-derdepoort,NEASA
https://pretoriahub.com/category/attorneys-legal/die-wilgers/,"Attorneys & Legal Services in Die Wilgers, Pretoria",1,rn-inc-die-wilgers,RN Inc.
https://pretoriahub.com/category/attorneys-legal/dorandia/,"Attorneys & Legal Services in Dorandia, Pretoria",1,gp-prinsloo-dorandia,GP Prinsloo
https://pretoriahub.com/category/attorneys-legal/doringkloof/,"Attorneys & Legal Services in Doringkloof, Pretoria",1,van-zyl-incorporated-attorneys-properties-doringkloof,Van Zyl Incorporated Attorneys / Properties
https://pretoriahub.com/category/attorneys-legal/elardus-park/,"Attorneys & Legal Services in Elardus Park, Pretoria",1,marike-snyman-attorneys-elardus-park,Marike Snyman Attorneys
https://pretoriahub.com/category/attorneys-legal/eldorette/,"Attorneys & Legal Services in Eldorette, Pretoria",1,jaffer-matsimbi-inc-eldorette,Jaffer & Matsimbi Inc
https://pretoriahub.com/category/attorneys-legal/erasmia/,"Attorneys & Legal Services in Erasmia, Pretoria",1,enact-consulting-erasmia,Enact consulting
https://pretoriahub.com/category/attorneys-legal/garsfontein/,"Attorneys & Legal Services in Garsfontein, Pretoria",1,annelie-grundlingh-attorneys-garsfontein,Annelie Grundlingh Attorneys
https://pretoriahub.com/category/attorneys-legal/glen-lauriston/,"Attorneys & Legal Services in Glen Lauriston, Pretoria",1,bert-smith-inc-glen-lauriston,Bert Smith INC
https://pretoriahub.com/category/attorneys-legal/heritage-hill-estate/,"Attorneys & Legal Services in Heritage Hill Estate, Pretoria",1,crest-trust-services-heritage-hill-estate,Crest Trust Services
https://pretoriahub.com/category/attorneys-legal/heuwelsig-estate/,"Attorneys & Legal Services in Heuwelsig Estate, Pretoria",1,villarani-govender-attorneys-inc-heuwelsig-estate,Villarani Govender Attorneys Inc
https://pretoriahub.com/category/attorneys-legal/highveld/,"Attorneys & Legal Services in Highveld, Pretoria",1,mpileng-group-highveld,Mpileng Group
https://pretoriahub.com/category/attorneys-legal/kameeldrift/,"Attorneys & Legal Services in Kameeldrift, Pretoria",1,van-niekerk-attorneys-inc-kameeldrift,Van Niekerk Attorneys Inc
https://pretoriahub.com/category/attorneys-legal/lukasrand/,"Attorneys & Legal Services in Lukasrand, Pretoria",1,mphahlele-and-masipa-inc-attorneys-lukasrand,Mphahlele & Masipa Inc. Attorneys
https://pretoriahub.com/category/attorneys-legal/lynnwood-manor/,"Attorneys & Legal Services in Lynnwood Manor, Pretoria",1,adams-adams-menlyn,Adams & Adams
https://pretoriahub.com/category/attorneys-legal/lyttelton/,"Attorneys & Legal Services in Lyttelton, Pretoria",1,weyer-weyer-attorneys-lyttelton,Weyer & Weyer Attorneys
https://pretoriahub.com/category/attorneys-legal/menlo-park/,"Attorneys & Legal Services in Menlo Park, Pretoria",1,adriaan-venter-waterkloof,Adriaan Venter
https://pretoriahub.com/category/attorneys-legal/menlyn/,"Attorneys & Legal Services in Menlyn, Pretoria",1,marius-scheepers-co-menlyn,Marius Scheepers & Co
https://pretoriahub.com/category/attorneys-legal/meyerspark/,"Attorneys & Legal Services in Meyerspark, Pretoria",1,swiegers-inc-meyerspark,Swiegers Inc.
https://pretoriahub.com/category/attorneys-legal/midfields-estate/,"Attorneys & Legal Services in Midfields Estate, Pretoria",1,wolvaardt-inc-attorneys-pretoria-offices-midfields-estate,Wolvaardt Inc Attorneys - Pretoria Offices
https://pretoriahub.com/category/attorneys-legal/olievenhoutbosch/,"Attorneys & Legal Services in Olievenhoutbosch, Pretoria",1,mathebula-mf-attorneys-inc-olievenhoutbosch,MATHEBULA MF ATTORNEYS INC
https://pretoriahub.com/category/attorneys-legal/pretoria-central/,"Attorneys & Legal Services in Pretoria Central, Pretoria",1,dikolobe-attorneys-inc-pretoria-central,Dikolobe Attorneys Inc
https://pretoriahub.com/category/attorneys-legal/proclamation-hill/,"Attorneys & Legal Services in Proclamation Hill, Pretoria",1,pillay-inc-proclamation-hill,Pillay Inc
https://pretoriahub.com/category/attorneys-legal/raslouw/,"Attorneys & Legal Services in Raslouw, Pretoria",1,a-mohamed-attorneys-raslouw,A. Mohamed Attorneys
https://pretoriahub.com/category/attorneys-legal/rooiwal/,"Attorneys & Legal Services in Rooiwal, Pretoria",1,insel-attorneys-rooiwal,Insel Attorneys
https://pretoriahub.com/category/attorneys-legal/shere/,"Attorneys & Legal Services in Shere, Pretoria",1,maybery-attorneys-inc-shere,Maybery Attorneys Inc.
https://pretoriahub.com/category/attorneys-legal/thatchfield-estate/,"Attorneys & Legal Services in Thatchfield Estate, Pretoria",1,mathibele-mahlaela-attorneys-thatchfield-estate,Mathibele Mahlaela Attorneys
https://pretoriahub.com/category/attorneys-legal/the-willows/,"Attorneys & Legal Services in The Willows, Pretoria",1,kally-co-the-willows,KALLY & CO
https://pretoriahub.com/category/attorneys-legal/valhalla/,"Attorneys & Legal Services in Valhalla, Pretoria",1,muthray-associates-inc-valhalla,Muthray & Associates Inc.
https://pretoriahub.com/category/attorneys-legal/willow-park-manor/,"Attorneys & Legal Services in Willow Park Manor, Pretoria",1,coombe-commercial-incorporated-willow-park-manor,Coombe Commercial Incorporated
https://pretoriahub.com/category/attorneys-legal/wonderboom-south/,"Attorneys & Legal Services in Wonderboom South, Pretoria",1,charl-lochner-attorneys-wonderboom-south,Charl Lochner Attorneys
https://pretoriahub.com/category/attorneys-legal/wonderboom/,"Attorneys & Legal Services in Wonderboom, Pretoria",1,van-heerden-associates-attorneys-pretoria-wonderboom,van Heerden & Associates Attorneys Pretoria
https://pretoriahub.com/category/attorneys-legal/zwartkop/,"Attorneys & Legal Services in Zwartkop, Pretoria",1,bester-attorneys-inc-zwartkop,Bester Attorneys Inc
https://pretoriahub.com/category/automotive-repairs/brakfontein/,"Automotive & Repairs in Brakfontein, Pretoria",1,centurion-brake-and-clutch-centurion,Centurion Brake and Clutch
https://pretoriahub.com/category/automotive-repairs/centurion/,"Automotive & Repairs in Centurion, Pretoria",1,chips-away-centurion,Chips Away
https://pretoriahub.com/category/automotive-repairs/daspoort/,"Automotive & Repairs in Daspoort, Pretoria",1,hkb-performance-and-service-centre-daspoort,HKB Performance and Service Centre
https://pretoriahub.com/category/automotive-repairs/dorandia/,"Automotive & Repairs in Dorandia, Pretoria",1,autoboys-glass-pretoria-dorandia,Autoboys Glass Pretoria
https://pretoriahub.com/category/automotive-repairs/east-lynne/,"Automotive & Repairs in East Lynne, Pretoria",1,pantera-panelbeaters-east-lynne,Pantera Panelbeaters
https://pretoriahub.com/category/automotive-repairs/elardus-park/,"Automotive & Repairs in Elardus Park, Pretoria",1,ab-tinting-elardus-park,AB Tinting
https://pretoriahub.com/category/automotive-repairs/equestria/,"Automotive & Repairs in Equestria, Pretoria",1,car-care-workshop-lynnwood-lane-equestria,Car Care Workshop Lynnwood Lane
https://pretoriahub.com/category/automotive-repairs/erasmia/,"Automotive & Repairs in Erasmia, Pretoria",1,the-wheel-deal-erasmia,The Wheel Deal Service Centre
https://pretoriahub.com/category/automotive-repairs/heuweloord/,"Automotive & Repairs in Heuweloord, Pretoria",1,autocool-services-heuweloord,AutoCool Services
https://pretoriahub.com/category/automotive-repairs/highveld/,"Automotive & Repairs in Highveld, Pretoria",1,highveld-autoworks-highveld,Highveld Autoworks
https://pretoriahub.com/category/automotive-repairs/karenpark/,"Automotive & Repairs in Karenpark, Pretoria",1,mandla-fitment-centre-karenpark,Mandla Fitment Centre
https://pretoriahub.com/category/automotive-repairs/klerksoord/,"Automotive & Repairs in Klerksoord, Pretoria",1,jlf-automotive-klerksoord,JLF Automotive
https://pretoriahub.com/category/automotive-repairs/lyttelton/,"Automotive & Repairs in Lyttelton, Pretoria",1,lyttelton-autobody-lyttelton,Lyttelton Autobody
https://pretoriahub.com/category/automotive-repairs/magalieskruin/,"Automotive & Repairs in Magalieskruin, Pretoria",1,rex-diff-and-gearbox-pretoria-rdg-magalieskruin,Rex Diff and Gearbox Pretoria (RDG)
https://pretoriahub.com/category/automotive-repairs/monavoni/,"Automotive & Repairs in Monavoni, Pretoria",1,eisogyn-automotive-engineering-monavoni,Eisogyn Automotive Engineering
https://pretoriahub.com/category/automotive-repairs/montana-park/,"Automotive & Repairs in Montana Park, Pretoria",1,motomark-service-centre-montana-park,Motomark Service Centre
https://pretoriahub.com/category/automotive-repairs/monument-park/,"Automotive & Repairs in Monument Park, Pretoria",1,tyreworx-dastek-monument-park-monument-park,TYREWORX Dastek Monument Park
https://pretoriahub.com/category/automotive-repairs/pretoria-central/,"Automotive & Repairs in Pretoria Central, Pretoria",1,noise-boys-pretoria-central,Noise Boys
https://pretoriahub.com/category/automotive-repairs/sable-hills-waterfront-estate/,"Automotive & Repairs in Sable Hills Waterfront Estate, Pretoria",1,andrews-auto-detailing-sable-hills-waterfront-estate,Andrews Auto Detailing
https://pretoriahub.com/category/automotive-repairs/southdowns/,"Automotive & Repairs in Southdowns, Pretoria",1,autostar-car-wash-southdowns-southdowns,Autostar Car Wash Southdowns
https://pretoriahub.com/category/automotive-repairs/sunderland-ridge/,"Automotive & Repairs in Sunderland Ridge, Pretoria",1,muller-developments-pty-ltd-sunderland-ridge,Muller Developments (Pty) Ltd.
https://pretoriahub.com/category/automotive-repairs/theresapark/,"Automotive & Repairs in Theresapark, Pretoria",1,a1-car-service-theresapark,A1 Car Service
https://pretoriahub.com/category/automotive-repairs/villieria/,"Automotive & Repairs in Villieria, Pretoria",1,car-service-centre-in-villieria-and-silverlakes-villieria,"Car Service Centre in Villieria , and SILVERLAKES"
https://pretoriahub.com/category/bakeries/akasia/,"Bakeries in Akasia, Pretoria",1,lorenzo-bakery-akasia,Lorenzo Bakery
https://pretoriahub.com/category/bakeries/amandasig/,"Bakeries in Amandasig, Pretoria",1,design-a-cake-amandasig,Design a Cake
https://pretoriahub.com/category/bakeries/centurion/,"Bakeries in Centurion, Pretoria",1,fournos-centurion,Fournos
https://pretoriahub.com/category/bakeries/doringkloof/,"Bakeries in Doringkloof, Pretoria",1,doringkloof-vingerlek-bpk-doringkloof,Doringkloof Vingerlek BPK
https://pretoriahub.com/category/bakeries/elardus-park/,"Bakeries in Elardus Park, Pretoria",1,elardi-tuisnywerheid-elardus-park,Elardi Tuisnywerheid
https://pretoriahub.com/category/bakeries/florauna/,"Bakeries in Florauna, Pretoria",1,florauna-bakery-pizzeria-and-coffee-shop-florauna,Florauna bakery pizzeria and coffee shop
https://pretoriahub.com/category/bakeries/hazelwood/,"Bakeries in Hazelwood, Pretoria",1,lucky-bread-company-hazelwood,Lucky Bread Company
https://pretoriahub.com/category/bakeries/jan-niemand-park/,"Bakeries in Jan Niemand Park, Pretoria",1,mida-bakery-supplies-cc-jan-niemand-park,Mida Bakery Supplies CC
https://pretoriahub.com/category/bakeries/rooihuiskraal/,"Bakeries in Rooihuiskraal, Pretoria",1,lucky-bread-company-factory-rooihuiskraal,Lucky Bread Company - Factory
https://pretoriahub.com/category/bakeries/waterkloof/,"Bakeries in Waterkloof, Pretoria",1,miss-cake-bakery-waterkloof,Miss Cake Bakery
https://pretoriahub.com/category/bakeries/waverley/,"Bakeries in Waverley, Pretoria",1,ouma-se-nes-waverley,Ouma Se Nes
https://pretoriahub.com/category/bakeries/wierdapark/,"Bakeries in Wierdapark, Pretoria",1,natas-company-wierdapark,Natas & Company
https://pretoriahub.com/category/bakeries/wingate-park/,"Bakeries in Wingate Park, Pretoria",1,lucky-bread-company-castle-gate-lifestyle-wingate-park,Lucky Bread Company - Castle Gate Lifestyle
https://pretoriahub.com/category/beauty-hair-salons/celtisdal/,"Beauty & Hair Salons in Celtisdal, Pretoria",1,wellness-and-beauty-co-celtisdal,Wellness and Beauty Co
https://pretoriahub.com/category/beauty-hair-salons/clydesdale/,"Beauty & Hair Salons in Clydesdale, Pretoria",1,palladium-hair-company-clydesdale,Palladium Hair Company
https://pretoriahub.com/category/beauty-hair-salons/doringkloof/,"Beauty & Hair Salons in Doringkloof, Pretoria",1,kalm-skin-body-studio-doringkloof-mall-doringkloof,Kalm Skin + Body Studio: Doringkloof Mall
https://pretoriahub.com/category/beauty-hair-salons/equestria/,"Beauty & Hair Salons in Equestria, Pretoria",1,mo-s-barber-shop-equestria,MO's Barber Shop
https://pretoriahub.com/category/beauty-hair-salons/erasmia/,"Beauty & Hair Salons in Erasmia, Pretoria",1,senses-beauty-spa-erasmia,Senses Beauty & Spa
https://pretoriahub.com/category/beauty-hair-salons/groenkloof/,"Beauty & Hair Salons in Groenkloof, Pretoria",1,sorbet-salon-groenkloof,Sorbet Salon Groenkloof
https://pretoriahub.com/category/beauty-hair-salons/hazeldean/,"Beauty & Hair Salons in Hazeldean, Pretoria",1,waxit-hazeldean-hazeldean,WAXIT Hazeldean
https://pretoriahub.com/category/beauty-hair-salons/heritage-hill-estate/,"Beauty & Hair Salons in Heritage Hill Estate, Pretoria",1,lavish-heritage-hill-estate,Lavish - You'll Love It
https://pretoriahub.com/category/beauty-hair-salons/heuweloord/,"Beauty & Hair Salons in Heuweloord, Pretoria",1,ornics-hair-beauty-salon-heuweloord,Ornics Hair & Beauty Salon
https://pretoriahub.com/category/beauty-hair-salons/irene-farm-villages/,"Beauty & Hair Salons in Irene Farm Villages, Pretoria",1,sorbet-salon-irene-village-mall-irene-farm-villages,Sorbet Salon Irene Village
https://pretoriahub.com/category/beauty-hair-salons/karenpark/,"Beauty & Hair Salons in Karenpark, Pretoria",1,legends-barbershop-karenpark,Legends Barbershop
https://pretoriahub.com/category/beauty-hair-salons/les-marais/,"Beauty & Hair Salons in Les Marais, Pretoria",1,afro-hair-salon-les-marais,Afro Hair Salon
https://pretoriahub.com/category/beauty-hair-salons/lynnwood-manor/,"Beauty & Hair Salons in Lynnwood Manor, Pretoria",1,lapis-lazuli-beauty-bar-lynnwood-manor,Lapis Lazuli Beauty Bar
https://pretoriahub.com/category/beauty-hair-salons/moregloed/,"Beauty & Hair Salons in Moregloed, Pretoria",1,tattoo-academy-moregloed,Tattoo Academy
https://pretoriahub.com/category/beauty-hair-salons/muckleneuk/,"Beauty & Hair Salons in Muckleneuk, Pretoria",1,inoar-lifestyle-centre-muckleneuk,INOAR Lifestyle Centre
https://pretoriahub.com/category/beauty-hair-salons/ninapark/,"Beauty & Hair Salons in Ninapark, Pretoria",1,bingo-s-barber-shop-ninapark,Bingo's Barber Shop
https://pretoriahub.com/category/beauty-hair-salons/sinoville/,"Beauty & Hair Salons in Sinoville, Pretoria",1,hair-affair-beauty-salon-sinoville,Hair Affair & Beauty Salon
https://pretoriahub.com/category/beauty-hair-salons/the-reeds/,"Beauty & Hair Salons in The Reeds, Pretoria",1,exquiste-hair-salon-the-reeds,Exquiste Hair Salon
https://pretoriahub.com/category/beauty-hair-salons/the-willows/,"Beauty & Hair Salons in The Willows, Pretoria",1,la-di-da-hair-studio-the-willows,La-Di-Da Hair Studio
https://pretoriahub.com/category/beauty-hair-salons/waterkloof-heights/,"Beauty & Hair Salons in Waterkloof Heights, Pretoria",1,palladium-hair-co-waterkloof-heights,Palladium Hair Co
https://pretoriahub.com/category/beauty-hair-salons/wierdapark/,"Beauty & Hair Salons in Wierdapark, Pretoria",1,cheyannes-tattoos-piercing-studio-wierdapark,Cheyanne's Tattoos & Piercing Studio
https://pretoriahub.com/category/beauty-hair-salons/willow-park-manor/,"Beauty & Hair Salons in Willow Park Manor, Pretoria",1,glamour-bar-za-willow-park-manor,Glamour bar za
https://pretoriahub.com/category/books-stationery/blue-valley-golf-estate/,"Books & Stationery in Blue Valley Golf Estate, Pretoria",1,seartec-trading-pretoria-branch-blue-valley-golf-estate,Seartec Trading Pretoria Branch
https://pretoriahub.com/category/books-stationery/brooklands-lifestyle-estate/,"Books & Stationery in Brooklands Lifestyle Estate, Pretoria",1,briteidea-brooklands-lifestyle-estate,Briteidea
https://pretoriahub.com/category/books-stationery/bryntirion/,"Books & Stationery in Bryntirion, Pretoria",1,daisy-business-solutions-pretoria-copiers-pabx-cctv-bryntirion,Daisy Business Solutions Pretoria - COPIERS - PABX - CCTV
https://pretoriahub.com/category/books-stationery/buffelsdrift/,"Books & Stationery in Buffelsdrift, Pretoria",1,daisy-business-solutions-centurion-branch-copiers-pabx-cctv-buffelsdrift,Daisy Business Solutions Centurion Branch | COPIERS - PABX - CCTV
https://pretoriahub.com/category/books-stationery/de-wilgers/,"Books & Stationery in De Wilgers, Pretoria",1,galoot-stationery-print-shop-de-wilgers,Galoot - Stationery & Print Shop
https://pretoriahub.com/category/books-stationery/east-lynne/,"Books & Stationery in East Lynne, Pretoria",1,buku-office-supplies-east-lynne,Buku Office Supplies
https://pretoriahub.com/category/books-stationery/elardus-park/,"Books & Stationery in Elardus Park, Pretoria",1,forum-stationers-elarduspark-elardus-park,Forum Stationers Elarduspark
https://pretoriahub.com/category/books-stationery/eldoraigne/,"Books & Stationery in Eldoraigne, Pretoria",1,mcs-office-national-eldoraigne,MCS Office National
https://pretoriahub.com/category/books-stationery/eloffsdal/,"Books & Stationery in Eloffsdal, Pretoria",1,acb-bookshop-eloffsdal,ACB Bookshop
https://pretoriahub.com/category/books-stationery/faerie-glen/,"Books & Stationery in Faerie Glen, Pretoria",1,mega-books-faerie-glen,Mega Books
https://pretoriahub.com/category/books-stationery/hazeldean/,"Books & Stationery in Hazeldean, Pretoria",1,pna-hazeldean-hazeldean,PNA Hazeldean
https://pretoriahub.com/category/books-stationery/hermanstad/,"Books & Stationery in Hermanstad, Pretoria",1,ultimate-stationery-pty-ltd-hermanstad,Ultimate Stationery (Pty) Ltd
https://pretoriahub.com/category/books-stationery/highveld/,"Books & Stationery in Highveld, Pretoria",1,bidvest-waltons-highveld,Bidvest Waltons Centurion
https://pretoriahub.com/category/books-stationery/irene/,"Books & Stationery in Irene, Pretoria",1,ntd-technologies-pty-ltd-irene,NTD Technologies (PTY) LTD
https://pretoriahub.com/category/books-stationery/jan-niemand-park/,"Books & Stationery in Jan Niemand Park, Pretoria",1,die-byenes-jan-niemand-park,Die Byenes
https://pretoriahub.com/category/books-stationery/menlyn/,"Books & Stationery in Menlyn, Pretoria",1,cum-books-menlyn,CUM Books
https://pretoriahub.com/category/books-stationery/midfields-estate/,"Books & Stationery in Midfields Estate, Pretoria",1,daisy-business-solutions-midfields-estate,Daisy Business Solutions
https://pretoriahub.com/category/books-stationery/montana-gardens/,"Books & Stationery in Montana Gardens, Pretoria",1,graffiti-books-montana-gardens,Graffiti Books
https://pretoriahub.com/category/books-stationery/montana-park/,"Books & Stationery in Montana Park, Pretoria",1,pna-zambezi-montana-park,PNA Zambezi
https://pretoriahub.com/category/books-stationery/murrayfield/,"Books & Stationery in Murrayfield, Pretoria",1,j-c-office-supplies-murrayfield,J C OFFICE SUPPLIES
https://pretoriahub.com/category/books-stationery/olievenhoutbosch/,"Books & Stationery in Olievenhoutbosch, Pretoria",1,optimi-warehouse-olievenhoutbosch,Optimi Warehouse
https://pretoriahub.com/category/books-stationery/pierre-van-ryneveld-park/,"Books & Stationery in Pierre van Ryneveld Park, Pretoria",1,itec-edge-pierre-van-ryneveld-park,Itec Edge
https://pretoriahub.com/category/books-stationery/raslouw/,"Books & Stationery in Raslouw, Pretoria",1,pna-raslouw-raslouw,PNA Raslouw
https://pretoriahub.com/category/books-stationery/rooiwal/,"Books & Stationery in Rooiwal, Pretoria",1,kingshire-rooiwal,KingsHire
https://pretoriahub.com/category/books-stationery/silverton/,"Books & Stationery in Silverton, Pretoria",1,pna-silverton-silverton,PNA Silverton
https://pretoriahub.com/category/books-stationery/southdowns/,"Books & Stationery in Southdowns, Pretoria",1,pna-southdowns-southdowns,PNA Southdowns
https://pretoriahub.com/category/books-stationery/sunderland-ridge/,"Books & Stationery in Sunderland Ridge, Pretoria",1,bonolo-workshops-requisites-sunderland-ridge,Bonolo Workshops Requisites
https://pretoriahub.com/category/books-stationery/the-willows/,"Books & Stationery in The Willows, Pretoria",1,compubooks-pty-ltd-the-willows,CompuBooks (Pty) Ltd
https://pretoriahub.com/category/books-stationery/valhalla/,"Books & Stationery in Valhalla, Pretoria",1,offtek-cc-valhalla,Offtek cc
https://pretoriahub.com/category/books-stationery/wapadrand/,"Books & Stationery in Wapadrand, Pretoria",1,bondirite-wapadrand,BONDIRITE
https://pretoriahub.com/category/books-stationery/waverley/,"Books & Stationery in Waverley, Pretoria",1,waverley-skryfbehoeftes-en-dienssentrum-waverley,Waverley Skryfbehoeftes en Dienssentrum
https://pretoriahub.com/category/books-stationery/wonderboom/,"Books & Stationery in Wonderboom, Pretoria",1,typewrite-office-equipment-wonderboom,Typewrite Office Equipment
https://pretoriahub.com/category/books-stationery/zwartkop/,"Books & Stationery in Zwartkop, Pretoria",1,pack-all-stationary-zwartkop,Pack-All Stationary
https://pretoriahub.com/category/building-construction/amberfield/,"Building & Construction in Amberfield, Pretoria",1,crafthaus-kitchens-pty-ltd-amberfield,Crafthaus kitchens (PTY) LTD
https://pretoriahub.com/category/building-construction/annlin-west/,"Building & Construction in Annlin West, Pretoria",1,vharanani-boitshoko-jv-site-camp-annlin-west,Vharanani Boitshoko JV site Camp
https://pretoriahub.com/category/building-construction/brooklands-lifestyle-estate/,"Building & Construction in Brooklands Lifestyle Estate, Pretoria",1,karaga-steel-and-projects-pty-ltd-brooklands-lifestyle-estate,Karaga Steel and Projects (Pty) Ltd
https://pretoriahub.com/category/building-construction/candlewoods-estate/,"Building & Construction in Candlewoods Estate, Pretoria",1,van-niekerk-construction-candlewoods-estate,Van Niekerk Construction
https://pretoriahub.com/category/building-construction/clubview-east/,"Building & Construction in Clubview East, Pretoria",1,rsd-construction-and-maintenance-pty-ltd-clubview-east,RSD Construction and Maintenance (PTY) LTD
https://pretoriahub.com/category/building-construction/cornwall-hill-estate/,"Building & Construction in Cornwall Hill Estate, Pretoria",1,arte-construction-cornwall-hill-estate,Arte Construction
https://pretoriahub.com/category/building-construction/die-hoewes/,"Building & Construction in Die Hoewes, Pretoria",1,imbeu-development-and-project-management-die-hoewes,Imbeu Development and Project Management
https://pretoriahub.com/category/building-construction/eldoraigne/,"Building & Construction in Eldoraigne, Pretoria",1,door-fitting-pretoria-and-centurion-and-centurion-eldoraigne,Door fitting Pretoria and Centurion and Centurion
https://pretoriahub.com/category/building-construction/eldorette/,"Building & Construction in Eldorette, Pretoria",1,vuka-africa-consulting-engineers-project-managers-eldorette,VUKA AFRICA consulting engineers & project managers
https://pretoriahub.com/category/building-construction/erasmia/,"Building & Construction in Erasmia, Pretoria",1,the-hammer-effect-erasmia,The Hammer Effect
https://pretoriahub.com/category/building-construction/erasmuskloof/,"Building & Construction in Erasmuskloof, Pretoria",1,pavecorp-sa-pretoria-erasmuskloof,Pavecorp SA Pretoria
https://pretoriahub.com/category/building-construction/hermanstad/,"Building & Construction in Hermanstad, Pretoria",1,neldon-construction-hermanstad,Neldon Construction
https://pretoriahub.com/category/building-construction/irene-farm-villages/,"Building & Construction in Irene Farm Villages, Pretoria",1,kale-developments-irene-farm-villages,Kale Developments
https://pretoriahub.com/category/building-construction/kirkney/,"Building & Construction in Kirkney, Pretoria",1,easy-steel-structures-kirkney,Easy Steel Structures
https://pretoriahub.com/category/building-construction/lynnwood-glen/,"Building & Construction in Lynnwood Glen, Pretoria",1,masston-group-lynnwood-glen,Masston Group
https://pretoriahub.com/category/building-construction/mayville/,"Building & Construction in Mayville, Pretoria",1,steri-pools-mayville,Steri-Pools
https://pretoriahub.com/category/building-construction/meyerspark/,"Building & Construction in Meyerspark, Pretoria",1,drips-and-leaks-plumbers-meyerspark,Drips and Leaks Plumbers
https://pretoriahub.com/category/building-construction/monument-park/,"Building & Construction in Monument Park, Pretoria",1,buzaphi-construction-pty-ltd-monument-park,Buzaphi Construction (Pty) Ltd
https://pretoriahub.com/category/building-construction/murrayfield/,"Building & Construction in Murrayfield, Pretoria",1,kaoko-construction-pty-ltd-murrayfield,Kaoko Construction (Pty) Ltd
https://pretoriahub.com/category/building-construction/olympus/,"Building & Construction in Olympus, Pretoria",1,earthstone-properties-olympus,Earthstone Properties
https://pretoriahub.com/category/building-construction/parktown-estate/,"Building & Construction in Parktown Estate, Pretoria",1,afcosja-renovations-parktown-estate,Afcosja Renovations
https://pretoriahub.com/category/building-construction/philip-nel-park/,"Building & Construction in Philip Nel Park, Pretoria",1,mbozisi-construction-philip-nel-park,Mbozisi Construction & Architect
https://pretoriahub.com/category/building-construction/pierre-van-ryneveld-park/,"Building & Construction in Pierre van Ryneveld Park, Pretoria",1,tolcon-group-pierre-van-ryneveld-park,Tolcon Group
https://pretoriahub.com/category/building-construction/riviera/,"Building & Construction in Riviera, Pretoria",1,gorogang-plant-hire-riviera,Gorogang Plant Hire
https://pretoriahub.com/category/building-construction/rosslyn/,"Building & Construction in Rosslyn, Pretoria",1,club-refrigeration-c-c-rosslyn,Club Refrigeration C C
https://pretoriahub.com/category/building-construction/sable-hills-waterfront-estate/,"Building & Construction in Sable Hills Waterfront Estate, Pretoria",1,divine-trust-business-enterprise-pty-ltd-sable-hills-waterfront-estate,Divine trust business enterprise pty ltd
https://pretoriahub.com/category/building-construction/salieshoek/,"Building & Construction in Salieshoek, Pretoria",1,linear-building-projects-salieshoek,Linear Building Projects
https://pretoriahub.com/category/building-construction/silverton/,"Building & Construction in Silverton, Pretoria",1,wenbro-hire-silverton-silverton,Wenbro Hire Silverton
https://pretoriahub.com/category/building-construction/silvertondale/,"Building & Construction in Silvertondale, Pretoria",1,pec-utility-management-pty-ltd-silvertondale,PEC Utility Management (Pty) Ltd.
https://pretoriahub.com/category/building-construction/thatchfield-estate/,"Building & Construction in Thatchfield Estate, Pretoria",1,eco-paving-centurion-thatchfield-estate,ECO Paving Centurion
https://pretoriahub.com/category/building-construction/the-orchards/,"Building & Construction in The Orchards, Pretoria",1,ink-architects-the-orchards,Ink Architects
https://pretoriahub.com/category/building-construction/the-willows/,"Building & Construction in The Willows, Pretoria",1,jc-van-der-linde-venter-projects-the-willows,JC van der Linde & Venter Projects
https://pretoriahub.com/category/building-construction/tileba/,"Building & Construction in Tileba, Pretoria",1,cm-civils-tileba,CM Civils
https://pretoriahub.com/category/building-construction/waterkloof-park/,"Building & Construction in Waterkloof Park, Pretoria",1,shephtin-construction-and-projects-waterkloof-park,Shephtin Construction and Projects
https://pretoriahub.com/category/building-construction/weavind-park/,"Building & Construction in Weavind Park, Pretoria",1,phoenix-waterproofing-and-projects-weavind-park,Phoenix Waterproofing and Projects
https://pretoriahub.com/category/building-construction/wingate-park/,"Building & Construction in Wingate Park, Pretoria",1,stormcote-waterproofing-wingate-park,Stormcote Waterproofing
https://pretoriahub.com/category/business-consulting/amberfield-valley/,"Business & Management Consulting in Amberfield Valley, Pretoria",1,bizconsa-amberfield-valley,BizConSA
https://pretoriahub.com/category/business-consulting/andeon/,"Business & Management Consulting in Andeon, Pretoria",1,leona-corporate-south-africa-l-e-c-s-a-consulting-andeon,Leona Corporate South Africa (L.E.C.S.A -Consulting)
https://pretoriahub.com/category/business-consulting/boardwalk-meander/,"Business & Management Consulting in Boardwalk Meander, Pretoria",1,safety-management-group-pretoria-boardwalk-meander,Safety Management Group - Pretoria
https://pretoriahub.com/category/business-consulting/derdepoort-smallholdings/,"Business & Management Consulting in Derdepoort Smallholdings, Pretoria",1,mtd-research-specialists-derdepoort-smallholdings,MTD Research Specialists
https://pretoriahub.com/category/business-consulting/derdepoort/,"Business & Management Consulting in Derdepoort, Pretoria",1,claricent-consulting-services-pty-ltd-derdepoort,Claricent Consulting Services Pty Ltd
https://pretoriahub.com/category/business-consulting/die-wilgers/,"Business & Management Consulting in Die Wilgers, Pretoria",1,techfusion-pty-ltd-die-wilgers,Techfusion (Pty) Ltd
https://pretoriahub.com/category/business-consulting/east-lynne/,"Business & Management Consulting in East Lynne, Pretoria",1,tanatswa-consulting-east-lynne,Tanatswa Consulting
https://pretoriahub.com/category/business-consulting/elardus-park/,"Business & Management Consulting in Elardus Park, Pretoria",1,check-your-business-value-elardus-park,Check Your Business Value
https://pretoriahub.com/category/business-consulting/eldo-lakes-estate/,"Business & Management Consulting in Eldo Lakes Estate, Pretoria",1,linqit-solutions-pty-ltd-eldo-lakes-estate,LINQIT SOLUTIONS (PTY) LTD |
https://pretoriahub.com/category/business-consulting/eloffsdal/,"Business & Management Consulting in Eloffsdal, Pretoria",1,rcm-strategic-sustainment-consulting-eloffsdal,RCM Strategic Sustainment Consulting
https://pretoriahub.com/category/business-consulting/equestria/,"Business & Management Consulting in Equestria, Pretoria",1,quatro-integrated-services-pty-ltd-equestria,Quatro Integrated Services (Pty) Ltd
https://pretoriahub.com/category/business-consulting/erasmia/,"Business & Management Consulting in Erasmia, Pretoria",1,arhmat-business-consulting-pty-ltd-erasmia,Arhmat Business Consulting (Pty) Ltd
https://pretoriahub.com/category/business-consulting/erasmuskloof/,"Business & Management Consulting in Erasmuskloof, Pretoria",1,bee-registry-erasmuskloof,BEE Registry
https://pretoriahub.com/category/business-consulting/hesteapark/,"Business & Management Consulting in Hesteapark, Pretoria",1,m-t-a-neon-signs-hesteapark,M T a Neon Signs
https://pretoriahub.com/category/business-consulting/heuweloord/,"Business & Management Consulting in Heuweloord, Pretoria",1,forever-business-owner-centurion-heuweloord,Forever Business Owner Centurion
https://pretoriahub.com/category/business-consulting/heuwelsig-estate/,"Business & Management Consulting in Heuwelsig Estate, Pretoria",1,mulimisa-consulting-pty-ltd-heuwelsig-estate,MULIMISA CONSULTING (PTY) LTD
https://pretoriahub.com/category/business-consulting/irene-farm-villages/,"Business & Management Consulting in Irene Farm Villages, Pretoria",1,sprout-irene-farm-villages,SPROUT
https://pretoriahub.com/category/business-consulting/jan-niemand-park/,"Business & Management Consulting in Jan Niemand Park, Pretoria",1,prime-africa-consult-jan-niemand-park,Prime Africa Consult
https://pretoriahub.com/category/business-consulting/kameeldrift-east/,"Business & Management Consulting in Kameeldrift East, Pretoria",1,businessneeds-online-kameeldrift-east,BusinessNeeds Online
https://pretoriahub.com/category/business-consulting/karenpark/,"Business & Management Consulting in Karenpark, Pretoria",1,we4cused-trading-and-projects-pty-ltd-karenpark,We4Cused Trading and Projects (PTY) LTD
https://pretoriahub.com/category/business-consulting/kilner-park/,"Business & Management Consulting in Kilner Park, Pretoria",1,she-means-business-international-kilner-park,She Means Business International
https://pretoriahub.com/category/business-consulting/koedoespoort/,"Business & Management Consulting in Koedoespoort, Pretoria",1,auto-sound-engineering-koedoespoort,Auto Sound Engineering
https://pretoriahub.com/category/business-consulting/laudium/,"Business & Management Consulting in Laudium, Pretoria",1,discover247-laudium,Discover247
https://pretoriahub.com/category/business-consulting/louwlardia/,"Business & Management Consulting in Louwlardia, Pretoria",1,miliswam-group-of-companies-louwlardia,MILISWAM GROUP OF COMPANIES
https://pretoriahub.com/category/business-consulting/lynnwood-manor/,"Business & Management Consulting in Lynnwood Manor, Pretoria",1,water-research-commission-lynnwood-manor,Water Research Commission
https://pretoriahub.com/category/business-consulting/lyttelton-manor/,"Business & Management Consulting in Lyttelton Manor, Pretoria",1,artiflex-engineering-pty-ltd-head-office-lyttelton-manor,Artiflex Engineering (Pty) Ltd Head Office
https://pretoriahub.com/category/business-consulting/magalieskruin/,"Business & Management Consulting in Magalieskruin, Pretoria",1,kis-holdings-magalieskruin,KIS HOLDINGS
https://pretoriahub.com/category/business-consulting/meyerspark/,"Business & Management Consulting in Meyerspark, Pretoria",1,lindandanda-meyerspark,LINDANDANDA
https://pretoriahub.com/category/business-consulting/murrayfield/,"Business & Management Consulting in Murrayfield, Pretoria",1,beyond-murrayfield,BEYOND
https://pretoriahub.com/category/business-consulting/olievenhoutbosch/,"Business & Management Consulting in Olievenhoutbosch, Pretoria",1,revamp-arena-business-consulting-services-olievenhoutbosch,Revamp Arena (Business Consulting Services)
https://pretoriahub.com/category/business-consulting/philip-nel-park/,"Business & Management Consulting in Philip Nel Park, Pretoria",1,bodibe-ba-thaba-philip-nel-park,Bodibe Ba Thaba
https://pretoriahub.com/category/business-consulting/pretoria-north/,"Business & Management Consulting in Pretoria North, Pretoria",1,rick-netshiozwi-pretoria-north,Rick Netshiozwi
https://pretoriahub.com/category/business-consulting/proclamation-hill/,"Business & Management Consulting in Proclamation Hill, Pretoria",1,bokang-multi-services-proclamation-hill,Bokang Multi Services
https://pretoriahub.com/category/business-consulting/rietfontein/,"Business & Management Consulting in Rietfontein, Pretoria",1,billy-s-administrative-services-rietfontein,Billy's Administrative Services
https://pretoriahub.com/category/business-consulting/riviera/,"Business & Management Consulting in Riviera, Pretoria",1,adapt-management-consulting-riviera,Adapt Management Consulting
https://pretoriahub.com/category/business-consulting/rosslyn/,"Business & Management Consulting in Rosslyn, Pretoria",1,chrisnelsa-pty-ltd-rosslyn,CHRISNELSA PTY LTD
https://pretoriahub.com/category/business-consulting/salieshoek/,"Business & Management Consulting in Salieshoek, Pretoria",1,siyakha-smme-business-consultants-pty-ltd-salieshoek,Siyakha SMME Business Consultants (Pty) Ltd
https://pretoriahub.com/category/business-consulting/salvokop/,"Business & Management Consulting in Salvokop, Pretoria",1,kharitanganyise-general-services-kgs-pty-ltd-salvokop,Kharitanganyise General Services (KGS) (Pty) Ltd
https://pretoriahub.com/category/business-consulting/shere/,"Business & Management Consulting in Shere, Pretoria",1,tbi-team-building-institute-shere,TBi - Team Building Institute
https://pretoriahub.com/category/business-consulting/silvertondale/,"Business & Management Consulting in Silvertondale, Pretoria",1,remig-group-silvertondale,REMIG Group
https://pretoriahub.com/category/business-consulting/theresapark/,"Business & Management Consulting in Theresapark, Pretoria",1,green-world-akasia-theresapark,Green World Akasia
https://pretoriahub.com/category/business-consulting/valhalla/,"Business & Management Consulting in Valhalla, Pretoria",1,variable-valhalla,Variable
https://pretoriahub.com/category/business-consulting/waterkloof-park/,"Business & Management Consulting in Waterkloof Park, Pretoria",1,david-steynberg-waterkloof-park,David Steynberg
https://pretoriahub.com/category/business-consulting/willow-glen/,"Business & Management Consulting in Willow Glen, Pretoria",1,timeless-technologies-jhb-willow-glen,Timeless Technologies (JHB)
https://pretoriahub.com/category/business-consulting/wolmer/,"Business & Management Consulting in Wolmer, Pretoria",1,maphikelela-consulting-and-projects-pty-ltd-wolmer,Maphikelela Consulting and Projects (Pty) Ltd
https://pretoriahub.com/category/business-consulting/wonderboom/,"Business & Management Consulting in Wonderboom, Pretoria",1,dr-c-h-watson-entredyn-wonderboom,DR C H Watson (EntreDyn)
https://pretoriahub.com/category/butcheries/annlin-west/,"Butcheries in Annlin West, Pretoria",1,meat-world-wonderboom-annlin-west,Meat World Wonderboom
https://pretoriahub.com/category/butcheries/barclay-square/,"Butcheries in Barclay Square, Pretoria",1,bronberg-pretoria-central,Bronberg
https://pretoriahub.com/category/butcheries/bronberrik/,"Butcheries in Bronberrik, Pretoria",1,bronberrick-vleismark-bronberrik,Bronberrick Vleismark
https://pretoriahub.com/category/butcheries/centurion/,"Butcheries in Centurion, Pretoria",1,hokaai-centurion,Hokaai
https://pretoriahub.com/category/butcheries/doornpoort/,"Butcheries in Doornpoort, Pretoria",1,doornpark-vleismark-doornpoort,Doornpark Vleismark
https://pretoriahub.com/category/butcheries/eersterust/,"Butcheries in Eersterust, Pretoria",1,emt-butchery-eersterust-eersterust,EMT BUTCHERY EERSTERUST
https://pretoriahub.com/category/butcheries/eloffsdal/,"Butcheries in Eloffsdal, Pretoria",1,maders-slaghuis-eloffsdal,Maders Slaghuis
https://pretoriahub.com/category/butcheries/florauna/,"Butcheries in Florauna, Pretoria",1,tileba-vleismark-florauna,Tileba Vleismark
https://pretoriahub.com/category/butcheries/groenkloof/,"Butcheries in Groenkloof, Pretoria",1,groenkloof-slaghuis-groenkloof,Groenkloof Slaghuis
https://pretoriahub.com/category/butcheries/hesteapark/,"Butcheries in Hesteapark, Pretoria",1,hartbeeshoek-butchery-hesteapark,HARTBEESHOEK BUTCHERY
https://pretoriahub.com/category/butcheries/irene/,"Butcheries in Irene, Pretoria",1,friendly-butcher-centurion,Friendly Butcher
https://pretoriahub.com/category/butcheries/kameeldrift/,"Butcheries in Kameeldrift, Pretoria",1,drift-butchery-and-deli-kameeldrift,Drift Butchery and Deli
https://pretoriahub.com/category/butcheries/karenpark/,"Butcheries in Karenpark, Pretoria",1,obc-chicken-and-meat-karenpark,OBC Chicken and Meat
https://pretoriahub.com/category/butcheries/kilner-park/,"Butcheries in Kilner Park, Pretoria",1,pegasus-butchery-kilner-park,Pegasus Butchery
https://pretoriahub.com/category/butcheries/leeuwfontein/,"Butcheries in Leeuwfontein, Pretoria",1,hokaai-meat-market-leeuwfontein,HOKAAI MEAT MARKET
https://pretoriahub.com/category/butcheries/les-marais/,"Butcheries in Les Marais, Pretoria",1,inyama-e-kaya-les-marais,INYAMA E KAYA
https://pretoriahub.com/category/butcheries/lynnwood-manor/,"Butcheries in Lynnwood Manor, Pretoria",1,kings-meat-deli-lynnwood-manor,Kings Meat Deli
https://pretoriahub.com/category/butcheries/magalieskruin/,"Butcheries in Magalieskruin, Pretoria",1,mara-s-slaghuis-bakkery-magalieskruin,Mara's Slaghuis & Bakkery
https://pretoriahub.com/category/butcheries/marabastad/,"Butcheries in Marabastad, Pretoria",1,meat-2-oceans-market-pretoria-central,Meat 2 Oceans Market
https://pretoriahub.com/category/butcheries/midstream-ridge/,"Butcheries in Midstream Ridge, Pretoria",1,boma-meat-deli-midstream-ridge,Boma Meat Deli
https://pretoriahub.com/category/butcheries/monument-park/,"Butcheries in Monument Park, Pretoria",1,mondanette-butchery-monument-park-monument-park,Mondanette Butchery Monument Park
https://pretoriahub.com/category/butcheries/murrayfield/,"Butcheries in Murrayfield, Pretoria",1,padstal-slaghuis-murrayfield,Padstal Slaghuis
https://pretoriahub.com/category/butcheries/olievenhoutbosch/,"Butcheries in Olievenhoutbosch, Pretoria",1,roots-butchery-olievenhout-plaza-olievenhoutbosch,Roots Butchery
https://pretoriahub.com/category/butcheries/olympus/,"Butcheries in Olympus, Pretoria",1,boma-meat-market-olympus-village-olympus,Boma Meat Market
https://pretoriahub.com/category/butcheries/raslouw/,"Butcheries in Raslouw, Pretoria",1,meat-ark-raslouw,Meat Ark
https://pretoriahub.com/category/butcheries/riviera/,"Butcheries in Riviera, Pretoria",1,vleishuys-riviera-riviera,Vleishuys Riviera
https://pretoriahub.com/category/butcheries/roseville/,"Butcheries in Roseville, Pretoria",1,advance-wholesale-meat-market-roseville,Advance Wholesale Meat Market
https://pretoriahub.com/category/butcheries/sunnyside/,"Butcheries in Sunnyside, Pretoria",1,afia-pretoria-central,Afia
https://pretoriahub.com/category/butcheries/tileba/,"Butcheries in Tileba, Pretoria",1,tileba-vleismark-tileba,Tileba Vleismark
https://pretoriahub.com/category/butcheries/waverley/,"Butcheries in Waverley, Pretoria",1,waverley-slagtery-butchery-waverley,Waverley Slagtery Butchery
https://pretoriahub.com/category/butcheries/wierdapark/,"Butcheries in Wierdapark, Pretoria",1,wierda-park-butchery-wierdapark,Wierda Park Butchery
https://pretoriahub.com/category/car-dealerships/annlin-west/,"Car Dealerships in Annlin West, Pretoria",1,hamcor-truck-plant-sales-annlin-west,Hamcor Truck & Plant Sales
https://pretoriahub.com/category/car-dealerships/arcadia/,"Car Dealerships in Arcadia, Pretoria",1,dw-motors-pretoria-central,DW Motors
https://pretoriahub.com/category/car-dealerships/brakfontein/,"Car Dealerships in Brakfontein, Pretoria",1,auto-pedigree-centurion,Auto Pedigree
https://pretoriahub.com/category/car-dealerships/brooklands-lifestyle-estate/,"Car Dealerships in Brooklands Lifestyle Estate, Pretoria",1,dealersonline-brooklands-lifestyle-estate,DealersOnline
https://pretoriahub.com/category/car-dealerships/bryntirion/,"Car Dealerships in Bryntirion, Pretoria",1,europcar-pretoria-bryntirion,Europcar Pretoria
https://pretoriahub.com/category/car-dealerships/centurion-golf-estate/,"Car Dealerships in Centurion Golf Estate, Pretoria",1,chery-centurion-centurion-golf-estate,Chery Centurion
https://pretoriahub.com/category/car-dealerships/centurion/,"Car Dealerships in Centurion, Pretoria",1,volkswagen-centurion,Volkswagen
https://pretoriahub.com/category/car-dealerships/clubview/,"Car Dealerships in Clubview, Pretoria",1,jmc-centurion-clubview,JMC Centurion
https://pretoriahub.com/category/car-dealerships/de-wilgers/,"Car Dealerships in De Wilgers, Pretoria",1,porsche-centre-pretoria-de-wilgers,Porsche Centre Pretoria
https://pretoriahub.com/category/car-dealerships/die-wilgers/,"Car Dealerships in Die Wilgers, Pretoria",1,porsche-centre-pretoria-die-wilgers,Porsche Centre Pretoria
https://pretoriahub.com/category/car-dealerships/dorandia/,"Car Dealerships in Dorandia, Pretoria",1,mahindra-pretoria-north-dorandia,Mahindra Pretoria North
https://pretoriahub.com/category/car-dealerships/elardus-park/,"Car Dealerships in Elardus Park, Pretoria",1,cornwall-hill-motors-elardus-park,Cornwall Hill Motors
https://pretoriahub.com/category/car-dealerships/eloffsdal/,"Car Dealerships in Eloffsdal, Pretoria",1,chery-pretoria-eloffsdal,Chery Pretoria
https://pretoriahub.com/category/car-dealerships/les-marais/,"Car Dealerships in Les Marais, Pretoria",1,mario-motors-and-spare-parts-les-marais,MARIO MOTORS AND SPARE PARTS
https://pretoriahub.com/category/car-dealerships/monavoni/,"Car Dealerships in Monavoni, Pretoria",1,bus-factor-monavoni,Bus Factor
https://pretoriahub.com/category/car-dealerships/moregloed/,"Car Dealerships in Moregloed, Pretoria",1,de-haast-motoring-moregloed,De Haast Motoring
https://pretoriahub.com/category/car-dealerships/proclamation-hill/,"Car Dealerships in Proclamation Hill, Pretoria",1,ary-motors-proclamation-hill,ARY MOTORS
https://pretoriahub.com/category/car-dealerships/rooiwal/,"Car Dealerships in Rooiwal, Pretoria",1,ultimate-4x4-rooiwal,Ultimate 4x4
https://pretoriahub.com/category/car-dealerships/silverton/,"Car Dealerships in Silverton, Pretoria",1,sunward-motors-silverton-silverton,Sunward Motors Silverton
https://pretoriahub.com/category/car-dealerships/thatchfield-estate/,"Car Dealerships in Thatchfield Estate, Pretoria",1,teka-famba-thatchfield-estate,Teka Famba
https://pretoriahub.com/category/car-dealerships/wonderboom-south/,"Car Dealerships in Wonderboom South, Pretoria",1,cars-com-ii-wonderboom-south,Cars.Com II
https://pretoriahub.com/category/car-dealerships/wonderboom/,"Car Dealerships in Wonderboom, Pretoria",1,europcar-wonderboom-airport-wonderboom,Europcar Wonderboom Airport
https://pretoriahub.com/category/car-dealerships/zandfontein/,"Car Dealerships in Zandfontein, Pretoria",1,faw-trucks-pretoria-west-zandfontein,FAW Trucks Pretoria West
https://pretoriahub.com/category/catering/east-lynne/,"Catering in East Lynne, Pretoria",1,the-femalexx-kitchen-east-lynne,The Femalexx kitchen
https://pretoriahub.com/category/catering/eloffsdal/,"Catering in Eloffsdal, Pretoria",1,meintjes-catering-eloffsdal,MEINTJES CATERING
https://pretoriahub.com/category/catering/equestria/,"Catering in Equestria, Pretoria",1,cate-a-bake-factory-shop-equestria-equestria,Cate-a-Bake Factory Shop Equestria
https://pretoriahub.com/category/catering/erasmia/,"Catering in Erasmia, Pretoria",1,ahlaams-gourmet-grills-erasmia,Ahlaams Gourmet Grills
https://pretoriahub.com/category/catering/hermanstad/,"Catering in Hermanstad, Pretoria",1,catersales-pty-ltd-hermanstad,Catersales (Pty) Ltd
https://pretoriahub.com/category/catering/kameeldrift/,"Catering in Kameeldrift, Pretoria",1,catering-companion-kameeldrift,Catering Companion
https://pretoriahub.com/category/catering/lyttelton-manor/,"Catering in Lyttelton Manor, Pretoria",1,reef-caterers-lyttelton-manor,Reef Caterers
https://pretoriahub.com/category/catering/rooihuiskraal/,"Catering in Rooihuiskraal, Pretoria",1,the-real-food-co-catering-events-rooihuiskraal,The Real Food Co. Catering & Events
https://pretoriahub.com/category/catering/willow-park-manor/,"Catering in Willow Park Manor, Pretoria",1,mozcater-willow-park-manor,Mozcater
https://pretoriahub.com/category/cleaning-services/amandasig/,"Cleaning Services in Amandasig, Pretoria",1,iwesco-specialised-contract-cleaning-on-site-waste-management-amandasig,IWESCO Specialised Contract Cleaning & On-Site Waste Management
https://pretoriahub.com/category/cleaning-services/amberfield-ridge/,"Cleaning Services in Amberfield Ridge, Pretoria",1,amberfield-window-cleaners-amberfield-ridge,Amberfield Window Cleaners
https://pretoriahub.com/category/cleaning-services/blue-valley-golf-estate/,"Cleaning Services in Blue Valley Golf Estate, Pretoria",1,mooiplaats-landfill-disposal-recycling-site-pretoria-johannesburg-blue-valley-golf-estate,Mooiplaats Landfill Disposal Recycling Site Pretoria Johannesburg
https://pretoriahub.com/category/cleaning-services/boardwalk-manor/,"Cleaning Services in Boardwalk Manor, Pretoria",1,squeaky-clean-window-solar-panel-cleaners-boardwalk-manor,Squeaky Clean Window & Solar Panel Cleaners
https://pretoriahub.com/category/cleaning-services/boekenhoutskloof/,"Cleaning Services in Boekenhoutskloof, Pretoria",1,a-bach-waste-management-pty-ltd-boekenhoutskloof,A Bach Waste Management (Pty) Ltd
https://pretoriahub.com/category/cleaning-services/booysens/,"Cleaning Services in Booysens, Pretoria",1,africa-scrap-recyclers-booysens,Africa Scrap Recyclers
https://pretoriahub.com/category/cleaning-services/bryntirion/,"Cleaning Services in Bryntirion, Pretoria",1,berna-cleaning-services-pretoria-east-bryntirion,Berna Cleaning services - Pretoria East
https://pretoriahub.com/category/cleaning-services/celtisdal/,"Cleaning Services in Celtisdal, Pretoria",1,domestic-executives-celtisdal,Domestic Executives
https://pretoriahub.com/category/cleaning-services/clubview-east/,"Cleaning Services in Clubview East, Pretoria",1,clubview-laundry-clubview-east,Clubview Laundry
https://pretoriahub.com/category/cleaning-services/daspoort/,"Cleaning Services in Daspoort, Pretoria",1,the-laundry-daspoort,The Laundry
https://pretoriahub.com/category/cleaning-services/derdepoort-smallholdings/,"Cleaning Services in Derdepoort Smallholdings, Pretoria",1,ubuntu-ewaste-recycling-derdepoort-smallholdings,Ubuntu Ewaste Recycling
https://pretoriahub.com/category/cleaning-services/dorandia/,"Cleaning Services in Dorandia, Pretoria",1,crisp-and-clean-pretoria-north-dorandia,Crisp and Clean Pretoria North
https://pretoriahub.com/category/cleaning-services/east-lynne/,"Cleaning Services in East Lynne, Pretoria",1,cleaning-warehouse-east-lynne-east-lynne,Cleaning Warehouse East Lynne
https://pretoriahub.com/category/cleaning-services/elardus-park/,"Cleaning Services in Elardus Park, Pretoria",1,die-seep-winkel-elardus-park,Die Seep Winkel
https://pretoriahub.com/category/cleaning-services/erasmuskloof/,"Cleaning Services in Erasmuskloof, Pretoria",1,sr-solutions-erasmuskloof,SR Solutions
https://pretoriahub.com/category/cleaning-services/grootfontein-country-estate/,"Cleaning Services in Grootfontein Country Estate, Pretoria",1,danice-waste-management-grootfontein-country-estate,Danice Waste Management
https://pretoriahub.com/category/cleaning-services/heatherview/,"Cleaning Services in Heatherview, Pretoria",1,estlas-cleaning-services-pretoria-east-heatherview,Estlas Cleaning services - Pretoria East
https://pretoriahub.com/category/cleaning-services/hermanstad/,"Cleaning Services in Hermanstad, Pretoria",1,chem-supplies-hermanstad,Chem Supplies
https://pretoriahub.com/category/cleaning-services/hesteapark/,"Cleaning Services in Hesteapark, Pretoria",1,cleaning-sister-hesteapark,Cleaning Sister
https://pretoriahub.com/category/cleaning-services/jan-niemand-park/,"Cleaning Services in Jan Niemand Park, Pretoria",1,dial-a-drum-jan-niemand-park,Dial a Drum
https://pretoriahub.com/category/cleaning-services/kameeldrift/,"Cleaning Services in Kameeldrift, Pretoria",1,urban-skips-kameeldrift,Urban Skips
https://pretoriahub.com/category/cleaning-services/karenpark/,"Cleaning Services in Karenpark, Pretoria",1,wonder-park-dry-cleaners-karenpark,Wonder Park Dry Cleaners
https://pretoriahub.com/category/cleaning-services/kosmosdal/,"Cleaning Services in Kosmosdal, Pretoria",1,mdotc-solutions-kosmosdal,Mdotc Solutions
https://pretoriahub.com/category/cleaning-services/magalieskruin/,"Cleaning Services in Magalieskruin, Pretoria",1,magalieskruin-magalieskruin,Magalieskruin
https://pretoriahub.com/category/cleaning-services/meyerspark/,"Cleaning Services in Meyerspark, Pretoria",1,jay-cleaning-services-meyerspark,Jay cleaning services
https://pretoriahub.com/category/cleaning-services/onderstepoort/,"Cleaning Services in Onderstepoort, Pretoria",1,the-waste-group-pty-ltd-onderstepoort,The Waste Group (Pty) Ltd
https://pretoriahub.com/category/cleaning-services/pretoria-north/,"Cleaning Services in Pretoria North, Pretoria",1,cleaning-warehouse-pretoria-north-pretoria-north,Cleaning Warehouse Pretoria North
https://pretoriahub.com/category/cleaning-services/rosslyn/,"Cleaning Services in Rosslyn, Pretoria",1,enviroserv-rosslyn-depot-rosslyn,EnviroServ Rosslyn Depot
https://pretoriahub.com/category/cleaning-services/salieshoek/,"Cleaning Services in Salieshoek, Pretoria",1,marvellous-maids-pretoria-salieshoek,Marvellous Maids Pretoria
https://pretoriahub.com/category/cleaning-services/sterrewag/,"Cleaning Services in Sterrewag, Pretoria",1,the-laundry-company-sterrewag,The Laundry Company
https://pretoriahub.com/category/cleaning-services/sunderland-ridge/,"Cleaning Services in Sunderland Ridge, Pretoria",1,bluswirl-recycling-centurion-sunderland-ridge,BluSwirl Recycling Centurion
https://pretoriahub.com/category/cleaning-services/valhalla/,"Cleaning Services in Valhalla, Pretoria",1,broadway-laundry-valhalla,Broadway Laundry
https://pretoriahub.com/category/cleaning-services/wierdapark/,"Cleaning Services in Wierdapark, Pretoria",1,wierdapark-city-cleaning-services-maid-services-wierdapark,Wierdapark City Cleaning services & Maid Services
https://pretoriahub.com/category/cleaning-services/willow-park-manor/,"Cleaning Services in Willow Park Manor, Pretoria",1,windows-cleaning-projects-willow-park-manor,Windows Cleaning Projects
https://pretoriahub.com/category/clinics-healthcare/akasia/,"Clinics & Healthcare in Akasia, Pretoria",1,netcare-akasia-hospital-akasia,Netcare Akasia Hospital
https://pretoriahub.com/category/clinics-healthcare/baileys-muckleneuk/,"Clinics & Healthcare in Baileys Muckleneuk, Pretoria",1,frail-care-pretoria-brooklyn-care-waterkloof,Frail Care Pretoria-Brooklyn Care
https://pretoriahub.com/category/clinics-healthcare/barclay-square/,"Clinics & Healthcare in Barclay Square, Pretoria",1,green-cross-clinic-pretoria-central,Green Cross Clinic
https://pretoriahub.com/category/clinics-healthcare/booysens/,"Clinics & Healthcare in Booysens, Pretoria",1,clearflow-dialysis-solutions-booysens,ClearFlow Dialysis Solutions
https://pretoriahub.com/category/clinics-healthcare/brooklyn/,"Clinics & Healthcare in Brooklyn, Pretoria",1,life-brooklyn-day-hospital-brooklyn,Life Brooklyn Day Hospital
https://pretoriahub.com/category/clinics-healthcare/die-wilgers/,"Clinics & Healthcare in Die Wilgers, Pretoria",1,wilgers-hospital-die-wilgers,Wilgers Hospital
https://pretoriahub.com/category/clinics-healthcare/eersterust/,"Clinics & Healthcare in Eersterust, Pretoria",1,home-life-care-company-eersterust,Home Life Care Company
https://pretoriahub.com/category/clinics-healthcare/eldoraigne/,"Clinics & Healthcare in Eldoraigne, Pretoria",1,juan-oosthuizen-biokineticist-eldoraigne-centurion-eldoraigne,"Juan Oosthuizen Biokineticist Eldoraigne, Centurion"
https://pretoriahub.com/category/clinics-healthcare/eloffsdal/,"Clinics & Healthcare in Eloffsdal, Pretoria",1,med-step-clinic-eloffsdal,Med-Step Clinic
https://pretoriahub.com/category/clinics-healthcare/equestria/,"Clinics & Healthcare in Equestria, Pretoria",1,healthworx-medical-dental-centre-lynnwood-equestria,HEALth-WorX Medical & Dental Centre Lynnwood
https://pretoriahub.com/category/clinics-healthcare/groenkloof/,"Clinics & Healthcare in Groenkloof, Pretoria",1,spec-savers-groenkloof-waterkloof,Spec-Savers Groenkloof
https://pretoriahub.com/category/clinics-healthcare/highveld/,"Clinics & Healthcare in Highveld, Pretoria",1,highveld-medical-center-centurion,Highveld Medical Center
https://pretoriahub.com/category/clinics-healthcare/lotus-gardens/,"Clinics & Healthcare in Lotus Gardens, Pretoria",1,lotus-gardens-clinic-lotus-gardens,Lotus Gardens Clinic
https://pretoriahub.com/category/clinics-healthcare/lynnwood-manor/,"Clinics & Healthcare in Lynnwood Manor, Pretoria",1,ear-institute-lynnwood-menlyn,Ear Institute Lynnwood
https://pretoriahub.com/category/clinics-healthcare/menlyn/,"Clinics & Healthcare in Menlyn, Pretoria",1,menlyn-retail-park-clicks-pharmacy-menlyn,"Menlyn Retail Park, Clicks Pharmacy"
https://pretoriahub.com/category/clinics-healthcare/midstream-estate/,"Clinics & Healthcare in Midstream Estate, Pretoria",1,dermapro-clinical-care-midstream-estate,dermaPro Clinical Care
https://pretoriahub.com/category/clinics-healthcare/midstream-ridge/,"Clinics & Healthcare in Midstream Ridge, Pretoria",1,eastway-medical-health-and-wellness-centre-midstream-ridge,"Eastway Medical, Health and Wellness Centre"
https://pretoriahub.com/category/clinics-healthcare/monument-park/,"Clinics & Healthcare in Monument Park, Pretoria",1,crisisoncall-monument-park,CrisisOnCall
https://pretoriahub.com/category/clinics-healthcare/moregloed/,"Clinics & Healthcare in Moregloed, Pretoria",1,stabilis-treatment-centre-moregloed,Stabilis Treatment Centre
https://pretoriahub.com/category/clinics-healthcare/moreleta-park/,"Clinics & Healthcare in Moreleta Park, Pretoria",1,netcare-pretoria-east-hospital-moreleta-park,Netcare Pretoria East Hospital
https://pretoriahub.com/category/clinics-healthcare/muckleneuk/,"Clinics & Healthcare in Muckleneuk, Pretoria",1,noviskin-muckleneuk,Noviskin
https://pretoriahub.com/category/clinics-healthcare/pretorius-park/,"Clinics & Healthcare in Pretorius Park, Pretoria",1,pretorius-park-clinic-pretorius-park,Pretorius Park Clinic
https://pretoriahub.com/category/clinics-healthcare/proclamation-hill/,"Clinics & Healthcare in Proclamation Hill, Pretoria",1,izinso-dialysis-pretoria-west-proclamation-hill,Izinso Dialysis Pretoria West
https://pretoriahub.com/category/clinics-healthcare/silverton/,"Clinics & Healthcare in Silverton, Pretoria",1,netcare-medicross-silverton-silverton,Netcare Medicross Silverton
https://pretoriahub.com/category/clinics-healthcare/soshanguve/,"Clinics & Healthcare in Soshanguve, Pretoria",1,boitekanelo-private-health-care-soshanguve,Boitekanelo Private Health Care
https://pretoriahub.com/category/clinics-healthcare/southdowns/,"Clinics & Healthcare in Southdowns, Pretoria",1,ampath-southdowns-southdowns,Ampath Southdowns
https://pretoriahub.com/category/clinics-healthcare/the-willows/,"Clinics & Healthcare in The Willows, Pretoria",1,rx-health-the-willows,RX Health
https://pretoriahub.com/category/clinics-healthcare/val-de-grace/,"Clinics & Healthcare in Val de Grace, Pretoria",1,synexus-sa-watermeyer-clinical-research-centre-val-de-grace,Synexus SA Watermeyer Clinical Research Centre
https://pretoriahub.com/category/clinics-healthcare/waterkloof-ridge/,"Clinics & Healthcare in Waterkloof Ridge, Pretoria",1,the-way-recovery-waterkloof-ridge,The Way Recovery
https://pretoriahub.com/category/clinics-healthcare/waterkloof/,"Clinics & Healthcare in Waterkloof, Pretoria",1,somalogic-laser-clinic-waterkloof,Somalogic Laser Clinic
https://pretoriahub.com/category/clinics-healthcare/wierdapark/,"Clinics & Healthcare in Wierdapark, Pretoria",1,spectrum-hearing-wierdapark-centurion-wierdapark,"Spectrum Hearing - Wierdapark, Centurion"
https://pretoriahub.com/category/clinics-healthcare/wonderboom/,"Clinics & Healthcare in Wonderboom, Pretoria",1,intercare-wonderboom-wonderboom,Intercare Wonderboom
https://pretoriahub.com/category/commercial-property-office-space/akasia/,"Commercial Property & Office Space in Akasia, Pretoria",1,moropane-projects-akasia,Moropane Projects
https://pretoriahub.com/category/commercial-property-office-space/alphen-park/,"Commercial Property & Office Space in Alphen Park, Pretoria",1,podium-at-menlyn-alphen-park,Podium at Menlyn
https://pretoriahub.com/category/commercial-property-office-space/amandasig/,"Commercial Property & Office Space in Amandasig, Pretoria",1,quick-buy-houses-amandasig,Quick buy houses
https://pretoriahub.com/category/commercial-property-office-space/annlin-west/,"Commercial Property & Office Space in Annlin West, Pretoria",1,storage-genie-storage-units-pretoria-north-annlin-west,Storage Genie - Storage Units Pretoria North
https://pretoriahub.com/category/commercial-property-office-space/bergtuin/,"Commercial Property & Office Space in Bergtuin, Pretoria",1,sildale-park-bergtuin,Sildale Park
https://pretoriahub.com/category/commercial-property-office-space/boekenhoutskloof/,"Commercial Property & Office Space in Boekenhoutskloof, Pretoria",1,bank-of-lisbon-building-boekenhoutskloof,Bank of Lisbon Building
https://pretoriahub.com/category/commercial-property-office-space/booysens/,"Commercial Property & Office Space in Booysens, Pretoria",1,apollo-brush-booysens,Apollo Brush
https://pretoriahub.com/category/commercial-property-office-space/brakfontein/,"Commercial Property & Office Space in Brakfontein, Pretoria",1,the-cavaleros-group-brakfontein,The Cavaleros Group
https://pretoriahub.com/category/commercial-property-office-space/brooklands-lifestyle-estate/,"Commercial Property & Office Space in Brooklands Lifestyle Estate, Pretoria",1,saub-screamer-automated-utility-billing-brooklands-lifestyle-estate,SAUB - Screamer Automated Utility Billing
https://pretoriahub.com/category/commercial-property-office-space/brummeria/,"Commercial Property & Office Space in Brummeria, Pretoria",1,omniserve-facility-management-pretoria-east-garden-and-pool-services-brummeria,Omniserve Facility Management - Pretoria East Garden and Pool Services
https://pretoriahub.com/category/commercial-property-office-space/bryntirion/,"Commercial Property & Office Space in Bryntirion, Pretoria",1,costa-zervas-projects-c-c-bryntirion,Costa Zervas Projects C C
https://pretoriahub.com/category/commercial-property-office-space/buffelsdrift/,"Commercial Property & Office Space in Buffelsdrift, Pretoria",1,phformula-south-africa-warehouse-buffelsdrift,pHformula South Africa - Warehouse
https://pretoriahub.com/category/commercial-property-office-space/candlewoods-estate/,"Commercial Property & Office Space in Candlewoods Estate, Pretoria",1,bondev-office-park-midstream-candlewoods-estate,"Bondev Office Park, Midstream"
https://pretoriahub.com/category/commercial-property-office-space/celtisdal/,"Commercial Property & Office Space in Celtisdal, Pretoria",1,african-spirit-trading-71-pty-ltd-celtisdal,African Spirit Trading 71 (PTY) LTD
https://pretoriahub.com/category/commercial-property-office-space/clubview-east/,"Commercial Property & Office Space in Clubview East, Pretoria",1,clubview-storage-centurion-clubview-east,"Clubview Storage, Centurion"
https://pretoriahub.com/category/commercial-property-office-space/doornpoort/,"Commercial Property & Office Space in Doornpoort, Pretoria",1,rent-me-self-storage-doornpoort,Rent Me Self Storage
https://pretoriahub.com/category/commercial-property-office-space/dorandia/,"Commercial Property & Office Space in Dorandia, Pretoria",1,vianto-property-management-dorandia,Vianto Property Management
https://pretoriahub.com/category/commercial-property-office-space/doringkloof/,"Commercial Property & Office Space in Doringkloof, Pretoria",1,abland-property-developers-pretoria-doringkloof,Abland Property Developers (Pretoria)
https://pretoriahub.com/category/commercial-property-office-space/east-lynne/,"Commercial Property & Office Space in East Lynne, Pretoria",1,proper-document-storage-east-lynne,Proper Document Storage
https://pretoriahub.com/category/commercial-property-office-space/eco-park/,"Commercial Property & Office Space in Eco-Park, Pretoria",1,eco-square-eco-park,Eco Square
https://pretoriahub.com/category/commercial-property-office-space/eersterust/,"Commercial Property & Office Space in Eersterust, Pretoria",1,izinso-dialysis-services-eersterust-eersterust,Izinso Dialysis Services Eersterust
https://pretoriahub.com/category/commercial-property-office-space/elardus-park/,"Commercial Property & Office Space in Elardus Park, Pretoria",1,rmps-int-elardus-park,RMPS Int
https://pretoriahub.com/category/commercial-property-office-space/eloffsdal/,"Commercial Property & Office Space in Eloffsdal, Pretoria",1,amantle-property-management-eloffsdal,Amantle Property Management
https://pretoriahub.com/category/commercial-property-office-space/erasmia/,"Commercial Property & Office Space in Erasmia, Pretoria",1,ppc-mooiplaas-aggregate-mine-erasmia,PPC Mooiplaas Aggregate Mine
https://pretoriahub.com/category/commercial-property-office-space/erasmuskloof/,"Commercial Property & Office Space in Erasmuskloof, Pretoria",1,angelic-prime-integrated-facilities-management-reg-name-elegance-of-glory-in-eve-erasmuskloof,Angelic Prime Integrated Facilities Management Reg name Elegance of Glory in Every Leaf.
https://pretoriahub.com/category/commercial-property-office-space/hazeldean/,"Commercial Property & Office Space in Hazeldean, Pretoria",1,sana-properties-hazeldean,Sana Properties
https://pretoriahub.com/category/commercial-property-office-space/heuweloord/,"Commercial Property & Office Space in Heuweloord, Pretoria",1,rent-a-store-centurion-self-storage-heuweloord,RENT-A-STORE Centurion Self Storage
https://pretoriahub.com/category/commercial-property-office-space/highveld/,"Commercial Property & Office Space in Highveld, Pretoria",1,zimele-technologies-highveld,Zimele Technologies
https://pretoriahub.com/category/commercial-property-office-space/irene-farm-villages/,"Commercial Property & Office Space in Irene Farm Villages, Pretoria",1,roux-property-development-africa-cc-irene-farm-villages,Roux Property Development Africa Cc
https://pretoriahub.com/category/commercial-property-office-space/irene/,"Commercial Property & Office Space in Irene, Pretoria",1,guernsey-business-park-north-irene,Guernsey Business Park North
https://pretoriahub.com/category/commercial-property-office-space/kameeldrift/,"Commercial Property & Office Space in Kameeldrift, Pretoria",1,weldhagen-eggs-pty-ltd-warehouse-wholesaler-kameeldrift,Weldhagen Eggs (Pty) Ltd (Warehouse wholesaler)
https://pretoriahub.com/category/commercial-property-office-space/karenpark/,"Commercial Property & Office Space in Karenpark, Pretoria",1,thakgo-facility-solutions-karenpark,ThaKgo Facility Solutions
https://pretoriahub.com/category/commercial-property-office-space/kilner-park/,"Commercial Property & Office Space in Kilner Park, Pretoria",1,vpm-properties-kilner-park,VPM Properties
https://pretoriahub.com/category/commercial-property-office-space/klerksoord/,"Commercial Property & Office Space in Klerksoord, Pretoria",1,storenet-pty-ltd-klerksoord,Storenet Pty Ltd
https://pretoriahub.com/category/commercial-property-office-space/lotus-gardens/,"Commercial Property & Office Space in Lotus Gardens, Pretoria",1,dream-dynasty-lifestyle-hub-lotus-gardens,Dream Dynasty Lifestyle Hub
https://pretoriahub.com/category/commercial-property-office-space/lyttelton-manor/,"Commercial Property & Office Space in Lyttelton Manor, Pretoria",1,centurion-storage-lyttelton-manor,Centurion Storage
https://pretoriahub.com/category/commercial-property-office-space/lyttelton/,"Commercial Property & Office Space in Lyttelton, Pretoria",1,stor-age-self-storage-centurion-lyttelton,Stor-Age Self Storage Centurion
https://pretoriahub.com/category/commercial-property-office-space/midstream-estate/,"Commercial Property & Office Space in Midstream Estate, Pretoria",1,westside-trading-448-midstream-estate,Westside Trading 448
https://pretoriahub.com/category/commercial-property-office-space/midstream-ridge/,"Commercial Property & Office Space in Midstream Ridge, Pretoria",1,bridge-property-partners-midstream-ridge,BRIDGE PROPERTY PARTNERS
https://pretoriahub.com/category/commercial-property-office-space/montana-park/,"Commercial Property & Office Space in Montana Park, Pretoria",1,montana-centre-montana-park,Montana Centre
https://pretoriahub.com/category/commercial-property-office-space/olympus/,"Commercial Property & Office Space in Olympus, Pretoria",1,premier-self-storage-and-parking-olympus,Premier Self Storage and Parking
https://pretoriahub.com/category/commercial-property-office-space/proclamation-hill/,"Commercial Property & Office Space in Proclamation Hill, Pretoria",1,nps-management-solutions-proclamation-hill,NPS Management Solutions
https://pretoriahub.com/category/commercial-property-office-space/raslouw/,"Commercial Property & Office Space in Raslouw, Pretoria",1,rps-property-solutions-raslouw,RPS Property Solutions
https://pretoriahub.com/category/commercial-property-office-space/rietvalleirand/,"Commercial Property & Office Space in Rietvalleirand, Pretoria",1,vsp-huur-rietvalleirand,VSP Huur
https://pretoriahub.com/category/commercial-property-office-space/rooihuiskraal-north/,"Commercial Property & Office Space in Rooihuiskraal North, Pretoria",1,anaprop-property-management-rooihuiskraal-north,Anaprop Property Management
https://pretoriahub.com/category/commercial-property-office-space/rooihuiskraal/,"Commercial Property & Office Space in Rooihuiskraal, Pretoria",1,alltech-biotechnology-south-africa-rooihuiskraal,Alltech Biotechnology South Africa
https://pretoriahub.com/category/commercial-property-office-space/rooiwal/,"Commercial Property & Office Space in Rooiwal, Pretoria",1,montani-property-valuers-rooiwal,Montani Property Valuers
https://pretoriahub.com/category/commercial-property-office-space/roseville/,"Commercial Property & Office Space in Roseville, Pretoria",1,zire-fresh-produce-distribution-centre-pretoria-roseville,Zire Fresh Produce Distribution Centre Pretoria
https://pretoriahub.com/category/commercial-property-office-space/salieshoek/,"Commercial Property & Office Space in Salieshoek, Pretoria",1,incase-self-storage-pretoria-east-salieshoek,InCase Self Storage Pretoria East
https://pretoriahub.com/category/commercial-property-office-space/shere/,"Commercial Property & Office Space in Shere, Pretoria",1,uniqon-developers-pty-ltd-shere,Uniqon Developers (Pty) Ltd
https://pretoriahub.com/category/commercial-property-office-space/sterrewag/,"Commercial Property & Office Space in Sterrewag, Pretoria",1,weir-consulting-sterrewag,Weir Consulting
https://pretoriahub.com/category/commercial-property-office-space/the-hills-eco-game-estate/,"Commercial Property & Office Space in The Hills Eco-Game Estate, Pretoria",1,the-hills-game-reserve-estate-atterbury-gate-house-the-hills-eco-game-estate,The Hills Game Reserve Estate / Atterbury Gate House
https://pretoriahub.com/category/commercial-property-office-space/the-orchards/,"Commercial Property & Office Space in The Orchards, Pretoria",1,eagle-self-storage-the-orchards,Eagle Self Storage
https://pretoriahub.com/category/commercial-property-office-space/waltloo/,"Commercial Property & Office Space in Waltloo, Pretoria",1,fwmm-enterprises-waltloo,FWMM Enterprises
https://pretoriahub.com/category/commercial-property-office-space/wapadrand/,"Commercial Property & Office Space in Wapadrand, Pretoria",1,mamre-property-management-wapadrand,Mamre Property Management
https://pretoriahub.com/category/commercial-property-office-space/wierdapark/,"Commercial Property & Office Space in Wierdapark, Pretoria",1,martinique-property-management-wierdapark,Martinique Property Management
https://pretoriahub.com/category/commercial-property-office-space/willow-glen/,"Commercial Property & Office Space in Willow Glen, Pretoria",1,self-storage-willow-glen,Self Storage
https://pretoriahub.com/category/commercial-property-office-space/willow-park-manor/,"Commercial Property & Office Space in Willow Park Manor, Pretoria",1,natrent-rentals-willow-park-manor,NatRent Rentals
https://pretoriahub.com/category/commercial-property-office-space/wingate-park/,"Commercial Property & Office Space in Wingate Park, Pretoria",1,rozewood-wingate-park,Rozewood
https://pretoriahub.com/category/commercial-property-office-space/wonderboom-south/,"Commercial Property & Office Space in Wonderboom South, Pretoria",1,maintenance-risk-solutions-wonderboom-south,Maintenance Risk Solutions
https://pretoriahub.com/category/commercial-property-office-space/wonderboom/,"Commercial Property & Office Space in Wonderboom, Pretoria",1,basumi-projects-wonderboom,Basumi Projects
https://pretoriahub.com/category/commercial-property-office-space/zwartkop/,"Commercial Property & Office Space in Zwartkop, Pretoria",1,stor-age-self-storage-zwartkop-zwartkop,Stor-Age Self Storage Zwartkop
https://pretoriahub.com/category/computer-it-services/akasia/,"Computer & IT Services in Akasia, Pretoria",1,olibecca-consulting-akasia,Olibecca Consulting
https://pretoriahub.com/category/computer-it-services/alphen-park/,"Computer & IT Services in Alphen Park, Pretoria",1,tshwane-digital-solutions-pty-ltd-alphen-park,Tshwane Digital Solutions (Pty) Ltd
https://pretoriahub.com/category/computer-it-services/amandasig/,"Computer & IT Services in Amandasig, Pretoria",1,renewonline-pty-ltd-amandasig,Renewonline PTY LTD
https://pretoriahub.com/category/computer-it-services/amberfield-manor/,"Computer & IT Services in Amberfield Manor, Pretoria",1,centbiz-multipurpose-computer-technology-company-amberfield-manor,Centbiz - Multipurpose Computer Technology Company
https://pretoriahub.com/category/computer-it-services/amberfield-valley/,"Computer & IT Services in Amberfield Valley, Pretoria",1,blue-connect-technology-amberfield-valley,Blue Connect Technology
https://pretoriahub.com/category/computer-it-services/amberfield/,"Computer & IT Services in Amberfield, Pretoria",1,22-twn-group-pty-ltd-amberfield,22 TWN Group (Pty) Ltd
https://pretoriahub.com/category/computer-it-services/ashley-gardens/,"Computer & IT Services in Ashley Gardens, Pretoria",1,emtelle-pty-ltd-ashley-gardens,Emtelle (Pty) Ltd
https://pretoriahub.com/category/computer-it-services/bergtuin/,"Computer & IT Services in Bergtuin, Pretoria",1,social-company-bergtuin,Social Company
https://pretoriahub.com/category/computer-it-services/booysens/,"Computer & IT Services in Booysens, Pretoria",1,decafe-booysens-booysens,Decafe booysens
https://pretoriahub.com/category/computer-it-services/brooklands-lifestyle-estate/,"Computer & IT Services in Brooklands Lifestyle Estate, Pretoria",1,pcbuilder-brooklands-lifestyle-estate,PCBuilder
https://pretoriahub.com/category/computer-it-services/bryntirion/,"Computer & IT Services in Bryntirion, Pretoria",1,tech-tech-bryntirion,Tech-Tech
https://pretoriahub.com/category/computer-it-services/buffelsdrift/,"Computer & IT Services in Buffelsdrift, Pretoria",1,ekasilam-technologies-dev-ops-buffelsdrift,Ekasilam Technologies Dev Ops
https://pretoriahub.com/category/computer-it-services/celtisdal/,"Computer & IT Services in Celtisdal, Pretoria",1,centurion-micro-electronics-cme-celtisdal,Centurion Micro Electronics (CME)
https://pretoriahub.com/category/computer-it-services/centurion-central/,"Computer & IT Services in Centurion Central, Pretoria",1,mjl-communications-centurion-central,MJL Communications
https://pretoriahub.com/category/computer-it-services/centurion/,"Computer & IT Services in Centurion, Pretoria",1,pilog-centurion,PiLog
https://pretoriahub.com/category/computer-it-services/claudius/,"Computer & IT Services in Claudius, Pretoria",1,k4-computers-claudius,K4 Computers
https://pretoriahub.com/category/computer-it-services/clydesdale/,"Computer & IT Services in Clydesdale, Pretoria",1,pretoria-wisp-clydesdale,Pretoria WISP
https://pretoriahub.com/category/computer-it-services/daspoort/,"Computer & IT Services in Daspoort, Pretoria",1,dfs-deals-daspoort,DFS Deals
https://pretoriahub.com/category/computer-it-services/derdepoort-smallholdings/,"Computer & IT Services in Derdepoort Smallholdings, Pretoria",1,intelligent-computing-derdepoort-smallholdings,Intelligent Computing
https://pretoriahub.com/category/computer-it-services/die-wilgers/,"Computer & IT Services in Die Wilgers, Pretoria",1,sunbird-media-die-wilgers,Sunbird Media
https://pretoriahub.com/category/computer-it-services/eersterust/,"Computer & IT Services in Eersterust, Pretoria",1,jeocom-internet-provider-eersterust,Jeocom Internet Provider
https://pretoriahub.com/category/computer-it-services/elardus-park/,"Computer & IT Services in Elardus Park, Pretoria",1,dateg-digital-solutions-elardus-park,Dateg Digital Solutions
https://pretoriahub.com/category/computer-it-services/eloffsdal/,"Computer & IT Services in Eloffsdal, Pretoria",1,radio-communication-consultants-eloffsdal,RADIO COMMUNICATION CONSULTANTS
https://pretoriahub.com/category/computer-it-services/equestria/,"Computer & IT Services in Equestria, Pretoria",1,hop-equestria,Hop
https://pretoriahub.com/category/computer-it-services/garsfontein-smallholdings/,"Computer & IT Services in Garsfontein Smallholdings, Pretoria",1,click-results-web-design-digital-marketing-garsfontein-smallholdings,Click Results Web Design & Digital Marketing
https://pretoriahub.com/category/computer-it-services/grootfontein-country-estate/,"Computer & IT Services in Grootfontein Country Estate, Pretoria",1,4d-it-solutions-grootfontein-country-estate,4D IT Solutions
https://pretoriahub.com/category/computer-it-services/heatherdale/,"Computer & IT Services in Heatherdale, Pretoria",1,elenti-solutions-heatherdale,ELENTI Solutions
https://pretoriahub.com/category/computer-it-services/heatherview/,"Computer & IT Services in Heatherview, Pretoria",1,mtd-data-analysis-heatherview,MTD Data Analysis
https://pretoriahub.com/category/computer-it-services/laudium/,"Computer & IT Services in Laudium, Pretoria",1,eworkshop-laudium,eWorkshop
https://pretoriahub.com/category/computer-it-services/lyttelton-manor/,"Computer & IT Services in Lyttelton Manor, Pretoria",1,truteq-wireless-pty-ltd-lyttelton-manor,Truteq Wireless (Pty) Ltd.
https://pretoriahub.com/category/computer-it-services/menlo-park/,"Computer & IT Services in Menlo Park, Pretoria",1,nerds-on-site-computer-services-south-africa-waterkloof,Nerds On Site Computer Services South Africa
https://pretoriahub.com/category/computer-it-services/meyerspark/,"Computer & IT Services in Meyerspark, Pretoria",1,xnext-meyerspark,Xnext
https://pretoriahub.com/category/computer-it-services/midfields-estate/,"Computer & IT Services in Midfields Estate, Pretoria",1,ilead-et-al-midfields-estate,iLEAD et al
https://pretoriahub.com/category/computer-it-services/montana-gardens/,"Computer & IT Services in Montana Gardens, Pretoria",1,computer-mania-kolonnade-shopping-centre-montana-gardens,Computer Mania Kolonnade Shopping Centre
https://pretoriahub.com/category/computer-it-services/monument-park/,"Computer & IT Services in Monument Park, Pretoria",1,logon-it-store-monument-park,Logon IT Store
https://pretoriahub.com/category/computer-it-services/muckleneuk/,"Computer & IT Services in Muckleneuk, Pretoria",1,towerset-pty-ltd-muckleneuk,Towerset (Pty) Ltd.
https://pretoriahub.com/category/computer-it-services/olympus/,"Computer & IT Services in Olympus, Pretoria",1,afrimedia-olympus,AfriMedia
https://pretoriahub.com/category/computer-it-services/parktown-estate/,"Computer & IT Services in Parktown Estate, Pretoria",1,lenga-solutions-pty-ltd-parktown-estate,Lenga Solutions (PTY) LTD
https://pretoriahub.com/category/computer-it-services/pretoria-central/,"Computer & IT Services in Pretoria Central, Pretoria",1,cash-crusaders-schubart-pretoria-central,Cash Crusaders-Schubart
https://pretoriahub.com/category/computer-it-services/pretoria-north/,"Computer & IT Services in Pretoria North, Pretoria",1,dishpro-dstv-installer-pretoria-north-pretoria-north,DishPro DSTV Installer Pretoria North
https://pretoriahub.com/category/computer-it-services/proclamation-hill/,"Computer & IT Services in Proclamation Hill, Pretoria",1,alnel-construction-pty-ltd-tower-supply-installation-proclamation-hill,ALNEL Construction Pty Ltd | Tower Supply & Installation
https://pretoriahub.com/category/computer-it-services/rooihuiskraal/,"Computer & IT Services in Rooihuiskraal, Pretoria",1,halo-technology-rooihuiskraal,Halo Technology
https://pretoriahub.com/category/computer-it-services/sinoville/,"Computer & IT Services in Sinoville, Pretoria",1,ceeit-solutions-sinoville,CEEIT Solutions
https://pretoriahub.com/category/computer-it-services/the-reeds/,"Computer & IT Services in The Reeds, Pretoria",1,business-growth-marketing-group-the-reeds,Business Growth Marketing Group
https://pretoriahub.com/category/computer-it-services/val-de-grace/,"Computer & IT Services in Val de Grace, Pretoria",1,it-trust-for-trusted-it-solutions-val-de-grace,IT Trust - For Trusted IT Solutions
https://pretoriahub.com/category/computer-it-services/waterkloof-park/,"Computer & IT Services in Waterkloof Park, Pretoria",1,stem-connect-waterkloof-park,Stem Connect
https://pretoriahub.com/category/computer-it-services/willow-glen/,"Computer & IT Services in Willow Glen, Pretoria",1,wirelexx-willow-glen,Wirelexx
https://pretoriahub.com/category/computer-it-services/wingate-park/,"Computer & IT Services in Wingate Park, Pretoria",1,jh-computing-pretoria-wingate-park,JH Computing Pretoria
https://pretoriahub.com/category/computer-it-services/wolmer/,"Computer & IT Services in Wolmer, Pretoria",1,deovolent-it-solutions-wolmer,Deovolent IT Solutions
https://pretoriahub.com/category/computer-it-services/wonderboom-south/,"Computer & IT Services in Wonderboom South, Pretoria",1,spaceweb-technologies-wonderboom-south,SPACEWEB TECHNOLOGIES
https://pretoriahub.com/category/computer-it-services/wonderboom/,"Computer & IT Services in Wonderboom, Pretoria",1,blueict-pty-ltd-wonderboom,BlueICT (Pty) Ltd
https://pretoriahub.com/category/computer-it-services/woodhill-golf-estate/,"Computer & IT Services in Woodhill Golf Estate, Pretoria",1,ciber-consulting-pty-ltd-woodhill-golf-estate,Ciber Consulting (Pty) Ltd
https://pretoriahub.com/category/computer-it-services/zwartkop/,"Computer & IT Services in Zwartkop, Pretoria",1,hd-telecoms-zwartkop,HD Telecoms
https://pretoriahub.com/category/convenience-stores/arcadia/,"Convenience Stores in Arcadia, Pretoria",1,kwikspar-pretoria-central,KwikSpar
https://pretoriahub.com/category/convenience-stores/la-montagne/,"Convenience Stores in La Montagne, Pretoria",1,ok-express-la-montagne-la-montagne,OK EXPRESS La Montagne
https://pretoriahub.com/category/convenience-stores/wapadrand/,"Convenience Stores in Wapadrand, Pretoria",1,freshstop-at-caltex-wapadrand-wapadrand,FreshStop at Caltex Wapadrand
https://pretoriahub.com/category/convenience-stores/zwavelpoort/,"Convenience Stores in Zwavelpoort, Pretoria",1,die-stasie-padstal-venue-zwavelpoort,Die Stasie - Padstal & Venue
https://pretoriahub.com/category/dentists/ashley-gardens/,"Dentists in Ashley Gardens, Pretoria",1,ash-dental-ashley-gardens,ASH Dental
https://pretoriahub.com/category/dentists/brooklyn/,"Dentists in Brooklyn, Pretoria",1,dr-mc-minnie-waterkloof,Dr MC Minnie
https://pretoriahub.com/category/dentists/centurion/,"Dentists in Centurion, Pretoria",1,nova-dental-care-southlake-centre-first-floor-centurion,"Nova Dental Care Southlake Centre, First Floor"
https://pretoriahub.com/category/dentists/faerie-glen/,"Dentists in Faerie Glen, Pretoria",1,the-family-dentist-faerie-glen,The Family Dentist
https://pretoriahub.com/category/dentists/groenkloof/,"Dentists in Groenkloof, Pretoria",1,groenkloof-dentist-waterkloof,Groenkloof Dentist
https://pretoriahub.com/category/dentists/menlo-park/,"Dentists in Menlo Park, Pretoria",1,dr-hefer-menlyn,Dr Hefer
https://pretoriahub.com/category/dentists/moreleta-park/,"Dentists in Moreleta Park, Pretoria",1,dr-elsa-prinsloo-les-marais,Dr ELSA PRINSLOO
https://pretoriahub.com/category/dentists/waterkloof/,"Dentists in Waterkloof, Pretoria",1,brooklyn-dens-dental-studio-waterkloof,Brooklyn Dens Dental Studio
https://pretoriahub.com/category/doctors-gps/barclay-square/,"Doctors & GPs in Barclay Square, Pretoria",1,dr-og-oyeyemi-pretoria-central,Dr Og Oyeyemi
https://pretoriahub.com/category/doctors-gps/de-wilgers/,"Doctors & GPs in De Wilgers, Pretoria",1,dr-j-constantinides-de-wilgers,Dr J Constantinides
https://pretoriahub.com/category/doctors-gps/eersterust/,"Doctors & GPs in Eersterust, Pretoria",1,dr-c-c-khan-eersterust,Dr C C Khan
https://pretoriahub.com/category/doctors-gps/pierre-van-ryneveld-park/,"Doctors & GPs in Pierre van Ryneveld Park, Pretoria",1,dr-esre-struwig-pierre-van-ryneveld-park,Dr Esre Struwig
https://pretoriahub.com/category/doctors-gps/proclamation-hill/,"Doctors & GPs in Proclamation Hill, Pretoria",1,dr-belinda-botha-proclamation-hill,Dr Belinda Botha
https://pretoriahub.com/category/doctors-gps/waterkloof/,"Doctors & GPs in Waterkloof, Pretoria",1,gsmop-gerhard-swart-medical-orthotist-and-prosthetist-waterkloof,GSMOP - Gerhard Swart Medical Orthotist and Prosthetist
https://pretoriahub.com/category/electricians/centurion-golf-estate/,"Electricians in Centurion Golf Estate, Pretoria",1,centurion-electricians-centurion-centurion-golf-estate,Centurion Electricians Centurion
https://pretoriahub.com/category/electricians/claudius/,"Electricians in Claudius, Pretoria",1,lm-electrical-and-plumbing-claudius,LM Electrical and Plumbing
https://pretoriahub.com/category/electricians/clydesdale/,"Electricians in Clydesdale, Pretoria",1,cbee-electrical-clydesdale,Cbee Electrical
https://pretoriahub.com/category/electricians/colbyn/,"Electricians in Colbyn, Pretoria",1,colbyn-electrical-services-colbyn,Colbyn Electrical Services
https://pretoriahub.com/category/electricians/constantia-park/,"Electricians in Constantia Park, Pretoria",1,jlu-electrical-constantia-park,Jlu Electrical
https://pretoriahub.com/category/electricians/derdepoort/,"Electricians in Derdepoort, Pretoria",1,rolec-electrical-generators-contractors-cc-derdepoort,Rolec Electrical & Generators Contractors CC
https://pretoriahub.com/category/electricians/east-lynne/,"Electricians in East Lynne, Pretoria",1,vp-electrical-contractors-pty-ltd-east-lynne,VP Electrical Contractors (Pty) Ltd
https://pretoriahub.com/category/electricians/eersterust/,"Electricians in Eersterust, Pretoria",1,rivera-consulting-and-projects-pty-ltd-eersterust,Rivera Consulting And Projects (Pty)Ltd
https://pretoriahub.com/category/electricians/eldorette/,"Electricians in Eldorette, Pretoria",1,riakona-electrical-solutions-and-projects-eldorette,Riakona Electrical Solutions and Projects
https://pretoriahub.com/category/electricians/hennopspark/,"Electricians in Hennopspark, Pretoria",1,control-systems-integration-pty-ltd-hennopspark,Control Systems Integration Pty Ltd
https://pretoriahub.com/category/electricians/heuweloord/,"Electricians in Heuweloord, Pretoria",1,hometechguy-pty-ltd-heuweloord,HomeTechGuy (Pty) Ltd
https://pretoriahub.com/category/electricians/kameeldrift-east/,"Electricians in Kameeldrift East, Pretoria",1,lrt-electrical-kameeldrift-east,LRT Electrical
https://pretoriahub.com/category/electricians/kameeldrift/,"Electricians in Kameeldrift, Pretoria",1,mulanje-electrical-cc-kameeldrift,Mulanje Electrical cc
https://pretoriahub.com/category/electricians/kloofsig/,"Electricians in Kloofsig, Pretoria",1,ghnr-electrical-pty-ltd-kloofsig,GHNR Electrical (PTY) Ltd
https://pretoriahub.com/category/electricians/louwlardia/,"Electricians in Louwlardia, Pretoria",1,rainpoint-sa-louwlardia,RainPoint SA
https://pretoriahub.com/category/electricians/meyerspark/,"Electricians in Meyerspark, Pretoria",1,fouritron-meyerspark,Fouritron
https://pretoriahub.com/category/electricians/midstream-estate/,"Electricians in Midstream Estate, Pretoria",1,midstream-electricians-plumbers-service-midstream-estate,Midstream Electricians & Plumbers Service
https://pretoriahub.com/category/electricians/monavoni/,"Electricians in Monavoni, Pretoria",1,majoko-electrical-monavoni,Majoko Electrical
https://pretoriahub.com/category/electricians/muckleneuk/,"Electricians in Muckleneuk, Pretoria",1,katulushi-engineering-and-electrician-coc-certificate-of-compliance-pretoria-eas-muckleneuk,Katulushi Engineering and Electrician COC Certificate of Compliance Pretoria East
https://pretoriahub.com/category/electricians/pierre-van-ryneveld-park/,"Electricians in Pierre van Ryneveld Park, Pretoria",1,coopers-electrical-pierre-van-ryneveld-park,Coopers Electrical
https://pretoriahub.com/category/electricians/proclamation-hill/,"Electricians in Proclamation Hill, Pretoria",1,mathabi-power-solutions-proclamation-hill,Mathabi Power Solutions
https://pretoriahub.com/category/electricians/rooihuiskraal/,"Electricians in Rooihuiskraal, Pretoria",1,vyfster-elektries-rooihuiskraal,VYFSTER ELEKTRIES
https://pretoriahub.com/category/electricians/sable-hills-waterfront-estate/,"Electricians in Sable Hills Waterfront Estate, Pretoria",1,british-xabhaya-prepaid-electricity-water-meter-sable-hills-waterfront-estate,British Xabhaya - Prepaid Electricity & Water Meter
https://pretoriahub.com/category/electricians/silverton/,"Electricians in Silverton, Pretoria",1,power-plant-electrical-technologies-pty-ltd-gauteng-silverton,Power Plant Electrical Technologies (Pty) Ltd - Gauteng
https://pretoriahub.com/category/electricians/silvertondale/,"Electricians in Silvertondale, Pretoria",1,grobbies-electrical-cc-silvertondale,Grobbies Electrical cc
https://pretoriahub.com/category/electricians/the-orchards/,"Electricians in The Orchards, Pretoria",1,kealeboga-projects-pty-ltd-the-orchards,Kealeboga Projects PTY LTD
https://pretoriahub.com/category/electricians/wierdapark/,"Electricians in Wierdapark, Pretoria",1,1-circle-energy-group-wierdapark,1 Circle Energy Group
https://pretoriahub.com/category/electricians/willow-park-manor/,"Electricians in Willow Park Manor, Pretoria",1,cabac-engineering-electrical-pty-ltd-willow-park-manor,Cabac Engineering & Electrical (Pty) Ltd
https://pretoriahub.com/category/electricians/wonderboom/,"Electricians in Wonderboom, Pretoria",1,solo-pro-contractors-pty-ltd-wonderboom,Solo Pro Contractors (PTY) LTD
https://pretoriahub.com/category/electricians/zwavelpoort/,"Electricians in Zwavelpoort, Pretoria",1,adb-energy-solutions-zwavelpoort,ADB Energy Solutions
https://pretoriahub.com/category/electronics-appliances/alphen-park/,"Electronics & Appliances in Alphen Park, Pretoria",1,ancil-research-laboratories-alphen-park,Ancil Research Laboratories
https://pretoriahub.com/category/electronics-appliances/annlin/,"Electronics & Appliances in Annlin, Pretoria",1,ls-windings-annlin,LS Windings
https://pretoriahub.com/category/electronics-appliances/bergtuin/,"Electronics & Appliances in Bergtuin, Pretoria",1,we-buy-laptops-bergtuin,We Buy Laptops
https://pretoriahub.com/category/electronics-appliances/de-wilgers/,"Electronics & Appliances in De Wilgers, Pretoria",1,think-smart-built-in-systems-de-wilgers,Think Smart Built-In Systems
https://pretoriahub.com/category/electronics-appliances/doornpoort/,"Electronics & Appliances in Doornpoort, Pretoria",1,asgard-power-doornpoort,Asgard Power
https://pretoriahub.com/category/electronics-appliances/dorandia/,"Electronics & Appliances in Dorandia, Pretoria",1,mr-electronics-dorandia,Mr Electronics
https://pretoriahub.com/category/electronics-appliances/eloffsdal/,"Electronics & Appliances in Eloffsdal, Pretoria",1,appliance-repair-shop-eloffsdal,Appliance Repair Shop
https://pretoriahub.com/category/electronics-appliances/garsfontein-smallholdings/,"Electronics & Appliances in Garsfontein Smallholdings, Pretoria",1,pmc-electronics-garsfontein-smallholdings,PMC Electronics
https://pretoriahub.com/category/electronics-appliances/garsfontein/,"Electronics & Appliances in Garsfontein, Pretoria",1,lantis-electronic-repairs-menlyn,Lantis Electronic Repairs
https://pretoriahub.com/category/electronics-appliances/hennopspark/,"Electronics & Appliances in Hennopspark, Pretoria",1,tecsareco-hennopspark,TecsaReco
https://pretoriahub.com/category/electronics-appliances/hesteapark/,"Electronics & Appliances in Hesteapark, Pretoria",1,hificorp-wonderpark-hesteapark,HiFiCorp Wonderpark
https://pretoriahub.com/category/electronics-appliances/kilner-park/,"Electronics & Appliances in Kilner Park, Pretoria",1,n-c-c-electronics-kilner-park,N C C Electronics
https://pretoriahub.com/category/electronics-appliances/la-montagne/,"Electronics & Appliances in La Montagne, Pretoria",1,nexus-foodservice-concepts-la-montagne,Nexus Foodservice Concepts
https://pretoriahub.com/category/electronics-appliances/lyttelton/,"Electronics & Appliances in Lyttelton, Pretoria",1,allair-centurion-lyttelton,Allair centurion
https://pretoriahub.com/category/electronics-appliances/mayville/,"Electronics & Appliances in Mayville, Pretoria",1,blaize-point-trading-mayville,BLAIZE POINT TRADING
https://pretoriahub.com/category/electronics-appliances/montana-park/,"Electronics & Appliances in Montana Park, Pretoria",1,foto-discount-world-montana-park,Foto Discount World
https://pretoriahub.com/category/electronics-appliances/rietvalleirand/,"Electronics & Appliances in Rietvalleirand, Pretoria",1,musician-s-electronics-rietvalleirand,Musician’s Electronics
https://pretoriahub.com/category/electronics-appliances/riviera/,"Electronics & Appliances in Riviera, Pretoria",1,pro-pure-water-riviera,Pro Pure Water
https://pretoriahub.com/category/electronics-appliances/rooihuiskraal-north/,"Electronics & Appliances in Rooihuiskraal North, Pretoria",1,mobizone-the-gadget-rooihuiskraal-north,Mobizone the GADGET
https://pretoriahub.com/category/electronics-appliances/sunderland-ridge/,"Electronics & Appliances in Sunderland Ridge, Pretoria",1,totai-sunderland-ridge,Totai
https://pretoriahub.com/category/electronics-appliances/tijger-valley/,"Electronics & Appliances in Tijger Valley, Pretoria",1,tramigo-south-africa-pty-ltd-tijger-valley,Tramigo South Africa (Pty) Ltd
https://pretoriahub.com/category/electronics-appliances/tileba/,"Electronics & Appliances in Tileba, Pretoria",1,jet-air-air-conditioner-pretoria-tileba,Jet-Air Air Conditioner - Pretoria
https://pretoriahub.com/category/electronics-appliances/valhalla/,"Electronics & Appliances in Valhalla, Pretoria",1,resmoke-services-pty-ltd-valhalla,Resmoke Services (Pty) Ltd
https://pretoriahub.com/category/electronics-appliances/waltloo/,"Electronics & Appliances in Waltloo, Pretoria",1,waltloo-electronics-waltloo,Waltloo Electronics
https://pretoriahub.com/category/electronics-appliances/waterkloof-glen/,"Electronics & Appliances in Waterkloof Glen, Pretoria",1,outdoorphoto-waterkloof-glen,Outdoorphoto
https://pretoriahub.com/category/electronics-appliances/wierdapark/,"Electronics & Appliances in Wierdapark, Pretoria",1,hdcabling-centurion-wierdapark,HDCabling Centurion
https://pretoriahub.com/category/electronics-appliances/wonderboom/,"Electronics & Appliances in Wonderboom, Pretoria",1,3d-print-lab-cc-wonderboom,3D Print Lab cc
https://pretoriahub.com/category/engineering-surveying/amberfield-glen/,"Engineering & Surveying Services in Amberfield Glen, Pretoria",1,t-sphere-geomatica-amberfield-glen,T Sphere Geomatica
https://pretoriahub.com/category/engineering-surveying/andeon/,"Engineering & Surveying Services in Andeon, Pretoria",1,makhadabi-group-of-companies-andeon,Makhadabi Group of Companies
https://pretoriahub.com/category/engineering-surveying/bergtuin/,"Engineering & Surveying Services in Bergtuin, Pretoria",1,sar-electronic-sa-pty-ltd-bergtuin,SAR Electronic SA (Pty) Ltd
https://pretoriahub.com/category/engineering-surveying/blue-valley-golf-estate/,"Engineering & Surveying Services in Blue Valley Golf Estate, Pretoria",1,dhi-south-africa-pretoria-office-blue-valley-golf-estate,DHI South Africa Pretoria Office
https://pretoriahub.com/category/engineering-surveying/boekenhoutskloof/,"Engineering & Surveying Services in Boekenhoutskloof, Pretoria",1,national-energy-regulator-of-south-africa-boekenhoutskloof,National Energy Regulator of South Africa
https://pretoriahub.com/category/engineering-surveying/bryntirion/,"Engineering & Surveying Services in Bryntirion, Pretoria",1,magna-business-consulting-bryntirion,Magna Business Consulting
https://pretoriahub.com/category/engineering-surveying/buffelsdrift/,"Engineering & Surveying Services in Buffelsdrift, Pretoria",1,mindset-mining-consultants-pty-ltd-buffelsdrift,Mindset Mining Consultants (PTY) LTD
https://pretoriahub.com/category/engineering-surveying/candlewoods-estate/,"Engineering & Surveying Services in Candlewoods Estate, Pretoria",1,gc-drafting-services-candlewoods-estate,GC Drafting Services
https://pretoriahub.com/category/engineering-surveying/celtisdal/,"Engineering & Surveying Services in Celtisdal, Pretoria",1,kems-environmental-services-celtisdal,KEMS Environmental Services
https://pretoriahub.com/category/engineering-surveying/centurion-golf-estate/,"Engineering & Surveying Services in Centurion Golf Estate, Pretoria",1,vbkom-centurion-golf-estate,VBKOM
https://pretoriahub.com/category/engineering-surveying/clubview/,"Engineering & Surveying Services in Clubview, Pretoria",1,mzibani-consulting-engineers-pty-ltd-clubview,MZIBANI CONSULTING ENGINEERS (PTY) LTD
https://pretoriahub.com/category/engineering-surveying/daspoort/,"Engineering & Surveying Services in Daspoort, Pretoria",1,automotive-solutions-architects-daspoort,Automotive Solutions Architects
https://pretoriahub.com/category/engineering-surveying/derdepoort-smallholdings/,"Engineering & Surveying Services in Derdepoort Smallholdings, Pretoria",1,solidworx-engineering-derdepoort-smallholdings,Solidworx Engineering
https://pretoriahub.com/category/engineering-surveying/dorandia/,"Engineering & Surveying Services in Dorandia, Pretoria",1,ba-steel-works-dorandia,BA Steel Works
https://pretoriahub.com/category/engineering-surveying/eersterust/,"Engineering & Surveying Services in Eersterust, Pretoria",1,abdool-s-welding-eersterust,Abdool's Welding
https://pretoriahub.com/category/engineering-surveying/florauna/,"Engineering & Surveying Services in Florauna, Pretoria",1,blackdot-energy-florauna,Blackdot Energy
https://pretoriahub.com/category/engineering-surveying/hazeldean/,"Engineering & Surveying Services in Hazeldean, Pretoria",1,beal-group-of-companies-consulting-and-project-management-hazeldean,BEAL Group of Companies (Consulting and Project Management)
https://pretoriahub.com/category/engineering-surveying/heatherdale/,"Engineering & Surveying Services in Heatherdale, Pretoria",1,bressan-civils-heatherdale,Bressan Civils
https://pretoriahub.com/category/engineering-surveying/heatherview/,"Engineering & Surveying Services in Heatherview, Pretoria",1,ruvimbo-group-pty-ltd-heatherview,Ruvimbo Group (Pty) Ltd
https://pretoriahub.com/category/engineering-surveying/heritage-hill-estate/,"Engineering & Surveying Services in Heritage Hill Estate, Pretoria",1,archaeological-heritage-services-africa-heritage-hill-estate,Archaeological & Heritage Services Africa
https://pretoriahub.com/category/engineering-surveying/heuweloord/,"Engineering & Surveying Services in Heuweloord, Pretoria",1,zaeng-consulting-and-construction-engineers-heuweloord,Zaeng consulting and construction engineers
https://pretoriahub.com/category/engineering-surveying/irene-farm-villages/,"Engineering & Surveying Services in Irene Farm Villages, Pretoria",1,obsideo-consulting-irene-farm-villages,Obsideo Consulting
https://pretoriahub.com/category/engineering-surveying/jan-niemand-park/,"Engineering & Surveying Services in Jan Niemand Park, Pretoria",1,vertex-automation-jan-niemand-park,Vertex Automation
https://pretoriahub.com/category/engineering-surveying/kameeldrift-east/,"Engineering & Surveying Services in Kameeldrift East, Pretoria",1,smec-south-africa-pretoria-kameeldrift-east,SMEC South Africa | Pretoria
https://pretoriahub.com/category/engineering-surveying/kilner-park/,"Engineering & Surveying Services in Kilner Park, Pretoria",1,ukhozi-consulting-engineers-kilner-park,Ukhozi Consulting Engineers
https://pretoriahub.com/category/engineering-surveying/kloofsig/,"Engineering & Surveying Services in Kloofsig, Pretoria",1,buzuci-kloofsig,Buzuci
https://pretoriahub.com/category/engineering-surveying/kosmosdal/,"Engineering & Surveying Services in Kosmosdal, Pretoria",1,south-zambezi-engineering-services-pty-ltd-kosmosdal,South Zambezi Engineering Services (Pty) Ltd
https://pretoriahub.com/category/engineering-surveying/les-marais/,"Engineering & Surveying Services in Les Marais, Pretoria",1,design-2-occupy-architecture-and-services-pty-ltd-les-marais,DESIGN 2 OCCUPY ARCHITECTURE AND SERVICES Pty Ltd
https://pretoriahub.com/category/engineering-surveying/louwlardia/,"Engineering & Surveying Services in Louwlardia, Pretoria",1,greenro-solutions-pty-ltd-louwlardia,Greenro Solutions (Pty) Ltd
https://pretoriahub.com/category/engineering-surveying/lynnwood-manor/,"Engineering & Surveying Services in Lynnwood Manor, Pretoria",1,aurecon-south-africa-lynnwood-manor,Aurecon South Africa
https://pretoriahub.com/category/engineering-surveying/lyttelton/,"Engineering & Surveying Services in Lyttelton, Pretoria",1,dihlase-consulting-engineers-lyttelton,Dihlase Consulting Engineers
https://pretoriahub.com/category/engineering-surveying/magalieskruin/,"Engineering & Surveying Services in Magalieskruin, Pretoria",1,modscape-architects-magalieskruin,Modscape Architects
https://pretoriahub.com/category/engineering-surveying/olievenhoutbosch/,"Engineering & Surveying Services in Olievenhoutbosch, Pretoria",1,gmk-engineering-olievenhoutbosch,GMK Engineering
https://pretoriahub.com/category/engineering-surveying/philip-nel-park/,"Engineering & Surveying Services in Philip Nel Park, Pretoria",1,gomelelo-environmental-and-management-consulting-philip-nel-park,Gomelelo Environmental and Management Consulting
https://pretoriahub.com/category/engineering-surveying/queenswood/,"Engineering & Surveying Services in Queenswood, Pretoria",1,leo-consulting-queenswood,LEO Consulting
https://pretoriahub.com/category/engineering-surveying/raslouw/,"Engineering & Surveying Services in Raslouw, Pretoria",1,liber-civils-pty-ltd-raslouw,Liber Civils (Pty) Ltd
https://pretoriahub.com/category/engineering-surveying/rietfontein/,"Engineering & Surveying Services in Rietfontein, Pretoria",1,cwt-consulting-rietfontein,CWT Consulting
https://pretoriahub.com/category/engineering-surveying/rietondale/,"Engineering & Surveying Services in Rietondale, Pretoria",1,jacques-orton-architects-rietondale,Jacques Orton Architects
https://pretoriahub.com/category/engineering-surveying/riviera/,"Engineering & Surveying Services in Riviera, Pretoria",1,nomfundo-exploration-and-consulting-pty-ltd-riviera,Nomfundo Exploration and Consulting (Pty) Ltd
https://pretoriahub.com/category/engineering-surveying/rooihuiskraal-north/,"Engineering & Surveying Services in Rooihuiskraal North, Pretoria",1,tersus-gnss-south-africa-rooihuiskraal-north,Tersus GNSS South Africa
https://pretoriahub.com/category/engineering-surveying/sable-hills-waterfront-estate/,"Engineering & Surveying Services in Sable Hills Waterfront Estate, Pretoria",1,tailor-made-risk-solutions-sable-hills-waterfront-estate,Tailor-Made Risk Solutions
https://pretoriahub.com/category/engineering-surveying/silverton/,"Engineering & Surveying Services in Silverton, Pretoria",1,art-motor-engineerig-cc-silverton,Art Motor Engineerig CC
https://pretoriahub.com/category/engineering-surveying/thatchfield-estate/,"Engineering & Surveying Services in Thatchfield Estate, Pretoria",1,nph-engineering-consultants-thatchfield-estate,NPH Engineering Consultants
https://pretoriahub.com/category/engineering-surveying/the-reeds/,"Engineering & Surveying Services in The Reeds, Pretoria",1,deedscon-consult-the-reeds,Deedscon Consult
https://pretoriahub.com/category/engineering-surveying/waltloo/,"Engineering & Surveying Services in Waltloo, Pretoria",1,frantel-engineering-and-distribution-waltloo,Frantel Engineering and Distribution
https://pretoriahub.com/category/engineering-surveying/weavind-park/,"Engineering & Surveying Services in Weavind Park, Pretoria",1,arq-consulting-engineers-weavind-park,ARQ Consulting Engineers
https://pretoriahub.com/category/engineering-surveying/wierdapark/,"Engineering & Surveying Services in Wierdapark, Pretoria",1,arint-consulting-services-south-africa-wierdapark,ARINT Consulting Services South Africa
https://pretoriahub.com/category/engineering-surveying/willow-park-manor/,"Engineering & Surveying Services in Willow Park Manor, Pretoria",1,s4-integration-pretoria-willow-park-manor,S4 Integration Pretoria
https://pretoriahub.com/category/engineering-surveying/wingate-park/,"Engineering & Surveying Services in Wingate Park, Pretoria",1,kaalvoet-studio-wingate-park,Kaalvoet Studio
https://pretoriahub.com/category/engineering-surveying/wonderboom-south/,"Engineering & Surveying Services in Wonderboom South, Pretoria",1,cdr-engineering-wonderboom-south,CDR Engineering
https://pretoriahub.com/category/engineering-surveying/woodhill-golf-estate/,"Engineering & Surveying Services in Woodhill Golf Estate, Pretoria",1,sm-mare-associates-quantity-surveyors-woodhill-golf-estate,SM Mare & Associates Quantity Surveyors
https://pretoriahub.com/category/estate-agents/alphen-park/,"Estate Agents in Alphen Park, Pretoria",1,seeff-pretoria-east-alphen-park,Seeff Pretoria East
https://pretoriahub.com/category/estate-agents/amandasig/,"Estate Agents in Amandasig, Pretoria",1,nwamzamani-properties-amandasig,NwaMzamani Properties
https://pretoriahub.com/category/estate-agents/amberfield-glen/,"Estate Agents in Amberfield Glen, Pretoria",1,hvr-estates-amberfield-glen,HVR Estates
https://pretoriahub.com/category/estate-agents/amberfield-valley/,"Estate Agents in Amberfield Valley, Pretoria",1,twentyone-properties-amberfield-valley,TwentyONE Properties
https://pretoriahub.com/category/estate-agents/annlin/,"Estate Agents in Annlin, Pretoria",1,dream-supreme-annlin,Dream Supreme
https://pretoriahub.com/category/estate-agents/booysens/,"Estate Agents in Booysens, Pretoria",1,just-sell-properties-booysens,Just Sell Properties
https://pretoriahub.com/category/estate-agents/clubview-east/,"Estate Agents in Clubview East, Pretoria",1,cb-properties-clubview-east,CB Properties
https://pretoriahub.com/category/estate-agents/de-wilgers/,"Estate Agents in De Wilgers, Pretoria",1,rize-property-professionals-de-wilgers,Rize Property Professionals
https://pretoriahub.com/category/estate-agents/die-hoewes/,"Estate Agents in Die Hoewes, Pretoria",1,lomuna-group-die-hoewes,Lomuna group
https://pretoriahub.com/category/estate-agents/elardus-park/,"Estate Agents in Elardus Park, Pretoria",1,magda-lourens-properties-elardus-park,Magda Lourens Properties
https://pretoriahub.com/category/estate-agents/eloffsdal/,"Estate Agents in Eloffsdal, Pretoria",1,stapelberg-property-eloffsdal,STAPELBERG PROPERTY
https://pretoriahub.com/category/estate-agents/equestria/,"Estate Agents in Equestria, Pretoria",1,lynx-real-estate-lynnwood-lane-equestria,Lynx Real Estate
https://pretoriahub.com/category/estate-agents/erasmuskloof/,"Estate Agents in Erasmuskloof, Pretoria",1,pendio-valuers-erasmuskloof,Pendio Valuers
https://pretoriahub.com/category/estate-agents/erasmusrand/,"Estate Agents in Erasmusrand, Pretoria",1,group-properties-erasmusrand,+Group Properties
https://pretoriahub.com/category/estate-agents/hazeldean/,"Estate Agents in Hazeldean, Pretoria",1,craft-homes-hazeldean-pretoria-hazeldean,Craft Homes - Hazeldean Pretoria
https://pretoriahub.com/category/estate-agents/irene-farm-villages/,"Estate Agents in Irene Farm Villages, Pretoria",1,assured-real-estate-consulting-irene-farm-villages,Assured Real Estate Consulting
https://pretoriahub.com/category/estate-agents/kloofsig/,"Estate Agents in Kloofsig, Pretoria",1,the-facilitators-one-stop-between-you-and-the-nhbrc-kloofsig,The Facilitators (One Stop Between You and the NHBRC)
https://pretoriahub.com/category/estate-agents/lynnwood/,"Estate Agents in Lynnwood, Pretoria",1,era-real-estate-south-africa-waterkloof,ERA Real Estate South Africa
https://pretoriahub.com/category/estate-agents/menlyn/,"Estate Agents in Menlyn, Pretoria",1,eris-property-group-menlyn,Eris Property Group
https://pretoriahub.com/category/estate-agents/midstream-ridge/,"Estate Agents in Midstream Ridge, Pretoria",1,nobantu-mothibi-midrand-property-practitioner-midstream-ridge,Nobantu Mothibi- Midrand Property Practitioner
https://pretoriahub.com/category/estate-agents/montana-park/,"Estate Agents in Montana Park, Pretoria",1,property-legends-montana-park,Property Legends
https://pretoriahub.com/category/estate-agents/olievenhoutbosch/,"Estate Agents in Olievenhoutbosch, Pretoria",1,ma-stand-agencies-olievenhoutbosch,Ma-stand Agencies
https://pretoriahub.com/category/estate-agents/raslouw/,"Estate Agents in Raslouw, Pretoria",1,dynamic-auctioneers-raslouw,Dynamic Auctioneers
https://pretoriahub.com/category/estate-agents/rietfontein/,"Estate Agents in Rietfontein, Pretoria",1,valuetec-property-valuers-gauteng-head-office-rietfontein,Valuetec Property Valuers - Gauteng (Head Office)
https://pretoriahub.com/category/estate-agents/riviera/,"Estate Agents in Riviera, Pretoria",1,bonne-maison-riviera,Bonne Maison
https://pretoriahub.com/category/estate-agents/shere/,"Estate Agents in Shere, Pretoria",1,one-g-services-pty-ltd-shere,One G Services (Pty) Ltd
https://pretoriahub.com/category/estate-agents/sterrewag/,"Estate Agents in Sterrewag, Pretoria",1,engel-v-lkers-pretoria-sterrewag,Engel & Völkers Pretoria
https://pretoriahub.com/category/estate-agents/val-de-grace/,"Estate Agents in Val de Grace, Pretoria",1,uniqueco-property-valuers-val-de-grace,Uniqueco Property Valuers
https://pretoriahub.com/category/estate-agents/waverley/,"Estate Agents in Waverley, Pretoria",1,olu-k-properties-waverley,Olu-K Properties
https://pretoriahub.com/category/estate-agents/wierdapark/,"Estate Agents in Wierdapark, Pretoria",1,remax-pretoria-wierdapark,Remax Pretoria
https://pretoriahub.com/category/estate-agents/willow-glen/,"Estate Agents in Willow Glen, Pretoria",1,gina-pomeranetz-pretoria-property-rentals-estate-agent-chas-everitt-willow-glen,Gina Pomeranetz Pretoria Property Rentals Estate Agent Chas Everitt
https://pretoriahub.com/category/estate-agents/wonderboom-south/,"Estate Agents in Wonderboom South, Pretoria",1,capital-properties-wonderboom-south,Capital Properties
https://pretoriahub.com/category/events-function-venues/amberfield-ridge/,"Events & Function Venues in Amberfield Ridge, Pretoria",1,stef-s-catering-decor-amberfield-ridge,Stef's Catering & Decor
https://pretoriahub.com/category/events-function-venues/amberfield-valley/,"Events & Function Venues in Amberfield Valley, Pretoria",1,lush-champagne-wall-hire-amberfield-valley,Lush Champagne Wall Hire
https://pretoriahub.com/category/events-function-venues/annlin/,"Events & Function Venues in Annlin, Pretoria",1,team-building-pretoria-the-infinite-team-annlin,Team Building Pretoria The Infinite Team
https://pretoriahub.com/category/events-function-venues/ashley-gardens/,"Events & Function Venues in Ashley Gardens, Pretoria",1,team-building-go-ashley-gardens,Team Building Go
https://pretoriahub.com/category/events-function-venues/blue-valley-golf-estate/,"Events & Function Venues in Blue Valley Golf Estate, Pretoria",1,unlimited-events-group-blue-valley-golf-estate,Unlimited Events Group
https://pretoriahub.com/category/events-function-venues/boardwalk-manor/,"Events & Function Venues in Boardwalk Manor, Pretoria",1,meeting-planners-international-pty-ltd-boardwalk-manor,Meeting Planners International (PTY) Ltd.
https://pretoriahub.com/category/events-function-venues/booysens/,"Events & Function Venues in Booysens, Pretoria",1,national-entertainment-hub-neh-tv-booysens,National Entertainment Hub ( NEH TV)
https://pretoriahub.com/category/events-function-venues/bronberrik/,"Events & Function Venues in Bronberrik, Pretoria",1,edb-hospitality-events-vip-suites-bronberrik,EDB Hospitality & Events VIP Suites
https://pretoriahub.com/category/events-function-venues/brooklands-lifestyle-estate/,"Events & Function Venues in Brooklands Lifestyle Estate, Pretoria",1,mumus-events-brooklands-lifestyle-estate,Mumus Events
https://pretoriahub.com/category/events-function-venues/bryntirion/,"Events & Function Venues in Bryntirion, Pretoria",1,up-a-tone-events-agency-bryntirion,UP A TONE EVENTS AGENCY
https://pretoriahub.com/category/events-function-venues/clubview/,"Events & Function Venues in Clubview, Pretoria",1,purplebell-events-clubview,Purplebell events
https://pretoriahub.com/category/events-function-venues/clydesdale/,"Events & Function Venues in Clydesdale, Pretoria",1,drake-events-clydesdale,Drake Events
https://pretoriahub.com/category/events-function-venues/derdepoort/,"Events & Function Venues in Derdepoort, Pretoria",1,stage-effects-group-derdepoort,Stage Effects Group
https://pretoriahub.com/category/events-function-venues/doornpoort/,"Events & Function Venues in Doornpoort, Pretoria",1,mafhodo-events-management-company-doornpoort,Mafhodo events Management Company
https://pretoriahub.com/category/events-function-venues/eco-park/,"Events & Function Venues in Eco-Park, Pretoria",1,beyond-bowling-eco-park,Beyond Bowling
https://pretoriahub.com/category/events-function-venues/eldoraigne/,"Events & Function Venues in Eldoraigne, Pretoria",1,vergeet-my-nie-verhurings-bk-eldoraigne,Vergeet My Nie Verhurings BK
https://pretoriahub.com/category/events-function-venues/glen-lauriston/,"Events & Function Venues in Glen Lauriston, Pretoria",1,gaulelo-events-glen-lauriston,Gaulelo Events
https://pretoriahub.com/category/events-function-venues/heatherdale/,"Events & Function Venues in Heatherdale, Pretoria",1,amatile-lifestyle-heatherdale,Amatile Lifestyle
https://pretoriahub.com/category/events-function-venues/heuwelsig-estate/,"Events & Function Venues in Heuwelsig Estate, Pretoria",1,fun-events-unlimited-heuwelsig-estate,FUN EVENTS UNLIMITED
https://pretoriahub.com/category/events-function-venues/irene/,"Events & Function Venues in Irene, Pretoria",1,unisa-irene-conferencing-centre-irene,Unisa IRENE conferencing Centre
https://pretoriahub.com/category/events-function-venues/jan-niemand-park/,"Events & Function Venues in Jan Niemand Park, Pretoria",1,the-softplay-co-jan-niemand-park,The SoftPlay Co
https://pretoriahub.com/category/events-function-venues/leeuwfontein/,"Events & Function Venues in Leeuwfontein, Pretoria",1,hbs-team-building-and-events-leeuwfontein,HBS Team Building and Events
https://pretoriahub.com/category/events-function-venues/les-marais/,"Events & Function Venues in Les Marais, Pretoria",1,die-ballon-salon-les-marais,Die Ballon Salon
https://pretoriahub.com/category/events-function-venues/lynnwood-glen/,"Events & Function Venues in Lynnwood Glen, Pretoria",1,menlyn-mix-business-hub-lynnwood-glen,Menlyn Mix Business Hub
https://pretoriahub.com/category/events-function-venues/lynnwood-manor/,"Events & Function Venues in Lynnwood Manor, Pretoria",1,atterbury-theatre-lynnwood-manor,Atterbury Theatre
https://pretoriahub.com/category/events-function-venues/magalieskruin/,"Events & Function Venues in Magalieskruin, Pretoria",1,little-jungle-indoor-playground-magalieskruin,Little Jungle Indoor Playground
https://pretoriahub.com/category/events-function-venues/monavoni/,"Events & Function Venues in Monavoni, Pretoria",1,the-play-date-monavoni,The Play Date
https://pretoriahub.com/category/events-function-venues/montana-gardens/,"Events & Function Venues in Montana Gardens, Pretoria",1,ultimate-sky-montana-gardens,Ultimate Sky
https://pretoriahub.com/category/events-function-venues/moregloed/,"Events & Function Venues in Moregloed, Pretoria",1,bfree-events-moregloed,Bfree events
https://pretoriahub.com/category/events-function-venues/murrayfield/,"Events & Function Venues in Murrayfield, Pretoria",1,atrium-catering-event-solutions-murrayfield,Atrium Catering & Event Solutions
https://pretoriahub.com/category/events-function-venues/olympus/,"Events & Function Venues in Olympus, Pretoria",1,olympus-manor-estate-venues-olympus,Olympus Manor Estate Venues
https://pretoriahub.com/category/events-function-venues/raslouw/,"Events & Function Venues in Raslouw, Pretoria",1,creative-collective-raslouw,Creative Collective
https://pretoriahub.com/category/events-function-venues/rietondale/,"Events & Function Venues in Rietondale, Pretoria",1,jumping-castles-for-hire-pretoria-rietondale,Jumping Castles for Hire pretoria
https://pretoriahub.com/category/events-function-venues/salieshoek/,"Events & Function Venues in Salieshoek, Pretoria",1,decor-d-zign-salieshoek,Decor-D-Zign
https://pretoriahub.com/category/events-function-venues/thatchfield-estate/,"Events & Function Venues in Thatchfield Estate, Pretoria",1,nomalanga-events-thatchfield-estate,Nomalanga Events
https://pretoriahub.com/category/events-function-venues/villieria/,"Events & Function Venues in Villieria, Pretoria",1,carany-catering-hiring-villieria,Carany Catering & Hiring
https://pretoriahub.com/category/events-function-venues/weavind-park/,"Events & Function Venues in Weavind Park, Pretoria",1,faces-advendurance-weavind-park,Faces Advendurance
https://pretoriahub.com/category/events-function-venues/wonderboom/,"Events & Function Venues in Wonderboom, Pretoria",1,fame-productions-wonderboom,FAME PRODUCTIONS
https://pretoriahub.com/category/events-function-venues/woodhill-golf-estate/,"Events & Function Venues in Woodhill Golf Estate, Pretoria",1,woodhill-country-club-woodhill-golf-estate,Woodhill Country Club
https://pretoriahub.com/category/fashion-clothing/arcadia/,"Fashion & Clothing in Arcadia, Pretoria",1,woolworths-arcadia-eastwood-village-arcadia,Woolworths Arcadia
https://pretoriahub.com/category/fashion-clothing/atteridgeville/,"Fashion & Clothing in Atteridgeville, Pretoria",1,ackermans-atteridgeville-atteridgeville,Ackermans Atteridgeville
https://pretoriahub.com/category/fashion-clothing/barclay-square/,"Fashion & Clothing in Barclay Square, Pretoria",1,pep-esselen-road-barclay-square,PEP Esselen Road
https://pretoriahub.com/category/fashion-clothing/colbyn/,"Fashion & Clothing in Colbyn, Pretoria",1,tshwane-scout-shop-waterkloof,Tshwane Scout Shop
https://pretoriahub.com/category/fashion-clothing/daspoort/,"Fashion & Clothing in Daspoort, Pretoria",1,ackermans-pta-daspoort-bouganville-centre-daspoort,Ackermans PTA Daspoort Bouganville Centre
https://pretoriahub.com/category/fashion-clothing/derdepoort/,"Fashion & Clothing in Derdepoort, Pretoria",1,print-and-promo-crew-derdepoort,Print and Promo Crew
https://pretoriahub.com/category/fashion-clothing/dorandia/,"Fashion & Clothing in Dorandia, Pretoria",1,pep-pretoria-dorandia-dorandia,PEP Pretoria Dorandia
https://pretoriahub.com/category/fashion-clothing/doringkloof/,"Fashion & Clothing in Doringkloof, Pretoria",1,woolworths-irene-link-doringkloof,Woolworths Irene Link
https://pretoriahub.com/category/fashion-clothing/eersterust/,"Fashion & Clothing in Eersterust, Pretoria",1,drip-gear-eersterust,Drip Gear
https://pretoriahub.com/category/fashion-clothing/eloffsdal/,"Fashion & Clothing in Eloffsdal, Pretoria",1,phoenix-industrial-safety-suppliers-pretoria-eloffsdal,Phoenix Industrial & Safety Suppliers Pretoria
https://pretoriahub.com/category/fashion-clothing/erasmia/,"Fashion & Clothing in Erasmia, Pretoria",1,branded-warehouse-erasmia-erasmia,Branded Warehouse Erasmia
https://pretoriahub.com/category/fashion-clothing/gezina/,"Fashion & Clothing in Gezina, Pretoria",1,ackermans-gezina-gezina,Ackermans Gezina Galleries
https://pretoriahub.com/category/fashion-clothing/hazeldean/,"Fashion & Clothing in Hazeldean, Pretoria",1,clothing-hazeldean-hazeldean,Clothing Hazeldean
https://pretoriahub.com/category/fashion-clothing/hesteapark/,"Fashion & Clothing in Hesteapark, Pretoria",1,dinnoce-fashion-hesteapark,Dinnoce Fashion
https://pretoriahub.com/category/fashion-clothing/laudium/,"Fashion & Clothing in Laudium, Pretoria",1,handy-garments-laudium,Handy Garments
https://pretoriahub.com/category/fashion-clothing/les-marais/,"Fashion & Clothing in Les Marais, Pretoria",1,parktown-stores-les-marais,Parktown Stores
https://pretoriahub.com/category/fashion-clothing/lotus-gardens/,"Fashion & Clothing in Lotus Gardens, Pretoria",1,pep-lotus-gardens-lotus-gardens,PEP
https://pretoriahub.com/category/fashion-clothing/lynnwood-manor/,"Fashion & Clothing in Lynnwood Manor, Pretoria",1,mr-price-sport-menlyn,Mr Price Sport
https://pretoriahub.com/category/fashion-clothing/lynnwood-ridge/,"Fashion & Clothing in Lynnwood Ridge, Pretoria",1,miladys-lynnridge-mall-lynnwood-ridge,Miladys Lynnridge Mall
https://pretoriahub.com/category/fashion-clothing/lyttelton-manor/,"Fashion & Clothing in Lyttelton Manor, Pretoria",1,ackermans-centurion-lyttelton-manor,Ackermans Centurion (Sport Park Centre)
https://pretoriahub.com/category/fashion-clothing/meyerspark/,"Fashion & Clothing in Meyerspark, Pretoria",1,galactic-garments-pty-ltd-meyerspark,Galactic Garments (pty)ltd
https://pretoriahub.com/category/fashion-clothing/midstream-estate/,"Fashion & Clothing in Midstream Estate, Pretoria",1,laffies-gear-midstream-estate,Laffies Gear
https://pretoriahub.com/category/fashion-clothing/midstream-ridge/,"Fashion & Clothing in Midstream Ridge, Pretoria",1,laffies-gear-midstream-ridge,Laffies Gear
https://pretoriahub.com/category/fashion-clothing/olievenhoutbosch/,"Fashion & Clothing in Olievenhoutbosch, Pretoria",1,ackermans-olievenhout-plaza-olievenhoutbosch,Ackermans Olievenhout Plaza
https://pretoriahub.com/category/fashion-clothing/sinoville/,"Fashion & Clothing in Sinoville, Pretoria",1,belegi-workwear-and-industrial-supplies-zambesi-sinoville,Belegi Workwear and Industrial Supplies Zambesi
https://pretoriahub.com/category/fashion-clothing/soshanguve/,"Fashion & Clothing in Soshanguve, Pretoria",1,edgars-soshanguve-crossing-soshanguve,Edgars Soshanguve Crossing
https://pretoriahub.com/category/fashion-clothing/southdowns/,"Fashion & Clothing in Southdowns, Pretoria",1,a-mi-collectif-southdowns-shopping-centre-southdowns,A'MI Collectif - Southdowns Shopping Centre
https://pretoriahub.com/category/fashion-clothing/sunderland-ridge/,"Fashion & Clothing in Sunderland Ridge, Pretoria",1,simply-workwear-sunderland-ridge,Simply Workwear
https://pretoriahub.com/category/fashion-clothing/the-willows/,"Fashion & Clothing in The Willows, Pretoria",1,no-limits-sport-the-willows,No Limits Sport
https://pretoriahub.com/category/fashion-clothing/valhalla/,"Fashion & Clothing in Valhalla, Pretoria",1,pep-pretoria-valhalla-valhalla,PEP Pretoria Valhalla
https://pretoriahub.com/category/fashion-clothing/waterkloof/,"Fashion & Clothing in Waterkloof, Pretoria",1,oi-active-clothing-waterkloof,Oi! Active Clothing
https://pretoriahub.com/category/fashion-clothing/wierdapark/,"Fashion & Clothing in Wierdapark, Pretoria",1,pep-centurion-wierdapark-wierdapark,PEP Centurion Wierdapark
https://pretoriahub.com/category/fashion-clothing/willow-park-manor/,"Fashion & Clothing in Willow Park Manor, Pretoria",1,galxboy-pretoria-east-willow-park-manor,GALXBOY Pretoria East
https://pretoriahub.com/category/fashion-clothing/wonderboom-south/,"Fashion & Clothing in Wonderboom South, Pretoria",1,coquis-mansuitrusters-pty-ltd-wonderboom-south,Coquis Mansuitrusters (Pty) Ltd
https://pretoriahub.com/category/fashion-clothing/zwavelpoort/,"Fashion & Clothing in Zwavelpoort, Pretoria",1,localz-trading-clothing-manufacturers-zwavelpoort,Localz Trading - Clothing Manufacturers
https://pretoriahub.com/category/financial-investment-services/andeon/,"Financial & Investment Services in Andeon, Pretoria",1,ghekko-business-services-andeon,GHEKKO BUSINESS SERVICES
https://pretoriahub.com/category/financial-investment-services/annlin/,"Financial & Investment Services in Annlin, Pretoria",1,hiepgro-holdings-annlin,Hiepgro Holdings
https://pretoriahub.com/category/financial-investment-services/blue-valley-golf-estate/,"Financial & Investment Services in Blue Valley Golf Estate, Pretoria",1,hereford-group-pretoria-blue-valley-golf-estate,Hereford Group Pretoria
https://pretoriahub.com/category/financial-investment-services/brummeria/,"Financial & Investment Services in Brummeria, Pretoria",1,ascor-independent-wealth-managers-brummeria,Ascor Independent Wealth Managers
https://pretoriahub.com/category/financial-investment-services/die-wilgers/,"Financial & Investment Services in Die Wilgers, Pretoria",1,lndr-business-credit-pty-die-wilgers,Lndr Business Credit (Pty)
https://pretoriahub.com/category/financial-investment-services/doornpoort/,"Financial & Investment Services in Doornpoort, Pretoria",1,francois-uys-attorneys-doornpoort,Francois Uys Attorneys
https://pretoriahub.com/category/financial-investment-services/doringkloof/,"Financial & Investment Services in Doringkloof, Pretoria",1,intenda-financial-services-doringkloof,Intenda Financial Services
https://pretoriahub.com/category/financial-investment-services/east-lynne/,"Financial & Investment Services in East Lynne, Pretoria",1,atlas-finance-eastlynne-east-lynne,Atlas Finance Eastlynne
https://pretoriahub.com/category/financial-investment-services/eldo-lakes-estate/,"Financial & Investment Services in Eldo Lakes Estate, Pretoria",1,elmien-properties-eldo-lakes-estate,Elmien Properties
https://pretoriahub.com/category/financial-investment-services/eloffsdal/,"Financial & Investment Services in Eloffsdal, Pretoria",1,debt-success-eloffsdal,Debt Success
https://pretoriahub.com/category/financial-investment-services/florauna/,"Financial & Investment Services in Florauna, Pretoria",1,absa-bank-northpark-mall-florauna,Absa Bank - Northpark Mall
https://pretoriahub.com/category/financial-investment-services/gezina/,"Financial & Investment Services in Gezina, Pretoria",1,capitec-bank-gezina-galleries-gezina,Capitec Bank Gezina Galleries
https://pretoriahub.com/category/financial-investment-services/hennopspark/,"Financial & Investment Services in Hennopspark, Pretoria",1,absa-bank-hennopspark-hennopspark,Absa Bank Hennopspark
https://pretoriahub.com/category/financial-investment-services/karenpark/,"Financial & Investment Services in Karenpark, Pretoria",1,fnb-wonderpark-karenpark,FNB Wonderpark
https://pretoriahub.com/category/financial-investment-services/kosmosdal/,"Financial & Investment Services in Kosmosdal, Pretoria",1,mathison-hollidge-pty-ltd-kosmosdal,Mathison & Hollidge (Pty) Ltd
https://pretoriahub.com/category/financial-investment-services/lynnwood-glen/,"Financial & Investment Services in Lynnwood Glen, Pretoria",1,citadel-investment-services-pretoria-lynnwood-glen,"Citadel Investment Services, Pretoria"
https://pretoriahub.com/category/financial-investment-services/lyttelton/,"Financial & Investment Services in Lyttelton, Pretoria",1,momentum-consult-lyttelton-lyttelton,Momentum Consult Lyttelton
https://pretoriahub.com/category/financial-investment-services/midfields-estate/,"Financial & Investment Services in Midfields Estate, Pretoria",1,moolman-group-midfields-estate,Moolman Group
https://pretoriahub.com/category/financial-investment-services/muckleneuk/,"Financial & Investment Services in Muckleneuk, Pretoria",1,fnb-brooklyn-muckleneuk,FNB Brooklyn
https://pretoriahub.com/category/financial-investment-services/murrayfield/,"Financial & Investment Services in Murrayfield, Pretoria",1,redhouse-services-murrayfield,RedHouse Services
https://pretoriahub.com/category/financial-investment-services/olievenhoutbosch/,"Financial & Investment Services in Olievenhoutbosch, Pretoria",1,capitec-bank-centurion-olievenhoutbosch-olievenhoutbosch,Capitec Bank Centurion Olievenhoutbosch
https://pretoriahub.com/category/financial-investment-services/pretoria-north/,"Financial & Investment Services in Pretoria North, Pretoria",1,spm-solutions-construction-pretoria-north,SPM SOLUTIONS CONSTRUCTION
https://pretoriahub.com/category/financial-investment-services/rosslyn/,"Financial & Investment Services in Rosslyn, Pretoria",1,capitec-bank-rosslyn-rosslyn,Capitec Bank Rosslyn
https://pretoriahub.com/category/financial-investment-services/sable-hills-waterfront-estate/,"Financial & Investment Services in Sable Hills Waterfront Estate, Pretoria",1,debt-q-sable-hills-waterfront-estate,DEBT Q
https://pretoriahub.com/category/financial-investment-services/salvokop/,"Financial & Investment Services in Salvokop, Pretoria",1,development-trust-of-south-africa-salvokop,Development Trust of South Africa
https://pretoriahub.com/category/financial-investment-services/silverton/,"Financial & Investment Services in Silverton, Pretoria",1,capitec-bank-silver-mall-silverton,Capitec Bank Silver Mall
https://pretoriahub.com/category/financial-investment-services/sinoville/,"Financial & Investment Services in Sinoville, Pretoria",1,finwel-financial-management-services-sinoville,Finwel Financial Management Services
https://pretoriahub.com/category/financial-investment-services/sunnyside/,"Financial & Investment Services in Sunnyside, Pretoria",1,interchange-sunnyside,Interchange
https://pretoriahub.com/category/financial-investment-services/the-reeds/,"Financial & Investment Services in The Reeds, Pretoria",1,capitec-bank-blu-valley-mall-the-reeds,Capitec Bank (Blu Valley Mall)
https://pretoriahub.com/category/financial-investment-services/the-willows/,"Financial & Investment Services in The Willows, Pretoria",1,uloans-the-willows,Uloans
https://pretoriahub.com/category/financial-investment-services/villieria/,"Financial & Investment Services in Villieria, Pretoria",1,simply-fab-media-pty-ltd-villieria,Simply Fab Media (PTY) Ltd
https://pretoriahub.com/category/financial-investment-services/woodhill-golf-estate/,"Financial & Investment Services in Woodhill Golf Estate, Pretoria",1,oosthuizen-brokers-woodhill-golf-estate,OOSTHUIZEN BROKERS
https://pretoriahub.com/category/financial-investment-services/zwartkop/,"Financial & Investment Services in Zwartkop, Pretoria",1,alternative-finance-group-afg-zwartkop,Alternative Finance Group (AFG)
https://pretoriahub.com/category/financial-investment-services/zwavelpoort/,"Financial & Investment Services in Zwavelpoort, Pretoria",1,biotac-pty-zwavelpoort,Biotac (PTY)
https://pretoriahub.com/category/fitness-gyms/boardwalk-manor/,"Fitness & Gyms in Boardwalk Manor, Pretoria",1,virgin-active-faerie-glen-boardwalk-manor,Virgin Active Faerie Glen
https://pretoriahub.com/category/fitness-gyms/boekenhoutskloof/,"Fitness & Gyms in Boekenhoutskloof, Pretoria",1,gym-company-boekenhoutskloof,Gym Company
https://pretoriahub.com/category/fitness-gyms/brummeria/,"Fitness & Gyms in Brummeria, Pretoria",1,n-fitness-personal-training-studio-brummeria,N-Fitness Personal Training Studio
https://pretoriahub.com/category/fitness-gyms/bryntirion/,"Fitness & Gyms in Bryntirion, Pretoria",1,gym-company-bryntirion,Gym Company
https://pretoriahub.com/category/fitness-gyms/doornpoort/,"Fitness & Gyms in Doornpoort, Pretoria",1,ring-contact-fighting-art-doornpoort,Ring Contact Fighting Art
https://pretoriahub.com/category/fitness-gyms/eco-park/,"Fitness & Gyms in Eco-Park, Pretoria",1,virgin-active-eco-park-eco-park,Virgin Active Eco Park
https://pretoriahub.com/category/fitness-gyms/eldoraigne/,"Fitness & Gyms in Eldoraigne, Pretoria",1,bodytec-eldoraigne-eldoraigne,BODYTEC Eldoraigne
https://pretoriahub.com/category/fitness-gyms/erasmuskloof/,"Fitness & Gyms in Erasmuskloof, Pretoria",1,bodytec-erasmuskloof-erasmuskloof,BODYTEC Erasmuskloof
https://pretoriahub.com/category/fitness-gyms/erasmusrand/,"Fitness & Gyms in Erasmusrand, Pretoria",1,pulse-waterkloof-rand-erasmusrand,Pulse Waterkloof Rand
https://pretoriahub.com/category/fitness-gyms/hazeldean/,"Fitness & Gyms in Hazeldean, Pretoria",1,virgin-active-hazeldean,Virgin Active Hazeldean
https://pretoriahub.com/category/fitness-gyms/hennopspark/,"Fitness & Gyms in Hennopspark, Pretoria",1,virgin-active-hennopspark,Virgin Active Hennopspark
https://pretoriahub.com/category/fitness-gyms/heuweloord/,"Fitness & Gyms in Heuweloord, Pretoria",1,planet-fitness-heuweloord-heuweloord,Planet Fitness - Heuweloord
https://pretoriahub.com/category/fitness-gyms/highveld/,"Fitness & Gyms in Highveld, Pretoria",1,virgin-active-highveld,Virgin Active Centurion (Byls Bridge)
https://pretoriahub.com/category/fitness-gyms/kameeldrift/,"Fitness & Gyms in Kameeldrift, Pretoria",1,meet-the-minis-kameeldrift,Meet the Minis
https://pretoriahub.com/category/fitness-gyms/karenpark/,"Fitness & Gyms in Karenpark, Pretoria",1,virgin-active-gym-wonderpark-karenpark,Virgin Active Gym Wonderpark
https://pretoriahub.com/category/fitness-gyms/les-marais/,"Fitness & Gyms in Les Marais, Pretoria",1,zanshin-karate-dojo-les-marais-les-marais,Zanshin Karate Dojo Les Marais
https://pretoriahub.com/category/fitness-gyms/lukasrand/,"Fitness & Gyms in Lukasrand, Pretoria",1,raw-gym-lukasrand,RAW Gym
https://pretoriahub.com/category/fitness-gyms/lynnwood-manor/,"Fitness & Gyms in Lynnwood Manor, Pretoria",1,planet-fitness-lynnwood-manor,Planet Fitness Lynnwood
https://pretoriahub.com/category/fitness-gyms/lyttelton-manor/,"Fitness & Gyms in Lyttelton Manor, Pretoria",1,g-e-m-boxing-and-fitness-lyttelton-manor,G.E.M Boxing & Fitness
https://pretoriahub.com/category/fitness-gyms/midstream-estate/,"Fitness & Gyms in Midstream Estate, Pretoria",1,midstream-action-sports-midstream-estate,Midstream Action Sports
https://pretoriahub.com/category/fitness-gyms/montana-gardens/,"Fitness & Gyms in Montana Gardens, Pretoria",1,body-guru-montana-montana-gardens,Body Guru Montana
https://pretoriahub.com/category/fitness-gyms/queenswood/,"Fitness & Gyms in Queenswood, Pretoria",1,planet-fitness-queenswood-queenswood,Planet Fitness Queenswood
https://pretoriahub.com/category/fitness-gyms/rietondale/,"Fitness & Gyms in Rietondale, Pretoria",1,run-walk-for-life-rietondale-rietondale,Run / Walk for Life Rietondale
https://pretoriahub.com/category/fitness-gyms/salieshoek/,"Fitness & Gyms in Salieshoek, Pretoria",1,moove-motion-fitness-club-silverton-salieshoek,Moove Motion Fitness Club - Silverton
https://pretoriahub.com/category/fitness-gyms/sunnyside/,"Fitness & Gyms in Sunnyside, Pretoria",1,edge-fitness-sunnyside,Edge Fitness
https://pretoriahub.com/category/fitness-gyms/villieria/,"Fitness & Gyms in Villieria, Pretoria",1,interfit-villieria,Interfit
https://pretoriahub.com/category/fitness-gyms/wingate-park/,"Fitness & Gyms in Wingate Park, Pretoria",1,wingate-park-country-club-wingate-park,Wingate Park Country Club
https://pretoriahub.com/category/fitness-gyms/wonderboom/,"Fitness & Gyms in Wonderboom, Pretoria",1,shapeup-family-gym-wonderboom,ShapeUp Family Gym
https://pretoriahub.com/category/florists/erasmuskloof/,"Florists in Erasmuskloof, Pretoria",1,castle-walk-flowers-erasmuskloof,Castle Walk Flowers
https://pretoriahub.com/category/florists/erasmusrand/,"Florists in Erasmusrand, Pretoria",1,alsmeer-flowers-pretoria-erasmusrand,ALSMEER FLOWERS PRETORIA
https://pretoriahub.com/category/florists/marabastad/,"Florists in Marabastad, Pretoria",1,pretoria-blommemark-pretoria-central,Pretoria Blommemark
https://pretoriahub.com/category/florists/midstream-estate/,"Florists in Midstream Estate, Pretoria",1,fiori-di-lusso-midstream-estate,Fiori di Lusso
https://pretoriahub.com/category/fuel-stations/alphen-park/,"Fuel Stations & Garages in Alphen Park, Pretoria",1,mbt-alphen-park-alphen-park,MBT Alphen Park
https://pretoriahub.com/category/fuel-stations/centurion-golf-estate/,"Fuel Stations & Garages in Centurion Golf Estate, Pretoria",1,engen-centurion-golf-estate-convenience-centurion-golf-estate,Engen Centurion Golf Estate Convenience
https://pretoriahub.com/category/fuel-stations/derdepoort/,"Fuel Stations & Garages in Derdepoort, Pretoria",1,mbt-derdepoort-derdepoort,MBT Derdepoort
https://pretoriahub.com/category/fuel-stations/doringkloof/,"Fuel Stations & Garages in Doringkloof, Pretoria",1,engen-doringkloof-motors-doringkloof,Engen Doringkloof Motors
https://pretoriahub.com/category/fuel-stations/eldo-lakes-estate/,"Fuel Stations & Garages in Eldo Lakes Estate, Pretoria",1,bp-eldo-glen-eldo-lakes-estate,BP Eldo Glen
https://pretoriahub.com/category/fuel-stations/eloffsdal/,"Fuel Stations & Garages in Eloffsdal, Pretoria",1,astron-energy-eloffsdal-eloffsdal,Astron Energy Eloffsdal
https://pretoriahub.com/category/fuel-stations/erasmusrand/,"Fuel Stations & Garages in Erasmusrand, Pretoria",1,engen-erasmusrand-convenience-centre-erasmusrand,Engen Erasmusrand Convenience Centre
https://pretoriahub.com/category/fuel-stations/faerie-glen/,"Fuel Stations & Garages in Faerie Glen, Pretoria",1,engen-377-oberon-avenue,Engen 377 Oberon Avenue
https://pretoriahub.com/category/fuel-stations/groenkloof/,"Fuel Stations & Garages in Groenkloof, Pretoria",1,engen-45-george-storrar-drive,Engen 45 George Storrar Drive
https://pretoriahub.com/category/fuel-stations/hatfield/,"Fuel Stations & Garages in Hatfield, Pretoria",1,engen-burnett-street,Engen Burnett Street
https://pretoriahub.com/category/fuel-stations/hazeldean/,"Fuel Stations & Garages in Hazeldean, Pretoria",1,engen-hazeldean-convenience-centre-hazeldean,Engen Hazeldean Convenience Centre
https://pretoriahub.com/category/fuel-stations/kameeldrift/,"Fuel Stations & Garages in Kameeldrift, Pretoria",1,engen-dam-motors-kameeldrift,Engen - Dam Motors
https://pretoriahub.com/category/fuel-stations/kloofsig/,"Fuel Stations & Garages in Kloofsig, Pretoria",1,astron-energy-lyttelton-manor-kloofsig,Astron Energy Lyttelton Manor
https://pretoriahub.com/category/fuel-stations/lotus-gardens/,"Fuel Stations & Garages in Lotus Gardens, Pretoria",1,engen-lotus-gardens-convenience-centre-lotus-gardens,Engen Lotus Gardens Convenience Centre
https://pretoriahub.com/category/fuel-stations/monavoni/,"Fuel Stations & Garages in Monavoni, Pretoria",1,engen-monavoni-service-station-monavoni,Engen Monavoni Service Station
https://pretoriahub.com/category/fuel-stations/monument-park/,"Fuel Stations & Garages in Monument Park, Pretoria",1,astron-energy-monument-park-monument-park,Astron Energy Monument Park
https://pretoriahub.com/category/fuel-stations/moreleta-park/,"Fuel Stations & Garages in Moreleta Park, Pretoria",1,shell-893-rubenstein-drive,Shell 893 Rubenstein Drive
https://pretoriahub.com/category/fuel-stations/newlands/,"Fuel Stations & Garages in Newlands, Pretoria",1,totalenergies-150-garstfontein-road,TotalEnergies 150 Garstfontein Road
https://pretoriahub.com/category/fuel-stations/ninapark/,"Fuel Stations & Garages in Ninapark, Pretoria",1,sasol-theresa-park-ninapark,Sasol Theresa Park
https://pretoriahub.com/category/fuel-stations/olievenhoutbosch/,"Fuel Stations & Garages in Olievenhoutbosch, Pretoria",1,engen-olievenhoutbosch-convenience-centre-olievenhoutbosch,Engen Olievenhoutbosch Convenience Centre
https://pretoriahub.com/category/fuel-stations/pretoria-north/,"Fuel Stations & Garages in Pretoria North, Pretoria",1,astron-energy-pretoria-north-pretoria-north,Astron Energy Pretoria North
https://pretoriahub.com/category/fuel-stations/rietfontein/,"Fuel Stations & Garages in Rietfontein, Pretoria",1,totalenergies-hertzog-street-motors-rietfontein,TotalEnergies Hertzog Street Motors
https://pretoriahub.com/category/fuel-stations/rooihuiskraal-north/,"Fuel Stations & Garages in Rooihuiskraal North, Pretoria",1,diesel-fuel-gas-fuel-management-systems-rooihuiskraal-north,Diesel Fuel | Gas | Fuel management systems
https://pretoriahub.com/category/fuel-stations/roseville/,"Fuel Stations & Garages in Roseville, Pretoria",1,engen-hadaf-west-roseville,Engen Hadaf West
https://pretoriahub.com/category/fuel-stations/salvokop/,"Fuel Stations & Garages in Salvokop, Pretoria",1,shell-salvokop-service-station-salvokop,Shell Salvokop Service Station
https://pretoriahub.com/category/fuel-stations/silverton/,"Fuel Stations & Garages in Silverton, Pretoria",1,totalenergies-waltloo-silverton,TotalEnergies Waltloo
https://pretoriahub.com/category/fuel-stations/wapadrand/,"Fuel Stations & Garages in Wapadrand, Pretoria",1,astron-energy-wapadrand-wapadrand,Astron Energy Wapadrand
https://pretoriahub.com/category/fuel-stations/waterkloof-glen/,"Fuel Stations & Garages in Waterkloof Glen, Pretoria",1,astron-energy-waterkloof-glen-waterkloof-glen,Astron Energy Waterkloof Glen
https://pretoriahub.com/category/fuel-stations/wingate-park/,"Fuel Stations & Garages in Wingate Park, Pretoria",1,engen-garstkloof-filling-station-wingate-park,Engen Garstkloof Filling Station
https://pretoriahub.com/category/fuel-stations/wonderboom/,"Fuel Stations & Garages in Wonderboom, Pretoria",1,sasol-wonderboom-suid-wonderboom,Sasol Wonderboom Suid
https://pretoriahub.com/category/funeral-services/clubview/,"Funeral Services in Clubview, Pretoria",1,avbob-funeral-service-centurion-clubview,AVBOB Funeral Service Centurion
https://pretoriahub.com/category/funeral-services/eersterust/,"Funeral Services in Eersterust, Pretoria",1,city-angels-funeral-services-eersterust,City Angels Funeral Services
https://pretoriahub.com/category/funeral-services/lynnwood/,"Funeral Services in Lynnwood, Pretoria",1,avbob-funeral-service-lynnwood,AVBOB Funeral Service Pretoria East
https://pretoriahub.com/category/funeral-services/riviera/,"Funeral Services in Riviera, Pretoria",1,grobbelaars-funeral-services-riviera-riviera,Grobbelaars Funeral Services - Riviera
https://pretoriahub.com/category/furniture-homeware/andeon/,"Furniture & Homeware in Andeon, Pretoria",1,rayetsa-furniture-pretoria-andeon,Rayetsa Furniture Pretoria
https://pretoriahub.com/category/furniture-homeware/annlin-west/,"Furniture & Homeware in Annlin West, Pretoria",1,plastics-r-us-annlin-west,Plastics R US
https://pretoriahub.com/category/furniture-homeware/arcadia/,"Furniture & Homeware in Arcadia, Pretoria",1,osbro-pretoria-central,Osbro
https://pretoriahub.com/category/furniture-homeware/bergtuin/,"Furniture & Homeware in Bergtuin, Pretoria",1,business-furniture-solutions-pretoria-office-by-appointment-bergtuin,Business Furniture Solutions - Pretoria office (By Appointment)
https://pretoriahub.com/category/furniture-homeware/boardwalk-manor/,"Furniture & Homeware in Boardwalk Manor, Pretoria",1,easylife-kitchens-faerie-glen-boardwalk-manor,Easylife Kitchens Faerie Glen
https://pretoriahub.com/category/furniture-homeware/bronberrik/,"Furniture & Homeware in Bronberrik, Pretoria",1,office-group-bronberrik,Office Group
https://pretoriahub.com/category/furniture-homeware/brooklands-lifestyle-estate/,"Furniture & Homeware in Brooklands Lifestyle Estate, Pretoria",1,digistics-centurion-dc-brooklands-lifestyle-estate,Digistics Centurion DC
https://pretoriahub.com/category/furniture-homeware/brummeria/,"Furniture & Homeware in Brummeria, Pretoria",1,cupboard-warehouse-brummeria,Cupboard Warehouse
https://pretoriahub.com/category/furniture-homeware/colbyn/,"Furniture & Homeware in Colbyn, Pretoria",1,antique-restoration-colbyn,Antique Restoration
https://pretoriahub.com/category/furniture-homeware/daspoort/,"Furniture & Homeware in Daspoort, Pretoria",1,lewis-hercules-daspoort,Lewis Hercules
https://pretoriahub.com/category/furniture-homeware/derdepoort/,"Furniture & Homeware in Derdepoort, Pretoria",1,sky-trampoline-cc-trampoline-parts-for-sa-derdepoort,Sky Trampoline cc/ Trampoline Parts for SA
https://pretoriahub.com/category/furniture-homeware/donkerhoek/,"Furniture & Homeware in Donkerhoek, Pretoria",1,4-seasons-4-u-donkerhoek,4 Seasons 4 u
https://pretoriahub.com/category/furniture-homeware/doornpoort/,"Furniture & Homeware in Doornpoort, Pretoria",1,doornpoort-blinds-doornpoort,Doornpoort Blinds
https://pretoriahub.com/category/furniture-homeware/dorandia/,"Furniture & Homeware in Dorandia, Pretoria",1,crazy-plastics-express-madelief-dorandia,Crazy Plastics Express Madelief
https://pretoriahub.com/category/furniture-homeware/doringkloof/,"Furniture & Homeware in Doringkloof, Pretoria",1,furniture-warehouse-centurion-doringkloof,Furniture Warehouse - Centurion
https://pretoriahub.com/category/furniture-homeware/elardus-park/,"Furniture & Homeware in Elardus Park, Pretoria",1,pep-home-pta-elarduspark-elardus-park,PEP Home Pta Elarduspark
https://pretoriahub.com/category/furniture-homeware/eloffsdal/,"Furniture & Homeware in Eloffsdal, Pretoria",1,mebu-office-furniture-eloffsdal,Mebu Office furniture
https://pretoriahub.com/category/furniture-homeware/erasmia/,"Furniture & Homeware in Erasmia, Pretoria",1,zoey-erasmia,ZOEY
https://pretoriahub.com/category/furniture-homeware/erasmuskloof/,"Furniture & Homeware in Erasmuskloof, Pretoria",1,american-shutters-and-security-pretoria-erasmuskloof,AMERICAN shutters and Security Pretoria
https://pretoriahub.com/category/furniture-homeware/hennopspark/,"Furniture & Homeware in Hennopspark, Pretoria",1,volpes-hennopspark,Volpes
https://pretoriahub.com/category/furniture-homeware/heritage-hill-estate/,"Furniture & Homeware in Heritage Hill Estate, Pretoria",1,novu-interiors-heritage-hill-estate,Novu Interiors
https://pretoriahub.com/category/furniture-homeware/hermanstad/,"Furniture & Homeware in Hermanstad, Pretoria",1,clearance-co-hermanstad,Clearance Co.
https://pretoriahub.com/category/furniture-homeware/hesteapark/,"Furniture & Homeware in Hesteapark, Pretoria",1,errin-v-design-house-hesteapark,Errin V Design House
https://pretoriahub.com/category/furniture-homeware/irene/,"Furniture & Homeware in Irene, Pretoria",1,ericssons-centurion,Ericssons
https://pretoriahub.com/category/furniture-homeware/klerksoord/,"Furniture & Homeware in Klerksoord, Pretoria",1,axony-office-furniture-klerksoord,Axony Office furniture
https://pretoriahub.com/category/furniture-homeware/kosmosdal/,"Furniture & Homeware in Kosmosdal, Pretoria",1,tevo-warehouse-kosmosdal,Tevo Warehouse
https://pretoriahub.com/category/furniture-homeware/laudium/,"Furniture & Homeware in Laudium, Pretoria",1,bestway-design-studio-laudium-laudium,Bestway Design Studio Laudium
https://pretoriahub.com/category/furniture-homeware/louwlardia/,"Furniture & Homeware in Louwlardia, Pretoria",1,farmwise-marketing-louwlardia,Farmwise Marketing
https://pretoriahub.com/category/furniture-homeware/lynnwood-glen/,"Furniture & Homeware in Lynnwood Glen, Pretoria",1,euro-appliances-pretoria-lynnwood-glen,Euro Appliances Pretoria
https://pretoriahub.com/category/furniture-homeware/lynnwood-ridge/,"Furniture & Homeware in Lynnwood Ridge, Pretoria",1,continental-linen-lynnridge-lynnwood-ridge,Continental Linen Lynnridge
https://pretoriahub.com/category/furniture-homeware/lyttelton/,"Furniture & Homeware in Lyttelton, Pretoria",1,lyttelton-furniture-pawn-shop-lyttelton,Lyttelton Furniture & Pawn Shop
https://pretoriahub.com/category/furniture-homeware/menlyn/,"Furniture & Homeware in Menlyn, Pretoria",1,sedgars-home-menlyn,Sedgars Home
https://pretoriahub.com/category/furniture-homeware/midfields-estate/,"Furniture & Homeware in Midfields Estate, Pretoria",1,home-in-1-mega-store-pretoria-midfields-estate,Home in 1 - Mega Store Pretoria
https://pretoriahub.com/category/furniture-homeware/monavoni/,"Furniture & Homeware in Monavoni, Pretoria",1,cemstone-monavoni,Cemstone
https://pretoriahub.com/category/furniture-homeware/moreleta-park/,"Furniture & Homeware in Moreleta Park, Pretoria",1,volpes-moreleta-corner-moreleta-park,Volpes Moreleta Corner
https://pretoriahub.com/category/furniture-homeware/murrayfield/,"Furniture & Homeware in Murrayfield, Pretoria",1,afriprowoods-cc-murrayfield,Afriprowoods cc
https://pretoriahub.com/category/furniture-homeware/pierre-van-ryneveld-park/,"Furniture & Homeware in Pierre van Ryneveld Park, Pretoria",1,west-pack-lifestyle-ryneveld-pierre-van-ryneveld-park,West Pack Lifestyle Ryneveld
https://pretoriahub.com/category/furniture-homeware/pretoria-central/,"Furniture & Homeware in Pretoria Central, Pretoria",1,bradlows-furniture-pretoria-central,Bradlows Furniture
https://pretoriahub.com/category/furniture-homeware/pretorius-park/,"Furniture & Homeware in Pretorius Park, Pretoria",1,railway-furnishers-pretoria-central,Railway Furnishers
https://pretoriahub.com/category/furniture-homeware/rooihuiskraal-north/,"Furniture & Homeware in Rooihuiskraal North, Pretoria",1,hirsch-s-centurion-rooihuiskraal-north,Hirsch's Centurion
https://pretoriahub.com/category/furniture-homeware/rooihuiskraal/,"Furniture & Homeware in Rooihuiskraal, Pretoria",1,reboni-furniture-manufacturing-rooihuiskraal,Reboni Furniture Manufacturing
https://pretoriahub.com/category/furniture-homeware/six-fountains-residential-estate/,"Furniture & Homeware in Six Fountains Residential Estate, Pretoria",1,dial-a-bed-six-fountains-six-fountains-residential-estate,Dial a Bed Six Fountains
https://pretoriahub.com/category/furniture-homeware/the-reeds/,"Furniture & Homeware in The Reeds, Pretoria",1,timber-trends-za-the-reeds,TIMBER TRENDS ZA
https://pretoriahub.com/category/furniture-homeware/wonderboom/,"Furniture & Homeware in Wonderboom, Pretoria",1,pep-home-pta-wonderboom-junction-wonderboom,PEP Home PTA Wonderboom Junction
https://pretoriahub.com/category/furniture-homeware/woodhill-golf-estate/,"Furniture & Homeware in Woodhill Golf Estate, Pretoria",1,home-woodlands-mall-woodhill-golf-estate,@Home - Woodlands Mall
https://pretoriahub.com/category/furniture-homeware/zwavelpoort/,"Furniture & Homeware in Zwavelpoort, Pretoria",1,furnicare-zwavelpoort,Furnicare
https://pretoriahub.com/category/general-retail/annlin-west/,"General Retail in Annlin West, Pretoria",1,makro-wonderboom-annlin-west,Makro Wonderboom
https://pretoriahub.com/category/general-retail/annlin/,"General Retail in Annlin, Pretoria",1,quiche-me-annlin,Quiche Me
https://pretoriahub.com/category/general-retail/atteridgeville/,"General Retail in Atteridgeville, Pretoria",1,woolworths-atteridgeville-atteridgeville,Woolworths Atteridgeville
https://pretoriahub.com/category/general-retail/boardwalk-manor/,"General Retail in Boardwalk Manor, Pretoria",1,boardwalk-lakeside-boardwalk-manor,Boardwalk Lakeside
https://pretoriahub.com/category/general-retail/bronberrik/,"General Retail in Bronberrik, Pretoria",1,centurion-cricket-company-bronberrik,Centurion Cricket Company
https://pretoriahub.com/category/general-retail/brummeria/,"General Retail in Brummeria, Pretoria",1,giftwrap-trading-corporate-gifts-corporate-clothing-promotional-items-pretoria-g-brummeria,"Giftwrap Trading - Corporate Gifts, Corporate Clothing & Promotional Items Pretoria Gauteng South Africa"
https://pretoriahub.com/category/general-retail/centurion-central/,"General Retail in Centurion Central, Pretoria",1,makro-centurion-centurion-central,Makro Centurion
https://pretoriahub.com/category/general-retail/centurion-golf-estate/,"General Retail in Centurion Golf Estate, Pretoria",1,the-golfers-club-centurion-centurion-golf-estate,The Golfers Club | Centurion
https://pretoriahub.com/category/general-retail/centurion/,"General Retail in Centurion, Pretoria",1,edgars-centurion,Edgars
https://pretoriahub.com/category/general-retail/claudius/,"General Retail in Claudius, Pretoria",1,milagro-cbd-oil-south-africa-claudius,Milagro Cbd Oil South Africa
https://pretoriahub.com/category/general-retail/de-wilgers/,"General Retail in De Wilgers, Pretoria",1,bakers-bin-de-wilgers,Bakers Bin
https://pretoriahub.com/category/general-retail/derdepoort/,"General Retail in Derdepoort, Pretoria",1,bsi-renewable-energy-derdepoort,BSI Renewable Energy
https://pretoriahub.com/category/general-retail/donkerhoek/,"General Retail in Donkerhoek, Pretoria",1,surplus-warehouse-pty-ltd-donkerhoek,Surplus Warehouse Pty Ltd
https://pretoriahub.com/category/general-retail/doringkloof/,"General Retail in Doringkloof, Pretoria",1,irene-arms-outdoor-doringkloof,Irene Arms & Outdoor
https://pretoriahub.com/category/general-retail/eco-park/,"General Retail in Eco-Park, Pretoria",1,floornament-eco-park,Floornament
https://pretoriahub.com/category/general-retail/eersterust/,"General Retail in Eersterust, Pretoria",1,hsc-manell-tradings-pty-ltd-eersterust,HSC MANELL TRADINGS (PTY) LTD
https://pretoriahub.com/category/general-retail/gezina/,"General Retail in Gezina, Pretoria",1,cash-crusaders-gezina-gezina,Cash Crusaders Gezina
https://pretoriahub.com/category/general-retail/hammanskraal/,"General Retail in Hammanskraal, Pretoria",1,woolworths-hammanskraal,Woolworths
https://pretoriahub.com/category/general-retail/heuweloord/,"General Retail in Heuweloord, Pretoria",1,gift-a-gift-heuweloord,Gift a Gift
https://pretoriahub.com/category/general-retail/jan-niemand-park/,"General Retail in Jan Niemand Park, Pretoria",1,maizey-craft-pretoria-east-jan-niemand-park,Maizey Craft - Pretoria East
https://pretoriahub.com/category/general-retail/kameeldrift/,"General Retail in Kameeldrift, Pretoria",1,namib-fire-kameeldrift,Namib Fire
https://pretoriahub.com/category/general-retail/kirkney/,"General Retail in Kirkney, Pretoria",1,melo-sea-moss-kirkney,MELO Sea Moss
https://pretoriahub.com/category/general-retail/klerksoord/,"General Retail in Klerksoord, Pretoria",1,bosveld-corner-pty-ltd-klerksoord,Bosveld Corner Pty (Ltd)
https://pretoriahub.com/category/general-retail/laudium/,"General Retail in Laudium, Pretoria",1,al-faris-perfumes-laudium,Al Faris Perfumes
https://pretoriahub.com/category/general-retail/lynnwood-glen/,"General Retail in Lynnwood Glen, Pretoria",1,jimnettes-arts-crafts-lynnwood-glen,Jimnettes Arts & Crafts
https://pretoriahub.com/category/general-retail/lynnwood-manor/,"General Retail in Lynnwood Manor, Pretoria",1,the-pro-shop-lynnwood-manor,The Pro Shop Lynnwood Superstore
https://pretoriahub.com/category/general-retail/menlo-park/,"General Retail in Menlo Park, Pretoria",1,oasis-water-menlopark-menlo-park,Oasis Water Menlopark
https://pretoriahub.com/category/general-retail/montana/,"General Retail in Montana, Pretoria",1,montana-lisensies-montana,Montana Lisensies
https://pretoriahub.com/category/general-retail/monument-park/,"General Retail in Monument Park, Pretoria",1,beads-direct-is-now-gems-and-things-monument-park,Beads Direct is now Gems and Things
https://pretoriahub.com/category/general-retail/moregloed/,"General Retail in Moregloed, Pretoria",1,burning-bush-bosveld-tv-pty-ltd-moregloed,Burning Bush Bosveld TV (PTY)Ltd
https://pretoriahub.com/category/general-retail/parktown-estate/,"General Retail in Parktown Estate, Pretoria",1,hd-and-a-designs-pty-ltd-parktown-estate,HD AND A DESIGNS Pty Ltd
https://pretoriahub.com/category/general-retail/pierre-van-ryneveld-park/,"General Retail in Pierre van Ryneveld Park, Pretoria",1,international-race-supplies-pierre-van-ryneveld-park,International Race Supplies
https://pretoriahub.com/category/general-retail/pretoria-central/,"General Retail in Pretoria Central, Pretoria",1,edgars-pretoria-central,Edgars
https://pretoriahub.com/category/general-retail/pretoria-west/,"General Retail in Pretoria West, Pretoria",1,army-surplus-stores-pretoria-west,Army Surplus Stores
https://pretoriahub.com/category/general-retail/proclamation-hill/,"General Retail in Proclamation Hill, Pretoria",1,we-do-all-catering-equipment-refrigeration-proclamation-hill,We Do All Catering Equipment & Refrigeration
https://pretoriahub.com/category/general-retail/rietondale/,"General Retail in Rietondale, Pretoria",1,laru-coffee-essentials-rietondale,LaRu Coffee Essentials
https://pretoriahub.com/category/general-retail/riviera/,"General Retail in Riviera, Pretoria",1,cater-warehouse-riviera,Cater Warehouse
https://pretoriahub.com/category/general-retail/rooihuiskraal-north/,"General Retail in Rooihuiskraal North, Pretoria",1,rand-safety-rooihuiskraal-north,Rand Safety
https://pretoriahub.com/category/general-retail/rooiwal/,"General Retail in Rooiwal, Pretoria",1,pack-n-spice-wonderboom-rooiwal,Pack n Spice Wonderboom
https://pretoriahub.com/category/general-retail/shere/,"General Retail in Shere, Pretoria",1,santa-s-warehouse-pretoria-shere,Santa's Warehouse Pretoria
https://pretoriahub.com/category/general-retail/the-willows/,"General Retail in The Willows, Pretoria",1,brooklyn-biltong-willow-crossing-the-willows,Brooklyn Biltong Willow Crossing
https://pretoriahub.com/category/general-retail/trevenna/,"General Retail in Trevenna, Pretoria",1,du-toit-cash-pawn-shop-trevenna,Du Toit Cash Pawn Shop
https://pretoriahub.com/category/general-retail/waterkloof/,"General Retail in Waterkloof, Pretoria",1,the-crazy-store-waterkloof,The Crazy Store
https://pretoriahub.com/category/general-retail/waverley/,"General Retail in Waverley, Pretoria",1,social-media-and-design-corp-waverley,Social Media and Design Corp
https://pretoriahub.com/category/general-retail/willow-glen/,"General Retail in Willow Glen, Pretoria",1,sungardens-retail-store-willow-glen,Sungardens Retail Store
https://pretoriahub.com/category/general-retail/wolmer/,"General Retail in Wolmer, Pretoria",1,xpress-batteries-wolmer-wolmer,Xpress Batteries Wolmer
https://pretoriahub.com/category/general-retail/woodhill-golf-estate/,"General Retail in Woodhill Golf Estate, Pretoria",1,the-golf-lab-woodhill-golf-estate,The Golf Lab
https://pretoriahub.com/category/general-retail/zwavelpoort/,"General Retail in Zwavelpoort, Pretoria",1,suppsco-skin-hair-zwavelpoort,Suppsco Skin & Hair
https://pretoriahub.com/category/hardware-stores/amandasig/,"Hardware Stores in Amandasig, Pretoria",1,gelmar-wonderpark-amandasig,Gelmar Wonderpark
https://pretoriahub.com/category/hardware-stores/andeon/,"Hardware Stores in Andeon, Pretoria",1,ab-glass-pty-ltd-andeon,AB Glass Pty Ltd
https://pretoriahub.com/category/hardware-stores/atteridgeville/,"Hardware Stores in Atteridgeville, Pretoria",1,build-it-atteridgeville-atteridgeville,Build it Atteridgeville
https://pretoriahub.com/category/hardware-stores/bergtuin/,"Hardware Stores in Bergtuin, Pretoria",1,brano-industries-pretoria-bergtuin,Brano Industries Pretoria
https://pretoriahub.com/category/hardware-stores/blue-valley-golf-estate/,"Hardware Stores in Blue Valley Golf Estate, Pretoria",1,riken-headquarters-pretoria-blue-valley-golf-estate,Riken Headquarters - Pretoria
https://pretoriahub.com/category/hardware-stores/boekenhoutskloof/,"Hardware Stores in Boekenhoutskloof, Pretoria",1,pexmart-boekenhoutskloof,PEXMART
https://pretoriahub.com/category/hardware-stores/bronkhorstspruit/,"Hardware Stores in Bronkhorstspruit, Pretoria",1,bronkhorstspruit-fietswinkel-en-grassnyerdienste-bronkhorstspruit,Bronkhorstspruit Fietswinkel en Grassnyerdienste
https://pretoriahub.com/category/hardware-stores/brooklands-lifestyle-estate/,"Hardware Stores in Brooklands Lifestyle Estate, Pretoria",1,unatsho-trading-pty-ltd-brooklands-lifestyle-estate,UNATSHO TRADING PTY LTD
https://pretoriahub.com/category/hardware-stores/bryntirion/,"Hardware Stores in Bryntirion, Pretoria",1,adendorff-machinery-mart-pretoria-bryntirion,Adendorff Machinery Mart Pretoria
https://pretoriahub.com/category/hardware-stores/celtisdal/,"Hardware Stores in Celtisdal, Pretoria",1,builders-express-raslouw-celtisdal,Builders Express Raslouw
https://pretoriahub.com/category/hardware-stores/claudius/,"Hardware Stores in Claudius, Pretoria",1,muhammad-s-hardware-cc-claudius,Muhammad's Hardware CC
https://pretoriahub.com/category/hardware-stores/clubview/,"Hardware Stores in Clubview, Pretoria",1,macbuild-clubview-clubview,MacBuild Clubview
https://pretoriahub.com/category/hardware-stores/clydesdale/,"Hardware Stores in Clydesdale, Pretoria",1,cassie-gee-investments-clydesdale,Cassie Gee Investments
https://pretoriahub.com/category/hardware-stores/derdepoort-smallholdings/,"Hardware Stores in Derdepoort Smallholdings, Pretoria",1,cornico-derdepoort-smallholdings,Cornico
https://pretoriahub.com/category/hardware-stores/die-hoewes/,"Hardware Stores in Die Hoewes, Pretoria",1,impa-paints-die-hoewes,Impa Paints
https://pretoriahub.com/category/hardware-stores/doornpoort/,"Hardware Stores in Doornpoort, Pretoria",1,powerbuild-doornpoort-doornpoort,POWERBUILD DOORNPOORT
https://pretoriahub.com/category/hardware-stores/eldo-lakes-estate/,"Hardware Stores in Eldo Lakes Estate, Pretoria",1,international-granite-company-pretoria-eldo-lakes-estate,International Granite Company - Pretoria
https://pretoriahub.com/category/hardware-stores/eloffsdal/,"Hardware Stores in Eloffsdal, Pretoria",1,cds-ceiling-and-drywall-supplies-pretoria-central-eloffsdal,CDS Ceiling and Drywall Supplies Pretoria Central
https://pretoriahub.com/category/hardware-stores/equestria/,"Hardware Stores in Equestria, Pretoria",1,granite-warehouse-equestria,Granite Warehouse
https://pretoriahub.com/category/hardware-stores/erasmia/,"Hardware Stores in Erasmia, Pretoria",1,edcocode-inverters-batteries-erasmia,Edcocode Inverters & Batteries
https://pretoriahub.com/category/hardware-stores/hammanskraal/,"Hardware Stores in Hammanskraal, Pretoria",1,cashbuild-hammanskraal,Cashbuild
https://pretoriahub.com/category/hardware-stores/heuwelsig-estate/,"Hardware Stores in Heuwelsig Estate, Pretoria",1,mica-celtis-ridge-heuwelsig-estate,Mica Celtis Ridge
https://pretoriahub.com/category/hardware-stores/kameeldrift-east/,"Hardware Stores in Kameeldrift East, Pretoria",1,adendorff-machinery-mart-silver-lakes-pretoria-east-kameeldrift-east,Adendorff Machinery Mart Silver Lakes (Pretoria East)
https://pretoriahub.com/category/hardware-stores/kirkney/,"Hardware Stores in Kirkney, Pretoria",1,cosave-powerbuild-wholesalers-pretoria-kirkney,Cosave Powerbuild & Wholesalers Pretoria
https://pretoriahub.com/category/hardware-stores/kloofsig/,"Hardware Stores in Kloofsig, Pretoria",1,akarnia-hardware-build-kloofsig,Akarnia Hardware + Build
https://pretoriahub.com/category/hardware-stores/lyttelton-manor/,"Hardware Stores in Lyttelton Manor, Pretoria",1,mega-paints-and-hardware-lyttelton-lyttelton-manor,Mega Paints and Hardware Lyttelton
https://pretoriahub.com/category/hardware-stores/lyttelton/,"Hardware Stores in Lyttelton, Pretoria",1,alunite-pretoria-lyttelton,Alunite Pretoria
https://pretoriahub.com/category/hardware-stores/mayville/,"Hardware Stores in Mayville, Pretoria",1,mega-paints-hardware-mayville-mayville,Mega Paints & Hardware Mayville
https://pretoriahub.com/category/hardware-stores/meyerspark/,"Hardware Stores in Meyerspark, Pretoria",1,meyerspark-mica-meyerspark,Meyerspark Mica
https://pretoriahub.com/category/hardware-stores/olievenhoutbosch/,"Hardware Stores in Olievenhoutbosch, Pretoria",1,cashbuild-olievenhoutbosch-olievenhoutbosch,Cashbuild Olievenhoutbosch
https://pretoriahub.com/category/hardware-stores/pretoria-central/,"Hardware Stores in Pretoria Central, Pretoria",1,k-carrim-group-holdings-pretoria-central,K. Carrim Group Holdings
https://pretoriahub.com/category/hardware-stores/proclamation-hill/,"Hardware Stores in Proclamation Hill, Pretoria",1,pmk-laminates-proclamation-hill,PMK Laminates
https://pretoriahub.com/category/hardware-stores/rietondale/,"Hardware Stores in Rietondale, Pretoria",1,b-earth-paints-cc-rietondale,B-earth Paints CC.
https://pretoriahub.com/category/hardware-stores/shere/,"Hardware Stores in Shere, Pretoria",1,lynnridge-timbers-shere,Lynnridge Timbers
https://pretoriahub.com/category/hardware-stores/silvertondale/,"Hardware Stores in Silvertondale, Pretoria",1,ubs-silverton-unlimited-building-supplies-sa-silvertondale,UBS Silverton (Unlimited Building Supplies SA)
https://pretoriahub.com/category/hardware-stores/soshanguve/,"Hardware Stores in Soshanguve, Pretoria",1,cashbuild-soshanguve-mall-soshanguve,Cashbuild Soshanguve Mall
https://pretoriahub.com/category/hardware-stores/sunderland-ridge/,"Hardware Stores in Sunderland Ridge, Pretoria",1,hds-sunderland-ridge-cut-edge-sunderland-ridge,HDS Sunderland Ridge Cut & Edge
https://pretoriahub.com/category/hardware-stores/the-orchards/,"Hardware Stores in The Orchards, Pretoria",1,hardware-diy-store-orchards-the-orchards,HARDWARE & DIY STORE ORCHARDS
https://pretoriahub.com/category/hardware-stores/the-willows/,"Hardware Stores in The Willows, Pretoria",1,megalight-electrical-wholesalers-the-willows,MEGALIGHT ELECTRICAL WHOLESALERS
https://pretoriahub.com/category/hardware-stores/val-de-grace/,"Hardware Stores in Val de Grace, Pretoria",1,buchel-homes-paintcor-colourways-watermeyer-val-de-grace,Buchel Homes & Paintcor ColourWays Watermeyer
https://pretoriahub.com/category/hardware-stores/valhalla/,"Hardware Stores in Valhalla, Pretoria",1,valhalla-general-dealers-pty-ltd-valhalla,VALHALLA GENERAL DEALERS (PTY) LTD
https://pretoriahub.com/category/hardware-stores/villieria/,"Hardware Stores in Villieria, Pretoria",1,glass-experts-villieria,Glass Experts
https://pretoriahub.com/category/hardware-stores/waterkloof-glen/,"Hardware Stores in Waterkloof Glen, Pretoria",1,chamberlain-waterkloof-glen-famous-for-hardware-since-1903-waterkloof-glen,Chamberlain Waterkloof Glen - Famous for Hardware since 1903
https://pretoriahub.com/category/hardware-stores/waterkloof-ridge/,"Hardware Stores in Waterkloof Ridge, Pretoria",1,ridge-mica-waterkloof-ridge,Ridge Mica
https://pretoriahub.com/category/hardware-stores/waterkloof/,"Hardware Stores in Waterkloof, Pretoria",1,picasso-paints-waterkloof-waterkloof,Picasso Paints Waterkloof
https://pretoriahub.com/category/hardware-stores/wierdapark/,"Hardware Stores in Wierdapark, Pretoria",1,dck-lighting-electrical-wierdapark,DCK LIGHTING & ELECTRICAL
https://pretoriahub.com/category/hardware-stores/wolmer/,"Hardware Stores in Wolmer, Pretoria",1,flash-fasteners-wolmer,FLASH FASTENERS
https://pretoriahub.com/category/hardware-stores/wonderboom/,"Hardware Stores in Wonderboom, Pretoria",1,cfp-technologies-wonderboom,CFP Technologies
https://pretoriahub.com/category/hotels/ashley-gardens/,"Hotels in Ashley Gardens, Pretoria",1,menlyn-boutique-hotel-menlyn,Menlyn Boutique Hotel
https://pretoriahub.com/category/hotels/brooklyn/,"Hotels in Brooklyn, Pretoria",1,varsity-lodge-waterkloof,varsity lodge
https://pretoriahub.com/category/hotels/kameeldrift-east/,"Hotels in Kameeldrift East, Pretoria",1,kievits-kroon-gauteng-wine-estate-kameeldrift-east,Kievits Kroon Gauteng Wine Estate
https://pretoriahub.com/category/hotels/lynnwood-manor/,"Hotels in Lynnwood Manor, Pretoria",1,city-lodge-menlyn,City Lodge
https://pretoriahub.com/category/hotels/lynnwood-ridge/,"Hotels in Lynnwood Ridge, Pretoria",1,cornerstone-guest-lodge-menlyn,Cornerstone Guest Lodge
https://pretoriahub.com/category/hotels/menlyn/,"Hotels in Menlyn, Pretoria",1,the-capital-menlyn-maine-menlyn,The Capital Menlyn Maine
https://pretoriahub.com/category/hotels/pretorius-park/,"Hotels in Pretorius Park, Pretoria",1,victoria-hotel-pretoria-central,Victoria Hotel
https://pretoriahub.com/category/hotels/the-willows/,"Hotels in The Willows, Pretoria",1,willows-country-lodge-the-willows,Willows Country Lodge
https://pretoriahub.com/category/hotels/waterkloof-heights/,"Hotels in Waterkloof Heights, Pretoria",1,pretoria-mansion-boutique-hotel-waterkloof-heights,Pretoria Mansion Boutique Hotel
https://pretoriahub.com/category/hotels/waterkloof/,"Hotels in Waterkloof, Pretoria",1,waterkloof-mansion-boutique-hotel-waterkloof,Waterkloof Mansion Boutique Hotel
https://pretoriahub.com/category/industrial-suppliers-manufacturing/alphen-park/,"Industrial Suppliers & Manufacturing in Alphen Park, Pretoria",1,epd-technologies-alphen-park,EPD Technologies
https://pretoriahub.com/category/industrial-suppliers-manufacturing/amberfield/,"Industrial Suppliers & Manufacturing in Amberfield, Pretoria",1,morgan-advanced-materials-amberfield,Morgan Advanced Materials
https://pretoriahub.com/category/industrial-suppliers-manufacturing/boardwalk-meander/,"Industrial Suppliers & Manufacturing in Boardwalk Meander, Pretoria",1,asteria-pharmaceuticals-pty-ltd-boardwalk-meander,ASTERIA PHARMACEUTICALS (Pty) Ltd
https://pretoriahub.com/category/industrial-suppliers-manufacturing/clubview-east/,"Industrial Suppliers & Manufacturing in Clubview East, Pretoria",1,alkaline-ionized-h-0-clubview-east,Alkaline Ionized H₂0
https://pretoriahub.com/category/industrial-suppliers-manufacturing/clydesdale/,"Industrial Suppliers & Manufacturing in Clydesdale, Pretoria",1,commutech-clydesdale,COMMUTECH
https://pretoriahub.com/category/industrial-suppliers-manufacturing/copperleaf-golf-estate/,"Industrial Suppliers & Manufacturing in Copperleaf Golf Estate, Pretoria",1,dimecultiva-pty-ltd-copperleaf-golf-estate,DIMECULTIVA (Pty) Ltd
https://pretoriahub.com/category/industrial-suppliers-manufacturing/die-hoewes/,"Industrial Suppliers & Manufacturing in Die Hoewes, Pretoria",1,chromex-mining-company-pty-ltd-die-hoewes,Chromex Mining Company (Pty) Ltd
https://pretoriahub.com/category/industrial-suppliers-manufacturing/eldo-lakes-estate/,"Industrial Suppliers & Manufacturing in Eldo Lakes Estate, Pretoria",1,pharmachem-laboratories-pretoria-eldo-lakes-estate,Pharmachem Laboratories pretoria
https://pretoriahub.com/category/industrial-suppliers-manufacturing/eldoraigne/,"Industrial Suppliers & Manufacturing in Eldoraigne, Pretoria",1,secmet-pty-ltd-centurion-branch-eldoraigne,SecMet (Pty) Ltd - Centurion Branch
https://pretoriahub.com/category/industrial-suppliers-manufacturing/eldorette/,"Industrial Suppliers & Manufacturing in Eldorette, Pretoria",1,newfit-glass-aluminium-pty-ltd-eldorette,NewFit Glass & Aluminium Pty Ltd
https://pretoriahub.com/category/industrial-suppliers-manufacturing/erasmia/,"Industrial Suppliers & Manufacturing in Erasmia, Pretoria",1,ifoodie-erasmia,iFoodie
https://pretoriahub.com/category/industrial-suppliers-manufacturing/erasmuskloof/,"Industrial Suppliers & Manufacturing in Erasmuskloof, Pretoria",1,craftpro-industrial-workwear-safety-supplier-erasmuskloof,CraftPro | Industrial Workwear & Safety Supplier
https://pretoriahub.com/category/industrial-suppliers-manufacturing/heatherdale/,"Industrial Suppliers & Manufacturing in Heatherdale, Pretoria",1,mint-trailers-heatherdale,Mint Trailers
https://pretoriahub.com/category/industrial-suppliers-manufacturing/irene-farm-villages/,"Industrial Suppliers & Manufacturing in Irene Farm Villages, Pretoria",1,rhodium-precision-manufacturing-irene-farm-villages,Rhodium Precision Manufacturing
https://pretoriahub.com/category/industrial-suppliers-manufacturing/kameeldrift-east/,"Industrial Suppliers & Manufacturing in Kameeldrift East, Pretoria",1,staalboer-aqua-pty-ltd-kameeldrift-east,Staalboer Aqua (PTY) LTD
https://pretoriahub.com/category/industrial-suppliers-manufacturing/la-montagne/,"Industrial Suppliers & Manufacturing in La Montagne, Pretoria",1,fuchi-business-enterprise-la-montagne,Fuchi Business Enterprise
https://pretoriahub.com/category/industrial-suppliers-manufacturing/midstream-ridge/,"Industrial Suppliers & Manufacturing in Midstream Ridge, Pretoria",1,bwt-midstream-midstream-ridge,BWT Midstream
https://pretoriahub.com/category/industrial-suppliers-manufacturing/murrayfield/,"Industrial Suppliers & Manufacturing in Murrayfield, Pretoria",1,labretoria-murrayfield,LABRETORIA
https://pretoriahub.com/category/industrial-suppliers-manufacturing/ninapark/,"Industrial Suppliers & Manufacturing in Ninapark, Pretoria",1,khauki-construction-and-transport-ninapark,Khauki Construction and Transport
https://pretoriahub.com/category/industrial-suppliers-manufacturing/olympus/,"Industrial Suppliers & Manufacturing in Olympus, Pretoria",1,oasis-water-pretoria-olympus-olympus-gardens-olympus,Oasis Water Pretoria | Olympus (Olympus Gardens)
https://pretoriahub.com/category/industrial-suppliers-manufacturing/riviera/,"Industrial Suppliers & Manufacturing in Riviera, Pretoria",1,mcdoman-chemicals-gezina-shop-riviera,McDoman Chemicals Gezina Shop
https://pretoriahub.com/category/industrial-suppliers-manufacturing/rooihuiskraal-north/,"Industrial Suppliers & Manufacturing in Rooihuiskraal North, Pretoria",1,62-waters-rooihuiskraal-north,62 Waters
https://pretoriahub.com/category/industrial-suppliers-manufacturing/shere/,"Industrial Suppliers & Manufacturing in Shere, Pretoria",1,liketh-investments-shere,Liketh Investments
https://pretoriahub.com/category/industrial-suppliers-manufacturing/val-de-grace/,"Industrial Suppliers & Manufacturing in Val de Grace, Pretoria",1,nc-chemicals-val-de-grace,NC Chemicals
https://pretoriahub.com/category/industrial-suppliers-manufacturing/waterkloof-glen/,"Industrial Suppliers & Manufacturing in Waterkloof Glen, Pretoria",1,alphen-egg-packaging-distributors-waterkloof-glen,Alphen Egg Packaging Distributors
https://pretoriahub.com/category/industrial-suppliers-manufacturing/wierdapark/,"Industrial Suppliers & Manufacturing in Wierdapark, Pretoria",1,agua-e-vida-wierda-park-trinity-living-water-wierdapark,Agua e Vida Wierda Park (Trinity Living Water)
https://pretoriahub.com/category/industrial-suppliers-manufacturing/wolmer/,"Industrial Suppliers & Manufacturing in Wolmer, Pretoria",1,jomar-enterprises-wolmer,JOMAR ENTERPRISES
https://pretoriahub.com/category/industrial-suppliers-manufacturing/woodhill-golf-estate/,"Industrial Suppliers & Manufacturing in Woodhill Golf Estate, Pretoria",1,cn-lighting-woodhill-golf-estate,CN Lighting
https://pretoriahub.com/category/industrial-suppliers-manufacturing/zandfontein/,"Industrial Suppliers & Manufacturing in Zandfontein, Pretoria",1,inpakt-group-zandfontein,INPAKT GROUP
https://pretoriahub.com/category/insurance/annlin-west/,"Insurance in Annlin West, Pretoria",1,psg-magalies-north-annlin-annlin-west,PSG Magalies North Annlin
https://pretoriahub.com/category/insurance/ashley-gardens/,"Insurance in Ashley Gardens, Pretoria",1,anchor-risk-management-ashley-gardens,Anchor Risk Management
https://pretoriahub.com/category/insurance/bergtuin/,"Insurance in Bergtuin, Pretoria",1,consult-pretoria-north-car-home-business-insurance-brokerage-bergtuin,"Consult Pretoria North - Car, Home & Business Insurance Brokerage"
https://pretoriahub.com/category/insurance/bryntirion/,"Insurance in Bryntirion, Pretoria",1,aon-south-africa-pretoria-bryntirion,Aon South Africa - Pretoria
https://pretoriahub.com/category/insurance/constantia-park/,"Insurance in Constantia Park, Pretoria",1,sapcor-pty-ltd-constantia-park,Sapcor (Pty) Ltd
https://pretoriahub.com/category/insurance/de-wilgers/,"Insurance in De Wilgers, Pretoria",1,orion-broking-solutions-pty-ltd-de-wilgers,Orion Broking Solutions (Pty) Ltd
https://pretoriahub.com/category/insurance/die-hoewes/,"Insurance in Die Hoewes, Pretoria",1,santam-die-hoewes,Santam
https://pretoriahub.com/category/insurance/doornpoort/,"Insurance in Doornpoort, Pretoria",1,mls-brokers-insurance-brokers-pretoria-doornpoort,MLS Brokers | Insurance Brokers Pretoria
https://pretoriahub.com/category/insurance/doringkloof/,"Insurance in Doringkloof, Pretoria",1,genric-insurance-company-limited-doringkloof,GENRIC Insurance Company Limited
https://pretoriahub.com/category/insurance/eersterust/,"Insurance in Eersterust, Pretoria",1,adjustpro-eersterust,AdjustPro
https://pretoriahub.com/category/insurance/elardus-park/,"Insurance in Elardus Park, Pretoria",1,accu-prof-insurance-brokers-elardus-park,Accu-Prof Insurance Brokers
https://pretoriahub.com/category/insurance/erasmuskloof/,"Insurance in Erasmuskloof, Pretoria",1,psg-wealth-and-insure-wolwespruit-erasmuskloof,PSG Wealth and Insure Wolwespruit
https://pretoriahub.com/category/insurance/garsfontein-smallholdings/,"Insurance in Garsfontein Smallholdings, Pretoria",1,eurosure-insurance-consultants-cc-garsfontein-smallholdings,Eurosure Insurance Consultants CC
https://pretoriahub.com/category/insurance/highveld/,"Insurance in Highveld, Pretoria",1,ecic-highveld,ECIC
https://pretoriahub.com/category/insurance/karenpark/,"Insurance in Karenpark, Pretoria",1,metropolitan-wonderpark-karenpark,Metropolitan Wonderpark
https://pretoriahub.com/category/insurance/kosmosdal/,"Insurance in Kosmosdal, Pretoria",1,miway-insurance-kosmosdal,MiWay Insurance
https://pretoriahub.com/category/insurance/la-montagne/,"Insurance in La Montagne, Pretoria",1,eksteen-national-la-montagne,Eksteen National
https://pretoriahub.com/category/insurance/les-marais/,"Insurance in Les Marais, Pretoria",1,de-beer-assessors-les-marais,De Beer assessors
https://pretoriahub.com/category/insurance/meyerspark/,"Insurance in Meyerspark, Pretoria",1,construction-and-general-insurance-brokers-meyerspark,Construction and General Insurance Brokers
https://pretoriahub.com/category/insurance/midstream-estate/,"Insurance in Midstream Estate, Pretoria",1,cratos-life-pty-ltd-midlands-midstream-estate,Cratos Life (PTY) LTD - Midlands
https://pretoriahub.com/category/insurance/montana-gardens/,"Insurance in Montana Gardens, Pretoria",1,avbob-insurance-montana-montana-gardens,AVBOB Insurance Montana
https://pretoriahub.com/category/insurance/montana-park/,"Insurance in Montana Park, Pretoria",1,western-national-insurance-montana-park,Western National Insurance
https://pretoriahub.com/category/insurance/moregloed/,"Insurance in Moregloed, Pretoria",1,kasfin-eiendoms-beperk-moregloed,Kasfin (Eiendoms) Beperk
https://pretoriahub.com/category/insurance/parktown-estate/,"Insurance in Parktown Estate, Pretoria",1,twk-insurance-pretoria-parktown-estate,TWK Insurance Pretoria
https://pretoriahub.com/category/insurance/riviera/,"Insurance in Riviera, Pretoria",1,grobbelaars-financial-services-riviera,Grobbelaars Financial Services
https://pretoriahub.com/category/insurance/trevenna/,"Insurance in Trevenna, Pretoria",1,avbob-pretoria-central,AVBOB
https://pretoriahub.com/category/insurance/waterkloof-glen/,"Insurance in Waterkloof Glen, Pretoria",1,ream-insurance-brokers-pty-ltd-waterkloof-glen,REAM INSURANCE BROKERS PTY LTD
https://pretoriahub.com/category/insurance/willow-glen/,"Insurance in Willow Glen, Pretoria",1,attooh-willow-glen,attooh!
https://pretoriahub.com/category/insurance/willow-park-manor/,"Insurance in Willow Park Manor, Pretoria",1,riflesure-willow-park-manor,RifleSURE
https://pretoriahub.com/category/insurance/woodhill-golf-estate/,"Insurance in Woodhill Golf Estate, Pretoria",1,m-v-makelaars-cc-woodhill-golf-estate,M V Makelaars CC
https://pretoriahub.com/category/insurance/zwartkop/,"Insurance in Zwartkop, Pretoria",1,inscorp-insurance-brokers-pty-ltd-zwartkop,Inscorp Insurance Brokers (Pty)Ltd
https://pretoriahub.com/category/jewellers/brummeria/,"Jewellers in Brummeria, Pretoria",1,giani-jewellery-brummeria,Giani Jewellery
https://pretoriahub.com/category/jewellers/centurion/,"Jewellers in Centurion, Pretoria",1,browns-centurion,Browns
https://pretoriahub.com/category/jewellers/florauna/,"Jewellers in Florauna, Pretoria",1,eric-s-manufacturing-jewellers-florauna,Eric's Manufacturing Jewellers
https://pretoriahub.com/category/jewellers/garsfontein-smallholdings/,"Jewellers in Garsfontein Smallholdings, Pretoria",1,carat-manufacturing-jewellers-garsfontein-smallholdings,Carat Manufacturing Jewellers
https://pretoriahub.com/category/jewellers/kloofsig/,"Jewellers in Kloofsig, Pretoria",1,galaxy-gold-and-diamond-buyers-kloofsig,Galaxy Gold And Diamond Buyers
https://pretoriahub.com/category/jewellers/lynnwood-glen/,"Jewellers in Lynnwood Glen, Pretoria",1,diamond-corporation-sa-pta-lynnwood-glen,"Diamond Corporation, SA ® PTA"
https://pretoriahub.com/category/jewellers/menlyn/,"Jewellers in Menlyn, Pretoria",1,browns-menlyn,Browns
https://pretoriahub.com/category/jewellers/montana-park/,"Jewellers in Montana Park, Pretoria",1,unlock-capital-montana-park,Unlock Capital
https://pretoriahub.com/category/liquor-stores/annlin-west/,"Liquor Stores in Annlin West, Pretoria",1,makro-liquor-wonderboom-annlin-west,Makro Liquor Wonderboom
https://pretoriahub.com/category/liquor-stores/brakfontein/,"Liquor Stores in Brakfontein, Pretoria",1,picardi-rebel-centurion,Picardi Rebel
https://pretoriahub.com/category/liquor-stores/centurion/,"Liquor Stores in Centurion, Pretoria",1,ultra-liquors-centurion-centurion,Ultra Liquors Centurion
https://pretoriahub.com/category/liquor-stores/constantia-park/,"Liquor Stores in Constantia Park, Pretoria",1,constantia-liquor-cellars-blue-bottle-liquors-constantia-park,Constantia Liquor Cellars Blue Bottle Liquors
https://pretoriahub.com/category/liquor-stores/eco-park/,"Liquor Stores in Eco-Park, Pretoria",1,keb-centurion-eco-park,KEB Centurion
https://pretoriahub.com/category/liquor-stores/kilner-park/,"Liquor Stores in Kilner Park, Pretoria",1,tops-at-spar-kilner-park-kilner-park,TOPS at SPAR Kilner Park
https://pretoriahub.com/category/liquor-stores/kloofsig/,"Liquor Stores in Kloofsig, Pretoria",1,tops-at-spar-kloofsig-kloofsig,TOPS at SPAR Kloofsig
https://pretoriahub.com/category/liquor-stores/la-montagne/,"Liquor Stores in La Montagne, Pretoria",1,tops-at-spar-the-hill-la-montagne,TOPS at SPAR The Hill
https://pretoriahub.com/category/liquor-stores/magalieskruin/,"Liquor Stores in Magalieskruin, Pretoria",1,liquor-city-magalieskruin-magalieskruin,Liquor City Magalieskruin
https://pretoriahub.com/category/liquor-stores/thatchfield-estate/,"Liquor Stores in Thatchfield Estate, Pretoria",1,checkers-liquor-thatchfield-thatchfield-estate,Checkers Liquor Thatchfield
https://pretoriahub.com/category/liquor-stores/the-orchards/,"Liquor Stores in The Orchards, Pretoria",1,tops-at-spar-orchards-the-orchards,TOPS at SPAR Orchards
https://pretoriahub.com/category/liquor-stores/valhalla/,"Liquor Stores in Valhalla, Pretoria",1,tops-at-spar-valhalla-valhalla,TOPS at SPAR Valhalla
https://pretoriahub.com/category/liquor-stores/weavind-park/,"Liquor Stores in Weavind Park, Pretoria",1,weavind-park-liquor-city-weavind-park,Weavind Park Liquor City
https://pretoriahub.com/category/liquor-stores/wierdapark/,"Liquor Stores in Wierdapark, Pretoria",1,tops-at-spar-wierdapark,TOPS at SPAR Wierda Park
https://pretoriahub.com/category/liquor-stores/wolmer/,"Liquor Stores in Wolmer, Pretoria",1,ultra-liquors-wolmer,Ultra Liquors Wolmer
https://pretoriahub.com/category/locksmiths/derdepoort-smallholdings/,"Locksmiths in Derdepoort Smallholdings, Pretoria",1,savignac-pretoria-pty-ltd-derdepoort-smallholdings,Savignac (Pretoria) Pty Ltd
https://pretoriahub.com/category/locksmiths/villieria/,"Locksmiths in Villieria, Pretoria",1,bollies-locksmith-villieria,Bollies Locksmith
https://pretoriahub.com/category/logistics-courier-transport/akasia/,"Logistics, Courier & Transport in Akasia, Pretoria",1,postnet-pretoria-north-ninapark-akasia,PostNet Pretoria North (NinaPark)
https://pretoriahub.com/category/logistics-courier-transport/amberfield-glen/,"Logistics, Courier & Transport in Amberfield Glen, Pretoria",1,amber2green-amberfield-glen,Amber2Green
https://pretoriahub.com/category/logistics-courier-transport/annlin-west/,"Logistics, Courier & Transport in Annlin West, Pretoria",1,spacerocket-shipping-company-annlin-west,Spacerocket Shipping Company
https://pretoriahub.com/category/logistics-courier-transport/arcadia/,"Logistics, Courier & Transport in Arcadia, Pretoria",1,postnet-eastwood-village-arcadia,PostNet Eastwood Village
https://pretoriahub.com/category/logistics-courier-transport/boardwalk-manor/,"Logistics, Courier & Transport in Boardwalk Manor, Pretoria",1,inxpress-pretoria-boardwalk-manor,InXpress Pretoria
https://pretoriahub.com/category/logistics-courier-transport/brakfontein/,"Logistics, Courier & Transport in Brakfontein, Pretoria",1,postnet-centurion-lifestyle-centre-brakfontein,PostNet Centurion Lifestyle Centre
https://pretoriahub.com/category/logistics-courier-transport/bronberrik/,"Logistics, Courier & Transport in Bronberrik, Pretoria",1,pretoria-movers-bronberrik,Pretoria Movers
https://pretoriahub.com/category/logistics-courier-transport/brummeria/,"Logistics, Courier & Transport in Brummeria, Pretoria",1,morgan-holdings-brummeria,Morgan Holdings
https://pretoriahub.com/category/logistics-courier-transport/bryntirion/,"Logistics, Courier & Transport in Bryntirion, Pretoria",1,pretoria-station-bryntirion,Pretoria Station
https://pretoriahub.com/category/logistics-courier-transport/buffelsdrift/,"Logistics, Courier & Transport in Buffelsdrift, Pretoria",1,simply-moves-buffelsdrift,Simply Moves
https://pretoriahub.com/category/logistics-courier-transport/centurion-central/,"Logistics, Courier & Transport in Centurion Central, Pretoria",1,globaltrade-customs-pty-ltd-centurion-central,GlobalTrade Customs (Pty) Ltd
https://pretoriahub.com/category/logistics-courier-transport/clubview-east/,"Logistics, Courier & Transport in Clubview East, Pretoria",1,the-courier-guy-clubview-corner-locker-clubview-east,The Courier Guy Clubview Corner Locker
https://pretoriahub.com/category/logistics-courier-transport/constantia-park/,"Logistics, Courier & Transport in Constantia Park, Pretoria",1,cid-couriers-constantia-park,CID Couriers
https://pretoriahub.com/category/logistics-courier-transport/copperleaf-golf-estate/,"Logistics, Courier & Transport in Copperleaf Golf Estate, Pretoria",1,the-courier-guy-copperleaf-golf-estate-locker-copperleaf-golf-estate,The Courier Guy Copperleaf Golf Estate Locker
https://pretoriahub.com/category/logistics-courier-transport/daspoort/,"Logistics, Courier & Transport in Daspoort, Pretoria",1,cool-runners-logistics-daspoort,Cool Runners Logistics
https://pretoriahub.com/category/logistics-courier-transport/derdepoort/,"Logistics, Courier & Transport in Derdepoort, Pretoria",1,legend-removals-derdepoort,Legend Removals
https://pretoriahub.com/category/logistics-courier-transport/donkerhoek/,"Logistics, Courier & Transport in Donkerhoek, Pretoria",1,tashwe-rollback-and-crane-hire-donkerhoek,TASHWE Rollback and crane hire
https://pretoriahub.com/category/logistics-courier-transport/doornpoort/,"Logistics, Courier & Transport in Doornpoort, Pretoria",1,qabula-holdings-pty-ltd-doornpoort,QABULA HOLDINGS PTY LTD
https://pretoriahub.com/category/logistics-courier-transport/dorandia/,"Logistics, Courier & Transport in Dorandia, Pretoria",1,jps-moving-dorandia,JPS Moving
https://pretoriahub.com/category/logistics-courier-transport/eldo-lakes-estate/,"Logistics, Courier & Transport in Eldo Lakes Estate, Pretoria",1,postnet-eldo-square-eldo-lakes-estate,PostNet Eldo Square
https://pretoriahub.com/category/logistics-courier-transport/eldorette/,"Logistics, Courier & Transport in Eldorette, Pretoria",1,courierit-pty-ltd-pretoria-eldorette,Courierit (Pty) Ltd Pretoria
https://pretoriahub.com/category/logistics-courier-transport/equestria/,"Logistics, Courier & Transport in Equestria, Pretoria",1,postnet-equestria-equestria,PostNet Equestria
https://pretoriahub.com/category/logistics-courier-transport/erasmuskloof/,"Logistics, Courier & Transport in Erasmuskloof, Pretoria",1,postnet-castle-walk-erasmuskloof,PostNet Castle Walk
https://pretoriahub.com/category/logistics-courier-transport/florauna/,"Logistics, Courier & Transport in Florauna, Pretoria",1,charlanda-distributors-pty-ltd-florauna,Charlanda Distributors (Pty) Ltd
https://pretoriahub.com/category/logistics-courier-transport/garsfontein-smallholdings/,"Logistics, Courier & Transport in Garsfontein Smallholdings, Pretoria",1,postnet-garsfontein-garsfontein-smallholdings,PostNet Garsfontein
https://pretoriahub.com/category/logistics-courier-transport/gezina/,"Logistics, Courier & Transport in Gezina, Pretoria",1,postnet-gezina-gezina,PostNet Gezina Galleries
https://pretoriahub.com/category/logistics-courier-transport/heatherview/,"Logistics, Courier & Transport in Heatherview, Pretoria",1,postnet-blaauw-village-heatherview,PostNet Blaauw Village
https://pretoriahub.com/category/logistics-courier-transport/irene-farm-villages/,"Logistics, Courier & Transport in Irene Farm Villages, Pretoria",1,4pl-group-irene-farm-villages,4PL Group
https://pretoriahub.com/category/logistics-courier-transport/irene/,"Logistics, Courier & Transport in Irene, Pretoria",1,turaco-business-logix-irene,Turaco Business Logix
https://pretoriahub.com/category/logistics-courier-transport/kameeldrift/,"Logistics, Courier & Transport in Kameeldrift, Pretoria",1,weibros-transport-kameeldrift,Weibros Transport
https://pretoriahub.com/category/logistics-courier-transport/koedoespoort/,"Logistics, Courier & Transport in Koedoespoort, Pretoria",1,pretoria-vervoerkonsultante-koedoespoort,Pretoria Vervoerkonsultante
https://pretoriahub.com/category/logistics-courier-transport/magalieskruin/,"Logistics, Courier & Transport in Magalieskruin, Pretoria",1,blue-core-logistics-magalieskruin,Blue Core Logistics
https://pretoriahub.com/category/logistics-courier-transport/midfields-estate/,"Logistics, Courier & Transport in Midfields Estate, Pretoria",1,shepherd-removals-deliveries-midfields-estate,SHEPHERD REMOVALS & DELIVERIES
https://pretoriahub.com/category/logistics-courier-transport/monavoni/,"Logistics, Courier & Transport in Monavoni, Pretoria",1,rilanco-coaches-monavoni,Rilanco Coaches
https://pretoriahub.com/category/logistics-courier-transport/montana-gardens/,"Logistics, Courier & Transport in Montana Gardens, Pretoria",1,trailarent-montana-pretoria-montana-gardens,Trailarent Montana Pretoria
https://pretoriahub.com/category/logistics-courier-transport/montana/,"Logistics, Courier & Transport in Montana, Pretoria",1,trailarent-montana-pretoria-montana,Trailarent Montana Pretoria
https://pretoriahub.com/category/logistics-courier-transport/mooiplaats/,"Logistics, Courier & Transport in Mooiplaats, Pretoria",1,desmondi-mooiplaats,Desmondi
https://pretoriahub.com/category/logistics-courier-transport/muckleneuk/,"Logistics, Courier & Transport in Muckleneuk, Pretoria",1,dikgomo-banareng-travelinafrica-agency-muckleneuk,Dikgomo Banareng TravelInAfrica Agency
https://pretoriahub.com/category/logistics-courier-transport/ninapark/,"Logistics, Courier & Transport in Ninapark, Pretoria",1,postnet-pretoria-north-ninapark-ninapark,PostNet Pretoria North (Ninapark)
https://pretoriahub.com/category/logistics-courier-transport/parktown-estate/,"Logistics, Courier & Transport in Parktown Estate, Pretoria",1,gsp-global-sourcing-procurement-parktown-estate,GSP - Global Sourcing & Procurement
https://pretoriahub.com/category/logistics-courier-transport/philip-nel-park/,"Logistics, Courier & Transport in Philip Nel Park, Pretoria",1,sg-synergy-group-pty-ltd-philip-nel-park,SG Synergy Group (Pty) Ltd
https://pretoriahub.com/category/logistics-courier-transport/rooihuiskraal/,"Logistics, Courier & Transport in Rooihuiskraal, Pretoria",1,ram-centurion-rooihuiskraal,RAM Centurion
https://pretoriahub.com/category/logistics-courier-transport/sable-hills-waterfront-estate/,"Logistics, Courier & Transport in Sable Hills Waterfront Estate, Pretoria",1,willzo-chauffeur-drive-sable-hills-waterfront-estate,Willzo Chauffeur Drive
https://pretoriahub.com/category/logistics-courier-transport/silverton/,"Logistics, Courier & Transport in Silverton, Pretoria",1,swartboer-business-enterprises-cc-silverton,Swartboer Business Enterprises CC
https://pretoriahub.com/category/logistics-courier-transport/silvertondale/,"Logistics, Courier & Transport in Silvertondale, Pretoria",1,alpha-pharm-distributors-silvertondale,Alpha Pharm Distributors
https://pretoriahub.com/category/logistics-courier-transport/sinoville/,"Logistics, Courier & Transport in Sinoville, Pretoria",1,postnet-sinoville-sinoville,PostNet Sinoville
https://pretoriahub.com/category/logistics-courier-transport/sterrewag/,"Logistics, Courier & Transport in Sterrewag, Pretoria",1,asparagus-glen-freight-pty-ltd-sterrewag,Asparagus Glen Freight PTY LTD
https://pretoriahub.com/category/logistics-courier-transport/trevenna/,"Logistics, Courier & Transport in Trevenna, Pretoria",1,postnet-station-square-trevenna,PostNet Station Square
https://pretoriahub.com/category/logistics-courier-transport/villieria/,"Logistics, Courier & Transport in Villieria, Pretoria",1,pcf-transport-advisers-pty-ltd-villieria,PCF TRANSPORT ADVISERS (PTY) LTD
https://pretoriahub.com/category/logistics-courier-transport/wapadrand/,"Logistics, Courier & Transport in Wapadrand, Pretoria",1,cbs-logistics-wapadrand,CBS Logistics
https://pretoriahub.com/category/logistics-courier-transport/waterkloof-park/,"Logistics, Courier & Transport in Waterkloof Park, Pretoria",1,tomorrow-products-waterkloof-park,Tomorrow Products
https://pretoriahub.com/category/logistics-courier-transport/willow-glen/,"Logistics, Courier & Transport in Willow Glen, Pretoria",1,lantis-electronics-imports-and-supply-willow-glen,Lantis Electronics ( Imports and Supply)
https://pretoriahub.com/category/logistics-courier-transport/willow-park-manor/,"Logistics, Courier & Transport in Willow Park Manor, Pretoria",1,dtp562-group-willow-park-manor,DTP562-Group
https://pretoriahub.com/category/logistics-courier-transport/wingate-park/,"Logistics, Courier & Transport in Wingate Park, Pretoria",1,box-move-furniture-moving-company-pretoria-wingate-park,Box&Move Furniture Moving Company Pretoria
https://pretoriahub.com/category/logistics-courier-transport/wolmer/,"Logistics, Courier & Transport in Wolmer, Pretoria",1,transmatta-wolmer,transmatta
https://pretoriahub.com/category/marketing-advertising/alphen-park/,"Marketing & Advertising in Alphen Park, Pretoria",1,prifactor-creative-alphen-park,Prifactor Creative
https://pretoriahub.com/category/marketing-advertising/amberfield-glen/,"Marketing & Advertising in Amberfield Glen, Pretoria",1,dexitt-brand-design-amberfield-glen,Dexitt Brand Design
https://pretoriahub.com/category/marketing-advertising/amberfield-manor/,"Marketing & Advertising in Amberfield Manor, Pretoria",1,facebook-business-marketing-masters-amberfield-manor,Facebook Business Marketing Masters
https://pretoriahub.com/category/marketing-advertising/amberfield-valley/,"Marketing & Advertising in Amberfield Valley, Pretoria",1,aka-design-pty-ltd-amberfield-valley,Aka Design (Pty) Ltd
https://pretoriahub.com/category/marketing-advertising/amberfield/,"Marketing & Advertising in Amberfield, Pretoria",1,timeless-journey-pty-ltd-amberfield,Timeless Journey (PTY) Ltd
https://pretoriahub.com/category/marketing-advertising/ashley-gardens/,"Marketing & Advertising in Ashley Gardens, Pretoria",1,marketing-support-services-ashley-gardens,Marketing Support Services
https://pretoriahub.com/category/marketing-advertising/bergtuin/,"Marketing & Advertising in Bergtuin, Pretoria",1,brand-circle-bergtuin,BRAND CIRCLE
https://pretoriahub.com/category/marketing-advertising/bronberrik/,"Marketing & Advertising in Bronberrik, Pretoria",1,roco-online-marketing-bronberrik,ROCO Online Marketing
https://pretoriahub.com/category/marketing-advertising/celtisdal/,"Marketing & Advertising in Celtisdal, Pretoria",1,yobuningi-trading-pty-ltd-celtisdal,Yobuningi Trading (Pty) Ltd
https://pretoriahub.com/category/marketing-advertising/centurion-central/,"Marketing & Advertising in Centurion Central, Pretoria",1,we-are-centurion-centurion-central,We Are Centurion
https://pretoriahub.com/category/marketing-advertising/claudius/,"Marketing & Advertising in Claudius, Pretoria",1,laudium-sun-claudius,Laudium Sun
https://pretoriahub.com/category/marketing-advertising/daspoort/,"Marketing & Advertising in Daspoort, Pretoria",1,sos-advertising-sa-daspoort,SOS Advertising SA
https://pretoriahub.com/category/marketing-advertising/die-hoewes/,"Marketing & Advertising in Die Hoewes, Pretoria",1,ep-digital-sa-die-hoewes,EP Digital SA
https://pretoriahub.com/category/marketing-advertising/donkerhoek/,"Marketing & Advertising in Donkerhoek, Pretoria",1,nico-grobler-design-and-advertising-donkerhoek,NICO GROBLER DESIGN AND ADVERTISING
https://pretoriahub.com/category/marketing-advertising/east-lynne/,"Marketing & Advertising in East Lynne, Pretoria",1,moot-bargains-east-lynne,Moot Bargains
https://pretoriahub.com/category/marketing-advertising/eco-park/,"Marketing & Advertising in Eco-Park, Pretoria",1,evotree-eco-park,Evotree
https://pretoriahub.com/category/marketing-advertising/eersterust/,"Marketing & Advertising in Eersterust, Pretoria",1,andromeda-business-solutions-eersterust,Andromeda Business Solutions
https://pretoriahub.com/category/marketing-advertising/elardus-park/,"Marketing & Advertising in Elardus Park, Pretoria",1,askmario-elardus-park,AskMario
https://pretoriahub.com/category/marketing-advertising/eldo-lakes-estate/,"Marketing & Advertising in Eldo Lakes Estate, Pretoria",1,eldo-inc-pty-ltd-digital-marketing-agency-eldo-lakes-estate,Eldo Inc (Pty) Ltd Digital Marketing Agency
https://pretoriahub.com/category/marketing-advertising/eldorette/,"Marketing & Advertising in Eldorette, Pretoria",1,justtwenty-marketing-pty-ltd-eldorette,Justtwenty Marketing (Pty) Ltd
https://pretoriahub.com/category/marketing-advertising/eloffsdal/,"Marketing & Advertising in Eloffsdal, Pretoria",1,govalue-sa-eloffsdal,GoValue SA
https://pretoriahub.com/category/marketing-advertising/equestria/,"Marketing & Advertising in Equestria, Pretoria",1,jpm-digital-equestria,JPM Digital
https://pretoriahub.com/category/marketing-advertising/erasmuskloof/,"Marketing & Advertising in Erasmuskloof, Pretoria",1,mh-marketing-management-erasmuskloof,MH Marketing Management
https://pretoriahub.com/category/marketing-advertising/garsfontein-smallholdings/,"Marketing & Advertising in Garsfontein Smallholdings, Pretoria",1,basadzi-media-personnel-garsfontein-smallholdings,Basadzi Media & Personnel
https://pretoriahub.com/category/marketing-advertising/hazeldean/,"Marketing & Advertising in Hazeldean, Pretoria",1,delutch-designs-hazeldean,Delutch Designs
https://pretoriahub.com/category/marketing-advertising/heatherdale/,"Marketing & Advertising in Heatherdale, Pretoria",1,hustlers-dream-multimedia-heatherdale,Hustlers Dream Multimedia
https://pretoriahub.com/category/marketing-advertising/hennopspark/,"Marketing & Advertising in Hennopspark, Pretoria",1,red-dot-branding-hennopspark,Red Dot Branding
https://pretoriahub.com/category/marketing-advertising/heritage-hill-estate/,"Marketing & Advertising in Heritage Hill Estate, Pretoria",1,burg-design-heritage-hill-estate,Burg Design
https://pretoriahub.com/category/marketing-advertising/hermanstad/,"Marketing & Advertising in Hermanstad, Pretoria",1,on-the-dot-hermanstad,ON THE DOT
https://pretoriahub.com/category/marketing-advertising/klerksoord/,"Marketing & Advertising in Klerksoord, Pretoria",1,eco-tanks-rosslyn-klerksoord,Eco Tanks Rosslyn
https://pretoriahub.com/category/marketing-advertising/la-montagne/,"Marketing & Advertising in La Montagne, Pretoria",1,clear-creative-lizelle-la-montagne,Clear Creative Lizelle
https://pretoriahub.com/category/marketing-advertising/leeuwfontein/,"Marketing & Advertising in Leeuwfontein, Pretoria",1,ed-media-leeuwfontein,ED-Media
https://pretoriahub.com/category/marketing-advertising/lydiana/,"Marketing & Advertising in Lydiana, Pretoria",1,agribonus-lydiana,AgriBonus
https://pretoriahub.com/category/marketing-advertising/lynnwood-manor/,"Marketing & Advertising in Lynnwood Manor, Pretoria",1,groot-fm-lynnwood-manor,Groot FM 90.5
https://pretoriahub.com/category/marketing-advertising/lyttelton/,"Marketing & Advertising in Lyttelton, Pretoria",1,gracefilled-media-lyttelton,GraceFilled Media
https://pretoriahub.com/category/marketing-advertising/midstream-ridge/,"Marketing & Advertising in Midstream Ridge, Pretoria",1,neoc-digital-midstream-ridge,NEOC Digital
https://pretoriahub.com/category/marketing-advertising/montana-park/,"Marketing & Advertising in Montana Park, Pretoria",1,the-at-company-montana-park,The At Company
https://pretoriahub.com/category/marketing-advertising/moregloed/,"Marketing & Advertising in Moregloed, Pretoria",1,jaro-digital-marketing-agency-moregloed,Jaro Digital Marketing Agency
https://pretoriahub.com/category/marketing-advertising/muckleneuk/,"Marketing & Advertising in Muckleneuk, Pretoria",1,seopros-muckleneuk,SEOPros
https://pretoriahub.com/category/marketing-advertising/olievenhoutbosch/,"Marketing & Advertising in Olievenhoutbosch, Pretoria",1,ubvelela-signage-and-promotions-olievenhoutbosch,UBVELELA SIGNAGE AND PROMOTIONS
https://pretoriahub.com/category/marketing-advertising/raslouw/,"Marketing & Advertising in Raslouw, Pretoria",1,khokat-consulting-raslouw,Khokat Consulting
https://pretoriahub.com/category/marketing-advertising/rietfontein/,"Marketing & Advertising in Rietfontein, Pretoria",1,frikkie-produksie-pty-ltd-rietfontein,Frikkie Produksie PTY Ltd
https://pretoriahub.com/category/marketing-advertising/rooihuiskraal-north/,"Marketing & Advertising in Rooihuiskraal North, Pretoria",1,peri-peri-creative-rooihuiskraal-north,Peri Peri Creative
https://pretoriahub.com/category/marketing-advertising/southdowns/,"Marketing & Advertising in Southdowns, Pretoria",1,investment-spectrum-southdowns,Investment Spectrum
https://pretoriahub.com/category/marketing-advertising/thatchfield-estate/,"Marketing & Advertising in Thatchfield Estate, Pretoria",1,virtue-union-thatchfield-estate,Virtue Union
https://pretoriahub.com/category/marketing-advertising/the-orchards/,"Marketing & Advertising in The Orchards, Pretoria",1,the-digital-colab-the-orchards,The Digital Colab
https://pretoriahub.com/category/marketing-advertising/the-willows/,"Marketing & Advertising in The Willows, Pretoria",1,brandjam-the-willows,Brandjam
https://pretoriahub.com/category/marketing-advertising/wapadrand/,"Marketing & Advertising in Wapadrand, Pretoria",1,brandxtreme-wapadrand,BrandXtreme
https://pretoriahub.com/category/marketing-advertising/waterkloof-park/,"Marketing & Advertising in Waterkloof Park, Pretoria",1,new-media-design-agency-waterkloof-park,New Media Design Agency
https://pretoriahub.com/category/marketing-advertising/wolmer/,"Marketing & Advertising in Wolmer, Pretoria",1,mjm-marketing-and-advertising-wolmer,MJM Marketing and Advertising
https://pretoriahub.com/category/marketing-advertising/wonderboom-south/,"Marketing & Advertising in Wonderboom South, Pretoria",1,mpresif-marketing-consulting-wonderboom-south,Mpresif Marketing & Consulting
https://pretoriahub.com/category/marketing-advertising/wonderboom/,"Marketing & Advertising in Wonderboom, Pretoria",1,winmax-business-support-services-pty-ltd-wonderboom,WinMax Business Support Services (Pty) Ltd
https://pretoriahub.com/category/marketing-advertising/woodhill-golf-estate/,"Marketing & Advertising in Woodhill Golf Estate, Pretoria",1,dw-outdoor-marketing-woodhill-golf-estate,DW Outdoor Marketing
https://pretoriahub.com/category/marketing-advertising/zwartkop/,"Marketing & Advertising in Zwartkop, Pretoria",1,mahuma-group-pty-ltd-zwartkop,MAHUMA GROUP(PTY)LTD
https://pretoriahub.com/category/marketing-advertising/zwavelpoort/,"Marketing & Advertising in Zwavelpoort, Pretoria",1,wow-marketing-agency-zwavelpoort,WOW Marketing Agency
https://pretoriahub.com/category/mobile-phones/celtisdal/,"Mobile Phones & Accessories in Celtisdal, Pretoria",1,hicell-holdings-celtisdal,Hicell Holdings
https://pretoriahub.com/category/mobile-phones/doringkloof/,"Mobile Phones & Accessories in Doringkloof, Pretoria",1,technomobi-pty-ltd-doringkloof,Technomobi (Pty) Ltd.
https://pretoriahub.com/category/mobile-phones/equestria/,"Mobile Phones & Accessories in Equestria, Pretoria",1,cellucity-the-grove-mall-equestria,Cellucity - The Grove Mall
https://pretoriahub.com/category/mobile-phones/erasmia/,"Mobile Phones & Accessories in Erasmia, Pretoria",1,mj-group-of-companies-erasmia,MJ Group of Companies
https://pretoriahub.com/category/mobile-phones/hammanskraal/,"Mobile Phones & Accessories in Hammanskraal, Pretoria",1,pep-cell-hammanskraal,PEP Cell
https://pretoriahub.com/category/mobile-phones/midstream-estate/,"Mobile Phones & Accessories in Midstream Estate, Pretoria",1,chatz-connect-midstream-midstream-estate,Chatz Connect - Midstream
https://pretoriahub.com/category/mobile-phones/midstream-ridge/,"Mobile Phones & Accessories in Midstream Ridge, Pretoria",1,trendy-gadgets-midstream-ridge,Trendy Gadgets
https://pretoriahub.com/category/mobile-phones/raslouw/,"Mobile Phones & Accessories in Raslouw, Pretoria",1,cell-time-raslouw,Cell Time
https://pretoriahub.com/category/mobile-phones/trevenna/,"Mobile Phones & Accessories in Trevenna, Pretoria",1,vodacom-4u-sunnypark-trevenna,Vodacom 4U Sunnypark
https://pretoriahub.com/category/mobile-phones/wonderboom/,"Mobile Phones & Accessories in Wonderboom, Pretoria",1,mtn-store-wonderboom-junction-wonderboom,MTN Store Wonderboom Junction
https://pretoriahub.com/category/motor-spares/akasia/,"Motor Spares in Akasia, Pretoria",1,zf-lemf-rder-south-africa-pty-ltd-axle-division-akasia,ZF Lemförder South Africa (Pty) Ltd - Axle Division
https://pretoriahub.com/category/motor-spares/atteridgeville/,"Motor Spares in Atteridgeville, Pretoria",1,goldwagen-atteridgeville-atteridgeville,Goldwagen Atteridgeville
https://pretoriahub.com/category/motor-spares/centurion-central/,"Motor Spares in Centurion Central, Pretoria",1,4x4-mega-world-centurion-centurion-central,4x4 Mega World Centurion
https://pretoriahub.com/category/motor-spares/clubview/,"Motor Spares in Clubview, Pretoria",1,autostyle-motorsport-centurion-clubview,Autostyle Motorsport (Centurion)
https://pretoriahub.com/category/motor-spares/constantia-park/,"Motor Spares in Constantia Park, Pretoria",1,tuff-tint-constantia-park,Tuff Tint
https://pretoriahub.com/category/motor-spares/dorandia/,"Motor Spares in Dorandia, Pretoria",1,stallion-turbos-dorandia,Stallion Turbos
https://pretoriahub.com/category/motor-spares/elardus-park/,"Motor Spares in Elardus Park, Pretoria",1,elardus-park-midas-elardus-park,Elardus Park MIDAS
https://pretoriahub.com/category/motor-spares/eloffsdal/,"Motor Spares in Eloffsdal, Pretoria",1,express-covers-online-eloffsdal,Express Covers Online
https://pretoriahub.com/category/motor-spares/gezina/,"Motor Spares in Gezina, Pretoria",1,autozone-gezina-gezina,Autozone Gezina
https://pretoriahub.com/category/motor-spares/hammanskraal/,"Motor Spares in Hammanskraal, Pretoria",1,ahk-motor-spares-hammanskraal,AHK Motor Spares
https://pretoriahub.com/category/motor-spares/heatherview/,"Motor Spares in Heatherview, Pretoria",1,mighty-thor-bakkie-accessories-pretoria-north-heatherview,MIGHTY THOR BAKKIE ACCESSORIES PRETORIA NORTH
https://pretoriahub.com/category/motor-spares/kameeldrift/,"Motor Spares in Kameeldrift, Pretoria",1,lieu-truck-and-car-spares-kameeldrift,Lieu Truck and Car Spares
https://pretoriahub.com/category/motor-spares/klerksoord/,"Motor Spares in Klerksoord, Pretoria",1,q-tyres-klerksoord,Q Tyres
https://pretoriahub.com/category/motor-spares/kloofsig/,"Motor Spares in Kloofsig, Pretoria",1,mycustomshop-kloofsig,MyCustomShop
https://pretoriahub.com/category/motor-spares/les-marais/,"Motor Spares in Les Marais, Pretoria",1,autobar-les-marais,Autobar
https://pretoriahub.com/category/motor-spares/louwlardia/,"Motor Spares in Louwlardia, Pretoria",1,goldwagen-head-office-distribution-centre-louwlardia,Goldwagen Head Office & Distribution Centre
https://pretoriahub.com/category/motor-spares/montana-gardens/,"Motor Spares in Montana Gardens, Pretoria",1,zambezi-montana-midas-montana-gardens,Zambezi (Montana) Midas
https://pretoriahub.com/category/motor-spares/montana-park/,"Motor Spares in Montana Park, Pretoria",1,4x4-megaworld-zambesi-montana-park,4x4 Megaworld Zambesi
https://pretoriahub.com/category/motor-spares/parktown-estate/,"Motor Spares in Parktown Estate, Pretoria",1,camil-suspensions-parktown-estate,Camil Suspensions
https://pretoriahub.com/category/motor-spares/rietfontein/,"Motor Spares in Rietfontein, Pretoria",1,american-battery-company-moot-rietfontein,American Battery Company Moot
https://pretoriahub.com/category/motor-spares/rooihuiskraal/,"Motor Spares in Rooihuiskraal, Pretoria",1,battery-corp-rooihuiskraal-rooihuiskraal,Battery Corp Rooihuiskraal
https://pretoriahub.com/category/motor-spares/roseville/,"Motor Spares in Roseville, Pretoria",1,camil-suspensions-roseville,Camil Suspensions
https://pretoriahub.com/category/motor-spares/rosslyn/,"Motor Spares in Rosslyn, Pretoria",1,vacuform-2000-pty-ltd-rosslyn,Vacuform 2000 (Pty) Ltd
https://pretoriahub.com/category/motor-spares/silverlakes/,"Motor Spares in Silver Lakes, Pretoria",1,midas-silverlakes,Midas
https://pretoriahub.com/category/motor-spares/silvertondale/,"Motor Spares in Silvertondale, Pretoria",1,apollo-21-truck-parts-gauteng-pretoria-silvertondale,Apollo 21 Truck Parts - Gauteng(Pretoria)
https://pretoriahub.com/category/motor-spares/trevenna/,"Motor Spares in Trevenna, Pretoria",1,parts-mall-pretoria-central,Parts Mall
https://pretoriahub.com/category/motor-spares/valhalla/,"Motor Spares in Valhalla, Pretoria",1,valhalla-spares-c-c-valhalla,Valhalla Spares C C
https://pretoriahub.com/category/motor-spares/villieria/,"Motor Spares in Villieria, Pretoria",1,naskar-spares-accessories-villieria,Naskar Spares & Accessories
https://pretoriahub.com/category/motor-spares/wolmer/,"Motor Spares in Wolmer, Pretoria",1,protech-batteries-pretoria-north-solite-wolmer,Protech Batteries Pretoria North (Solite)
https://pretoriahub.com/category/motor-spares/wonderboom-south/,"Motor Spares in Wonderboom South, Pretoria",1,ecu-warehouse-wonderboom-south,ECU-Warehouse
https://pretoriahub.com/category/motor-spares/zandfontein/,"Motor Spares in Zandfontein, Pretoria",1,grandmark-international-pretoria-zandfontein,Grandmark International Pretoria
https://pretoriahub.com/category/motor-spares/zwartkop/,"Motor Spares in Zwartkop, Pretoria",1,graaff-brakes-centurion-zwartkop,Graaff Brakes Centurion
https://pretoriahub.com/category/museums-heritage-sites/arcadia/,"Museums & Heritage Sites in Arcadia, Pretoria",1,union-buildings-arcadia,Union Buildings
https://pretoriahub.com/category/museums-heritage-sites/donkerhoek/,"Museums & Heritage Sites in Donkerhoek, Pretoria",1,sammy-marks-museum-donkerhoek,Sammy Marks Museum
https://pretoriahub.com/category/museums-heritage-sites/groenkloof/,"Museums & Heritage Sites in Groenkloof, Pretoria",1,voortrekker-monument-groenkloof,Voortrekker Monument
https://pretoriahub.com/category/museums-heritage-sites/marabastad/,"Museums & Heritage Sites in Marabastad, Pretoria",1,mariammen-temple-marabastad,Mariammen Temple
https://pretoriahub.com/category/museums-heritage-sites/salvokop/,"Museums & Heritage Sites in Salvokop, Pretoria",1,freedom-park-salvokop,Freedom Park
https://pretoriahub.com/category/museums-heritage-sites/saxonwold/,"Museums & Heritage Sites in Saxonwold, Pretoria",1,ditsong-museum-of-military-history-saxonwold,Ditsong Museum of Military History
https://pretoriahub.com/category/museums-heritage-sites/silverton/,"Museums & Heritage Sites in Silverton, Pretoria",1,pionier-open-air-museum-silverton,Pionier Open-air Museum
https://pretoriahub.com/category/museums-heritage-sites/soshanguve/,"Museums & Heritage Sites in Soshanguve, Pretoria",1,tswaing-meteorite-crater-soshanguve,Tswaing Meteorite Crater
https://pretoriahub.com/category/nurseries-garden-centres/akasia/,"Nurseries & Garden Centres in Akasia, Pretoria",1,exclusive-landscapes-landscaping-pretoria-gauteng-garden-design-company-akasia,"Exclusive Landscapes - Landscaping Pretoria (Gauteng), Garden Design Company"
https://pretoriahub.com/category/nurseries-garden-centres/brummeria/,"Nurseries & Garden Centres in Brummeria, Pretoria",1,bramland-group-tree-felling-boomsloping-tree-care-stump-grinding-removal-in-pret-brummeria,Bramland Group Tree Felling / Boomsloping / Tree Care / Stump Grinding & Removal in Pretoria
https://pretoriahub.com/category/nurseries-garden-centres/celtisdal/,"Nurseries & Garden Centres in Celtisdal, Pretoria",1,kainos-garden-celtisdal,Kainos Garden
https://pretoriahub.com/category/nurseries-garden-centres/cornwall-hill-estate/,"Nurseries & Garden Centres in Cornwall Hill Estate, Pretoria",1,plantland-cornwall-hill-garden-centre-cornwall-hill-estate,Plantland Cornwall Hill Garden Centre
https://pretoriahub.com/category/nurseries-garden-centres/derdepoort/,"Nurseries & Garden Centres in Derdepoort, Pretoria",1,water-depot-derdepoort,Water Depot
https://pretoriahub.com/category/nurseries-garden-centres/dorandia/,"Nurseries & Garden Centres in Dorandia, Pretoria",1,michael-tree-felling-pty-ltd-dorandia,Michael tree felling (Pty)Ltd
https://pretoriahub.com/category/nurseries-garden-centres/east-lynne/,"Nurseries & Garden Centres in East Lynne, Pretoria",1,pangela-lawnmowers-generators-east-lynne,Pangela Lawnmowers & Generators
https://pretoriahub.com/category/nurseries-garden-centres/equestria/,"Nurseries & Garden Centres in Equestria, Pretoria",1,budget-plants-equestria,Budget Plants
https://pretoriahub.com/category/nurseries-garden-centres/erasmia/,"Nurseries & Garden Centres in Erasmia, Pretoria",1,mooiplaas-iris-daylily-nursery-erasmia-centurion-erasmia,"Mooiplaas Iris & Daylily Nursery, Erasmia, Centurion"
https://pretoriahub.com/category/nurseries-garden-centres/garsfontein-smallholdings/,"Nurseries & Garden Centres in Garsfontein Smallholdings, Pretoria",1,the-pretoria-treefelling-guru-emergency-tree-service-24-7-garsfontein-smallholdings,The Pretoria Treefelling Guru & Emergency Tree Service 24/7
https://pretoriahub.com/category/nurseries-garden-centres/heuweloord/,"Nurseries & Garden Centres in Heuweloord, Pretoria",1,lawnitex-heuweloord,Lawnitex
https://pretoriahub.com/category/nurseries-garden-centres/irene-farm-villages/,"Nurseries & Garden Centres in Irene Farm Villages, Pretoria",1,irene-gardener-s-nursery-irene-farm-villages,Irene Gardener's Nursery
https://pretoriahub.com/category/nurseries-garden-centres/jan-niemand-park/,"Nurseries & Garden Centres in Jan Niemand Park, Pretoria",1,myriad-green-irrigation-backup-water-systems-leak-detection-jan-niemand-park,"Myriad Green - Irrigation, Backup Water Systems & Leak Detection."
https://pretoriahub.com/category/nurseries-garden-centres/kameeldrift/,"Nurseries & Garden Centres in Kameeldrift, Pretoria",1,newlands-nursery-kameeldrift,Newlands Nursery
https://pretoriahub.com/category/nurseries-garden-centres/kloofsig/,"Nurseries & Garden Centres in Kloofsig, Pretoria",1,boom-slope-south-africa-kloofsig,Boom Slope South Africa
https://pretoriahub.com/category/nurseries-garden-centres/koedoespoort/,"Nurseries & Garden Centres in Koedoespoort, Pretoria",1,a-j-plastics-koedoespoort,A&J Plastics
https://pretoriahub.com/category/nurseries-garden-centres/lynnwood-glen/,"Nurseries & Garden Centres in Lynnwood Glen, Pretoria",1,tree-felling-pretoria-east-lynnwood-glen,Tree Felling Pretoria East
https://pretoriahub.com/category/nurseries-garden-centres/meyerspark/,"Nurseries & Garden Centres in Meyerspark, Pretoria",1,lawnpro-hugo-meyerspark,Lawnpro Hugo
https://pretoriahub.com/category/nurseries-garden-centres/midstream-estate/,"Nurseries & Garden Centres in Midstream Estate, Pretoria",1,chauke-tree-felling-midstream-estate,Chauke tree felling
https://pretoriahub.com/category/nurseries-garden-centres/monavoni/,"Nurseries & Garden Centres in Monavoni, Pretoria",1,monavoni-nursery-monavoni,Monavoni Nursery
https://pretoriahub.com/category/nurseries-garden-centres/montana-gardens/,"Nurseries & Garden Centres in Montana Gardens, Pretoria",1,nico-s-outdoor-equipment-montana-gardens,Nico's Outdoor Equipment
https://pretoriahub.com/category/nurseries-garden-centres/moregloed/,"Nurseries & Garden Centres in Moregloed, Pretoria",1,db-landscaping-moregloed,DB Landscaping
https://pretoriahub.com/category/nurseries-garden-centres/parktown-estate/,"Nurseries & Garden Centres in Parktown Estate, Pretoria",1,ck-tree-felling-parktown-estate,Ck Tree Felling
https://pretoriahub.com/category/nurseries-garden-centres/riviera/,"Nurseries & Garden Centres in Riviera, Pretoria",1,levites-treefelling-riviera,Levites Treefelling
https://pretoriahub.com/category/nurseries-garden-centres/roodeplaat/,"Nurseries & Garden Centres in Roodeplaat, Pretoria",1,red-tree-garden-centre-roodeplaat,Red Tree Garden Centre
https://pretoriahub.com/category/nurseries-garden-centres/rooihuiskraal/,"Nurseries & Garden Centres in Rooihuiskraal, Pretoria",1,agriplas-centurion-rooihuiskraal,Agriplas Centurion
https://pretoriahub.com/category/nurseries-garden-centres/salieshoek/,"Nurseries & Garden Centres in Salieshoek, Pretoria",1,the-garden-group-salieshoek,The garden group
https://pretoriahub.com/category/nurseries-garden-centres/the-willows/,"Nurseries & Garden Centres in The Willows, Pretoria",1,urban-cultivation-the-willows,Urban Cultivation
https://pretoriahub.com/category/nurseries-garden-centres/valhalla/,"Nurseries & Garden Centres in Valhalla, Pretoria",1,garden-mecca-valhalla,Garden Mecca
https://pretoriahub.com/category/nurseries-garden-centres/waterkloof-park/,"Nurseries & Garden Centres in Waterkloof Park, Pretoria",1,tree-felling-pros-waterkloof-waterkloof-park,Tree Felling Pros Waterkloof
https://pretoriahub.com/category/nurseries-garden-centres/wolmer/,"Nurseries & Garden Centres in Wolmer, Pretoria",1,north-lawnmowers-wolmer,North Lawnmowers
https://pretoriahub.com/category/nurseries-garden-centres/zwartkop/,"Nurseries & Garden Centres in Zwartkop, Pretoria",1,boomslope-south-africa-pty-ltd-zwartkop,Boomslope South Africa pty ltd
https://pretoriahub.com/category/opticians/elardus-park/,"Opticians in Elardus Park, Pretoria",1,jaco-wessels-optometrist-elardus-park-elardus-park,Jaco Wessels Optometrist - Elardus Park
https://pretoriahub.com/category/opticians/equestria/,"Opticians in Equestria, Pretoria",1,vision-works-lynnwood-lane-equestria,Vision Works Lynnwood Lane
https://pretoriahub.com/category/opticians/midstream-estate/,"Opticians in Midstream Estate, Pretoria",1,eyecare-midstream-midstream-estate,Eyecare @ Midstream
https://pretoriahub.com/category/opticians/pierre-van-ryneveld-park/,"Opticians in Pierre van Ryneveld Park, Pretoria",1,melanie-peyper-pierre-van-ryneveld-park,Melanie Peyper
https://pretoriahub.com/category/opticians/sinoville/,"Opticians in Sinoville, Pretoria",1,osmans-optical-sinoville-sinoville,Osman's Optical Sinoville
https://pretoriahub.com/category/opticians/thatchfield-estate/,"Opticians in Thatchfield Estate, Pretoria",1,vision-works-thatchfield-thatchfield-estate,Vision Works Thatchfield
https://pretoriahub.com/category/opticians/valhalla/,"Opticians in Valhalla, Pretoria",1,valhalla-safi-optometrists-valhalla,Valhalla Safi Optometrists
https://pretoriahub.com/category/opticians/waterkloof-ridge/,"Opticians in Waterkloof Ridge, Pretoria",1,spec-savers-waterkloof-ridge-waterkloof-ridge,Spec-Savers Waterkloof Ridge
https://pretoriahub.com/category/pest-control/celtisdal/,"Pest Control in Celtisdal, Pretoria",1,the-kleeners-pest-control-hygiene-celtisdal,The Kleeners Pest Control & Hygiene
https://pretoriahub.com/category/pest-control/de-wilgers/,"Pest Control in De Wilgers, Pretoria",1,we-render-pest-control-de-wilgers,We Render Pest Control
https://pretoriahub.com/category/pest-control/dorandia/,"Pest Control in Dorandia, Pretoria",1,xpest-pest-control-services-pty-ltd-head-office-dorandia,XPest Pest Control Services (Pty)Ltd Head Office
https://pretoriahub.com/category/pest-control/hennopspark/,"Pest Control in Hennopspark, Pretoria",1,henchem-gauteng-hennopspark,Henchem Gauteng
https://pretoriahub.com/category/pest-control/la-montagne/,"Pest Control in La Montagne, Pretoria",1,pest-control-specialists-pretoria-east-la-montagne,Pest Control Specialists™ Pretoria East
https://pretoriahub.com/category/pet-stores/annlin-west/,"Pet Stores & Supplies in Annlin West, Pretoria",1,wonderboom-bird-park-aquarium-annlin-west,Wonderboom Bird Park & Aquarium
https://pretoriahub.com/category/pet-stores/elardus-park/,"Pet Stores & Supplies in Elardus Park, Pretoria",1,elarduspark-pet-shop-and-dog-parlor-elardus-park,Elarduspark Pet Shop And Dog Parlor
https://pretoriahub.com/category/pet-stores/equestria/,"Pet Stores & Supplies in Equestria, Pretoria",1,petzone-lynnwood-lane-equestria,Petzone Lynnwood Lane
https://pretoriahub.com/category/pet-stores/groenkloof/,"Pet Stores & Supplies in Groenkloof, Pretoria",1,absolute-pets-groenkloof,Absolute Pets Groenkloof
https://pretoriahub.com/category/pet-stores/hazeldean/,"Pet Stores & Supplies in Hazeldean, Pretoria",1,absolute-pets-hazeldean-hazeldean,Absolute Pets Hazeldean
https://pretoriahub.com/category/pet-stores/irene-farm-villages/,"Pet Stores & Supplies in Irene Farm Villages, Pretoria",1,absolute-pets-irene-village-mall-irene-farm-villages,Absolute Pets Irene Village
https://pretoriahub.com/category/pet-stores/lynnwood-manor/,"Pet Stores & Supplies in Lynnwood Manor, Pretoria",1,vetsmart-lynnwood-bridge-lynnwood-manor,VetsMart Lynnwood Bridge
https://pretoriahub.com/category/pet-stores/mayville/,"Pet Stores & Supplies in Mayville, Pretoria",1,mayville-pets-mayville,Mayville Pets
https://pretoriahub.com/category/pet-stores/ninapark/,"Pet Stores & Supplies in Ninapark, Pretoria",1,the-queen-pet-shop-nina-park-ninapark,The Queen Pet Shop - Nina Park
https://pretoriahub.com/category/pet-stores/pierre-van-ryneveld-park/,"Pet Stores & Supplies in Pierre van Ryneveld Park, Pretoria",1,waggly-tails-pierre-van-ryneveld-park,Waggly Tails
https://pretoriahub.com/category/pet-stores/sinoville/,"Pet Stores & Supplies in Sinoville, Pretoria",1,vetz-direct-sinoville-sinoville,Vetz Direct Sinoville
https://pretoriahub.com/category/pet-stores/southdowns/,"Pet Stores & Supplies in Southdowns, Pretoria",1,animal-worx-southdowns-southdowns,Animal Worx Southdowns
https://pretoriahub.com/category/pet-stores/wierdapark/,"Pet Stores & Supplies in Wierdapark, Pretoria",1,wierda-park-pets-wierdapark,Wierda Park Pets
https://pretoriahub.com/category/pet-stores/wonderboom-south/,"Pet Stores & Supplies in Wonderboom South, Pretoria",1,dezis-pets-hermanstad,Dezi's Pets
https://pretoriahub.com/category/pharmacies/annlin-west/,"Pharmacies in Annlin West, Pretoria",1,dischem-wonderboom-junction-annlin-west,Dischem Wonderboom Junction
https://pretoriahub.com/category/pharmacies/annlin/,"Pharmacies in Annlin, Pretoria",1,arrie-nel-annlin-pharmacy-annlin,Arrie Nel Annlin Pharmacy
https://pretoriahub.com/category/pharmacies/arcadia/,"Pharmacies in Arcadia, Pretoria",1,van-heerdens-pretoria-central,Van Heerdens
https://pretoriahub.com/category/pharmacies/brakfontein/,"Pharmacies in Brakfontein, Pretoria",1,clicks-centurion,Clicks
https://pretoriahub.com/category/pharmacies/brooklyn/,"Pharmacies in Brooklyn, Pretoria",1,dis-chem-waterkloof,Dis-Chem
https://pretoriahub.com/category/pharmacies/elardus-park/,"Pharmacies in Elardus Park, Pretoria",1,dis-chem-elarduspark-elardus-park,Dis-Chem Pharmacy Elarduspark
https://pretoriahub.com/category/pharmacies/equestria/,"Pharmacies in Equestria, Pretoria",1,dis-chem-pharmacy-lynnwood-lane-equestria,Dis-Chem Pharmacy Lynnwood Lane
https://pretoriahub.com/category/pharmacies/erasmuskloof/,"Pharmacies in Erasmuskloof, Pretoria",1,clicks-castle-walk-erasmuskloof,Clicks Castle Walk
https://pretoriahub.com/category/pharmacies/florauna/,"Pharmacies in Florauna, Pretoria",1,clicks-pharmacy-northpark-florauna,Clicks Pharmacy Northpark
https://pretoriahub.com/category/pharmacies/garsfontein/,"Pharmacies in Garsfontein, Pretoria",1,arrie-nel-pharmacy-menlyn,Arrie Nel Pharmacy
https://pretoriahub.com/category/pharmacies/gezina/,"Pharmacies in Gezina, Pretoria",1,clicks-gezina-galleries-gezina,Clicks Gezina Galleries
https://pretoriahub.com/category/pharmacies/groenkloof/,"Pharmacies in Groenkloof, Pretoria",1,the-medicine-shop-groenkloof,The Medicine Shop Groenkloof
https://pretoriahub.com/category/pharmacies/hammanskraal/,"Pharmacies in Hammanskraal, Pretoria",1,clicks-hammanskraal,Clicks
https://pretoriahub.com/category/pharmacies/hazeldean/,"Pharmacies in Hazeldean, Pretoria",1,dis-chem-hazeldean-pharmacy-hazeldean,Dis-Chem Hazeldean Pharmacy
https://pretoriahub.com/category/pharmacies/hazelwood/,"Pharmacies in Hazelwood, Pretoria",1,dis-chem-pinaster-avenue-hazelwood,Dis-Chem Pinaster Avenue
https://pretoriahub.com/category/pharmacies/hermanstad/,"Pharmacies in Hermanstad, Pretoria",1,humor-diagnostica-hermanstad,Humor Diagnostica
https://pretoriahub.com/category/pharmacies/highveld/,"Pharmacies in Highveld, Pretoria",1,highveld-pharmacy-highveld,Highveld Pharmacy
https://pretoriahub.com/category/pharmacies/karenpark/,"Pharmacies in Karenpark, Pretoria",1,dis-chem-wonderpark-pharmacy-karenpark,Dis-Chem Wonderpark Pharmacy
https://pretoriahub.com/category/pharmacies/kilner-park/,"Pharmacies in Kilner Park, Pretoria",1,arrie-nel-kilner-park-kilner-park,Arrie Nel Kilner Park
https://pretoriahub.com/category/pharmacies/lynnwood-manor/,"Pharmacies in Lynnwood Manor, Pretoria",1,dis-chem-menlyn,Dis-Chem
https://pretoriahub.com/category/pharmacies/lynnwood-ridge/,"Pharmacies in Lynnwood Ridge, Pretoria",1,clicks-pharmacy-lynnridge-mall-lynnwood-ridge,Clicks Pharmacy Lynnridge Mall
https://pretoriahub.com/category/pharmacies/mamelodi/,"Pharmacies in Mamelodi, Pretoria",1,clicks-mamelodi-crossing-mamelodi,Clicks Mamelodi Crossing
https://pretoriahub.com/category/pharmacies/marabastad/,"Pharmacies in Marabastad, Pretoria",1,maraba-pharmacy-marabastad,Maraba Pharmacy
https://pretoriahub.com/category/pharmacies/mayville/,"Pharmacies in Mayville, Pretoria",1,medirite-mayville-mayville,Medirite Mayville
https://pretoriahub.com/category/pharmacies/meyerspark/,"Pharmacies in Meyerspark, Pretoria",1,maymed-pharmacy-meyerspark,Maymed Pharmacy
https://pretoriahub.com/category/pharmacies/midstream-estate/,"Pharmacies in Midstream Estate, Pretoria",1,healthchem-pharmacy-midstream-midstream-estate,HealthChem Pharmacy Midstream
https://pretoriahub.com/category/pharmacies/montana-park/,"Pharmacies in Montana Park, Pretoria",1,dis-chem-zambezi-junction-montana-park,Dis-Chem Zambezi Junction
https://pretoriahub.com/category/pharmacies/montana/,"Pharmacies in Montana, Pretoria",1,dis-chem-montana-kolonnade-montana,Dis-Chem Montana
https://pretoriahub.com/category/pharmacies/muckleneuk/,"Pharmacies in Muckleneuk, Pretoria",1,clicks-brooklyn-mall-pharm-muckleneuk,Clicks Brooklyn Mall Pharm
https://pretoriahub.com/category/pharmacies/olympus/,"Pharmacies in Olympus, Pretoria",1,clicks-olympus-village-olympus,Clicks Olympus Village
https://pretoriahub.com/category/pharmacies/pierre-van-ryneveld-park/,"Pharmacies in Pierre van Ryneveld Park, Pretoria",1,rynepark-pharmacy-alpha-pharmacies-pierre-van-ryneveld-park,Rynepark Pharmacy - Alpha Pharmacies
https://pretoriahub.com/category/pharmacies/pretoria-central/,"Pharmacies in Pretoria Central, Pretoria",1,green-health-pharmacy-pretoria-central,Green Health Pharmacy
https://pretoriahub.com/category/pharmacies/proclamation-hill/,"Pharmacies in Proclamation Hill, Pretoria",1,national-medical-supplies-proclamation-hill,National Medical Supplies
https://pretoriahub.com/category/pharmacies/rietvalleirand/,"Pharmacies in Rietvalleirand, Pretoria",1,clicks-cornwall-view-rietvalleirand,Clicks Cornwall View
https://pretoriahub.com/category/pharmacies/riviera/,"Pharmacies in Riviera, Pretoria",1,ringpharm-riviera-pharmacy-riviera,Ringpharm Riviera Pharmacy
https://pretoriahub.com/category/pharmacies/rooihuiskraal-north/,"Pharmacies in Rooihuiskraal North, Pretoria",1,clicks-mallreds-rooihuiskraal-north,Clicks Mall@Reds
https://pretoriahub.com/category/pharmacies/silverton/,"Pharmacies in Silverton, Pretoria",1,clicks-pharmacy-silver-mall-silverton,Clicks Pharmacy Silver Mall
https://pretoriahub.com/category/pharmacies/sinoville/,"Pharmacies in Sinoville, Pretoria",1,ridge-pharmacy-sinoville,Ridge Pharmacy
https://pretoriahub.com/category/pharmacies/soshanguve/,"Pharmacies in Soshanguve, Pretoria",1,dis-chem-soshanguve-crossing-soshanguve,Dis-Chem Soshanguve Crossing
https://pretoriahub.com/category/pharmacies/southdowns/,"Pharmacies in Southdowns, Pretoria",1,clicks-pharmacy-southdowns-southdowns,Clicks Pharmacy Southdowns
https://pretoriahub.com/category/pharmacies/thatchfield-estate/,"Pharmacies in Thatchfield Estate, Pretoria",1,dis-chem-thatchfield-pharmacy-thatchfield-estate,Dis-Chem Thatchfield Pharmacy
https://pretoriahub.com/category/pharmacies/the-orchards/,"Pharmacies in The Orchards, Pretoria",1,orchards-pharmacy-the-orchards,Orchards Pharmacy
https://pretoriahub.com/category/pharmacies/tijger-valley/,"Pharmacies in Tijger Valley, Pretoria",1,thogwa-medicals-and-pharmaceuticals-tijger-valley,Thogwa Medicals and Pharmaceuticals
https://pretoriahub.com/category/pharmacies/valhalla/,"Pharmacies in Valhalla, Pretoria",1,valhalla-pharmacy-clinic-valhalla,Valhalla Pharmacy & Clinic
https://pretoriahub.com/category/pharmacies/waverley/,"Pharmacies in Waverley, Pretoria",1,medicare-pharmacy-waverley-waverley,Medicare Pharmacy Waverley
https://pretoriahub.com/category/pharmacies/zwartkop/,"Pharmacies in Zwartkop, Pretoria",1,ringpharm-pharmacy-centurion-crescent-zwartkop,Ringpharm Pharmacy - Centurion Crescent
https://pretoriahub.com/category/photographers/brummeria/,"Photographers in Brummeria, Pretoria",1,nostalgic-pro-photography-photographer-video-pretoria-brummeria,Nostalgic Pro Photography photographer & Video Pretoria
https://pretoriahub.com/category/photographers/claudius/,"Photographers in Claudius, Pretoria",1,allos-connect-claudius,Allos Connect
https://pretoriahub.com/category/photographers/derdepoort/,"Photographers in Derdepoort, Pretoria",1,hussar-security-and-defense-solutions-derdepoort,Hussar Security and Defense Solutions
https://pretoriahub.com/category/photographers/donkerhoek/,"Photographers in Donkerhoek, Pretoria",1,mighty-fine-productions-donkerhoek,Mighty Fine Productions
https://pretoriahub.com/category/photographers/elardus-park/,"Photographers in Elardus Park, Pretoria",1,foto-first-elardus-park-elardus-park,Foto First Elardus Park
https://pretoriahub.com/category/photographers/kloofsig/,"Photographers in Kloofsig, Pretoria",1,forum-films-kloofsig,Forum Films
https://pretoriahub.com/category/photographers/meyerspark/,"Photographers in Meyerspark, Pretoria",1,view-world-studios-meyerspark,View World Studios
https://pretoriahub.com/category/photographers/moregloed/,"Photographers in Moregloed, Pretoria",1,chinex-photography-moregloed,Chinex Photography
https://pretoriahub.com/category/photographers/rietfontein/,"Photographers in Rietfontein, Pretoria",1,duck-soup-productions-rietfontein,Duck Soup Productions
https://pretoriahub.com/category/photographers/rooihuiskraal/,"Photographers in Rooihuiskraal, Pretoria",1,videoview-rooihuiskraal,Videoview
https://pretoriahub.com/category/photographers/roseville/,"Photographers in Roseville, Pretoria",1,pro-video-international-roseville,Pro-Video International
https://pretoriahub.com/category/photographers/wingate-park/,"Photographers in Wingate Park, Pretoria",1,synergy-video-productions-pty-ltd-wingate-park,Synergy Video Productions (Pty) Ltd
https://pretoriahub.com/category/physiotherapists/faerie-glen/,"Physiotherapists in Faerie Glen, Pretoria",1,christel-marais-physiotherapists-faerie-glen,Christel Marais Physiotherapists
https://pretoriahub.com/category/physiotherapists/garsfontein-smallholdings/,"Physiotherapists in Garsfontein Smallholdings, Pretoria",1,well-health-pro-pretoria-garsfontein-smallholdings,Well Health Pro - Pretoria
https://pretoriahub.com/category/physiotherapists/les-marais/,"Physiotherapists in Les Marais, Pretoria",1,peak-physiotherapy-pretoria-les-marais,Peak Physiotherapy - Pretoria
https://pretoriahub.com/category/physiotherapists/montana-gardens/,"Physiotherapists in Montana Gardens, Pretoria",1,boshoff-physiotherapy-montana-gardens,Boshoff Physiotherapy
https://pretoriahub.com/category/physiotherapists/rietondale/,"Physiotherapists in Rietondale, Pretoria",1,bruni-physiotherapy-rietondale,Bruni Physiotherapy
https://pretoriahub.com/category/plumbers/amandasig/,"Plumbers in Amandasig, Pretoria",1,a-2-z-pretoria-plumbers-amandasig,A 2 Z PRETORIA PLUMBERS
https://pretoriahub.com/category/plumbers/amberfield-valley/,"Plumbers in Amberfield Valley, Pretoria",1,strep-plumbing-swimming-pools-service-amberfield-valley,Strep plumbing & swimming pools service
https://pretoriahub.com/category/plumbers/ashley-gardens/,"Plumbers in Ashley Gardens, Pretoria",1,pretoria-east-plumber-pretoria-ashley-gardens,Pretoria East Plumber Pretoria
https://pretoriahub.com/category/plumbers/bergtuin/,"Plumbers in Bergtuin, Pretoria",1,premium-group-sa-bergtuin,Premium Group SA
https://pretoriahub.com/category/plumbers/blue-valley-golf-estate/,"Plumbers in Blue Valley Golf Estate, Pretoria",1,centurion-plumbers-centurion-blue-valley-golf-estate,Centurion Plumbers Centurion
https://pretoriahub.com/category/plumbers/bronberrik/,"Plumbers in Bronberrik, Pretoria",1,the-gas-company-bronberrik,The GAS Company
https://pretoriahub.com/category/plumbers/brooklands-lifestyle-estate/,"Plumbers in Brooklands Lifestyle Estate, Pretoria",1,samrand-plumber-inc-brooklands-lifestyle-estate,Samrand Plumber Inc
https://pretoriahub.com/category/plumbers/dorandia/,"Plumbers in Dorandia, Pretoria",1,k-plumbing-pretoria-north-dorandia,K-Plumbing Pretoria North
https://pretoriahub.com/category/plumbers/elardus-park/,"Plumbers in Elardus Park, Pretoria",1,cronos-plumbers-elarduspark-elardus-park,Cronos Plumbers Elarduspark
https://pretoriahub.com/category/plumbers/florauna/,"Plumbers in Florauna, Pretoria",1,optimus-plumbing-florauna,OPTIMUS PLUMBING
https://pretoriahub.com/category/plumbers/heuweloord/,"Plumbers in Heuweloord, Pretoria",1,24-7-centurion-plumbing-heuweloord,24/7 Centurion Plumbing
https://pretoriahub.com/category/plumbers/kilner-park/,"Plumbers in Kilner Park, Pretoria",1,bakgoni-electrical-and-special-projects-kilner-park,Bakgoni Electrical And Special Projects
https://pretoriahub.com/category/plumbers/kloofsig/,"Plumbers in Kloofsig, Pretoria",1,ant-projects-handyman-plumber-electrician-in-centurion-pretoria-and-midrand-kloofsig,"Ant Projects - Handyman, Plumber, Electrician in Centurion, Pretoria and Midrand"
https://pretoriahub.com/category/plumbers/leeuwfontein/,"Plumbers in Leeuwfontein, Pretoria",1,plumbou-loodgieters-leeuwfontein,Plumbou Loodgieters
https://pretoriahub.com/category/plumbers/murrayfield/,"Plumbers in Murrayfield, Pretoria",1,phala-sanitary-engineers-cc-murrayfield,Phala Sanitary Engineers Cc
https://pretoriahub.com/category/plumbers/parktown-estate/,"Plumbers in Parktown Estate, Pretoria",1,drain-brain-parktown-estate,Drain Brain
https://pretoriahub.com/category/plumbers/rooihuiskraal/,"Plumbers in Rooihuiskraal, Pretoria",1,cronos-rooihuiskraal-plumbers-electricians-rooihuiskraal,Cronos Rooihuiskraal Plumbers & Electricians
https://pretoriahub.com/category/plumbers/val-de-grace/,"Plumbers in Val de Grace, Pretoria",1,vortex-plumbing-val-de-grace,Vortex Plumbing
https://pretoriahub.com/category/plumbers/wonderboom/,"Plumbers in Wonderboom, Pretoria",1,wonderboom-south-emergency-plumbers-wonderboom,Wonderboom South Emergency Plumbers
https://pretoriahub.com/category/plumbers/zwartkop/,"Plumbers in Zwartkop, Pretoria",1,stargas-zwartkop,Stargas
https://pretoriahub.com/category/printing-services/akasia/,"Printing Services in Akasia, Pretoria",1,minuteman-press-rosslyn-akasia,Minuteman Press Rosslyn
https://pretoriahub.com/category/printing-services/amberfield/,"Printing Services in Amberfield, Pretoria",1,redbean-projects-signage-sign-shop-in-centurion-amberfield,Redbean Projects & Signage | Sign Shop in Centurion
https://pretoriahub.com/category/printing-services/andeon/,"Printing Services in Andeon, Pretoria",1,maizey-plastics-pretoria-west-andeon,Maizey Plastics - Pretoria West
https://pretoriahub.com/category/printing-services/ashley-gardens/,"Printing Services in Ashley Gardens, Pretoria",1,big-brand-productions-signage-ashley-gardens,Big Brand Productions Signage
https://pretoriahub.com/category/printing-services/capital-park/,"Printing Services in Capital Park, Pretoria",1,440-printers-pretoria-central,440 Printers
https://pretoriahub.com/category/printing-services/centurion-central/,"Printing Services in Centurion Central, Pretoria",1,minit-print-centurion-centurion-central,Minit Print Centurion
https://pretoriahub.com/category/printing-services/clydesdale/,"Printing Services in Clydesdale, Pretoria",1,business-point-clydesdale,Business Point
https://pretoriahub.com/category/printing-services/constantia-park/,"Printing Services in Constantia Park, Pretoria",1,merakology-creative-studio-constantia-park,Merakology Creative Studio
https://pretoriahub.com/category/printing-services/de-wilgers/,"Printing Services in De Wilgers, Pretoria",1,fullzone-branding-de-wilgers,Fullzone Branding
https://pretoriahub.com/category/printing-services/die-hoewes/,"Printing Services in Die Hoewes, Pretoria",1,minuteman-press-centurion-cbd-die-hoewes,Minuteman Press Centurion CBD
https://pretoriahub.com/category/printing-services/dorandia/,"Printing Services in Dorandia, Pretoria",1,minit-print-pretoria-north-dorandia,Minit Print Pretoria North
https://pretoriahub.com/category/printing-services/doringkloof/,"Printing Services in Doringkloof, Pretoria",1,espress-print-and-brand-doringkloof,Espress Print and brand
https://pretoriahub.com/category/printing-services/eersterust/,"Printing Services in Eersterust, Pretoria",1,akl-printing-eersterust,AKL Printing
https://pretoriahub.com/category/printing-services/eldorette/,"Printing Services in Eldorette, Pretoria",1,capitol-business-prints-eldorette,Capitol Business Prints
https://pretoriahub.com/category/printing-services/erasmuskloof/,"Printing Services in Erasmuskloof, Pretoria",1,premiumprint-sa-erasmuskloof,PremiumPrint SA
https://pretoriahub.com/category/printing-services/faerie-glen/,"Printing Services in Faerie Glen, Pretoria",1,cartridge-depot-faerie-glen,Cartridge Depot
https://pretoriahub.com/category/printing-services/garsfontein-smallholdings/,"Printing Services in Garsfontein Smallholdings, Pretoria",1,multi-print-digital-cc-garsfontein-smallholdings,Multi Print Digital CC
https://pretoriahub.com/category/printing-services/groenkloof/,"Printing Services in Groenkloof, Pretoria",1,postnet-groenkloof,PostNet Groenkloof
https://pretoriahub.com/category/printing-services/hammanskraal/,"Printing Services in Hammanskraal, Pretoria",1,postnet-hammanskraal-hammanskraal,PostNet Hammanskraal
https://pretoriahub.com/category/printing-services/heuwelsig-estate/,"Printing Services in Heuwelsig Estate, Pretoria",1,postlink-celtis-ridge-heuwelsig-estate,Postlink Celtis Ridge
https://pretoriahub.com/category/printing-services/kilner-park/,"Printing Services in Kilner Park, Pretoria",1,wrap-your-brand-kilner-park,Wrap Your Brand
https://pretoriahub.com/category/printing-services/laudium/,"Printing Services in Laudium, Pretoria",1,labels-ribbons-by-sajidah-laudium,Labels & Ribbons by Sajidah
https://pretoriahub.com/category/printing-services/les-marais/,"Printing Services in Les Marais, Pretoria",1,mk-printworx-les-marais,MK printworx
https://pretoriahub.com/category/printing-services/lynnwood/,"Printing Services in Lynnwood, Pretoria",1,minuteman-press-lynnwood,Minuteman Press Lynnwood
https://pretoriahub.com/category/printing-services/lyttelton-manor/,"Printing Services in Lyttelton Manor, Pretoria",1,gecko-printing-finishing-lyttelton-manor,Gecko Printing & Finishing
https://pretoriahub.com/category/printing-services/magalieskruin/,"Printing Services in Magalieskruin, Pretoria",1,minuteman-press-montana-magalieskruin,Minuteman Press Montana
https://pretoriahub.com/category/printing-services/midfields-estate/,"Printing Services in Midfields Estate, Pretoria",1,lithotech-pretoria-printing-and-office-supply-management-company-midfields-estate,Lithotech Pretoria | Printing and Office Supply Management Company
https://pretoriahub.com/category/printing-services/midstream-estate/,"Printing Services in Midstream Estate, Pretoria",1,mijoy-print-midstream-estate,Mijoy Print
https://pretoriahub.com/category/printing-services/montana-park/,"Printing Services in Montana Park, Pretoria",1,y2k-print-and-design-montana-park,Y2K Print and Design
https://pretoriahub.com/category/printing-services/monument-park/,"Printing Services in Monument Park, Pretoria",1,western-printers-monument-park,Western Printers
https://pretoriahub.com/category/printing-services/muckleneuk/,"Printing Services in Muckleneuk, Pretoria",1,jetline-brooklyn-muckleneuk,Jetline Brooklyn
https://pretoriahub.com/category/printing-services/ninapark/,"Printing Services in Ninapark, Pretoria",1,print-partner-ninapark,Print Partner
https://pretoriahub.com/category/printing-services/pierre-van-ryneveld-park/,"Printing Services in Pierre van Ryneveld Park, Pretoria",1,printaways-videorama-pierre-van-ryneveld-park,Printaways@VIDEORAMA
https://pretoriahub.com/category/printing-services/pretoria-north/,"Printing Services in Pretoria North, Pretoria",1,bindworx-pty-ltd-pretoria-north,Bindworx (Pty) Ltd
https://pretoriahub.com/category/printing-services/raslouw/,"Printing Services in Raslouw, Pretoria",1,signtec-raslouw,SignTec
https://pretoriahub.com/category/printing-services/rietondale/,"Printing Services in Rietondale, Pretoria",1,colourcraft-print-rietondale,ColourCraft Print
https://pretoriahub.com/category/printing-services/rietvalleirand/,"Printing Services in Rietvalleirand, Pretoria",1,g-cad-signage-pretoria-rietvalleirand,G-CAD Signage Pretoria
https://pretoriahub.com/category/printing-services/rooihuiskraal-north/,"Printing Services in Rooihuiskraal North, Pretoria",1,ps-branded-rooihuiskraal-north,PS Branded
https://pretoriahub.com/category/printing-services/shere/,"Printing Services in Shere, Pretoria",1,minuteman-press-silverton-shere,Minuteman Press Silverton
https://pretoriahub.com/category/printing-services/the-willows/,"Printing Services in The Willows, Pretoria",1,black-and-orange-creative-the-willows,Black and Orange Creative
https://pretoriahub.com/category/printing-services/valhalla/,"Printing Services in Valhalla, Pretoria",1,da-graphix-valhalla,DA Graphix
https://pretoriahub.com/category/printing-services/waltloo/,"Printing Services in Waltloo, Pretoria",1,diad-signs-industrial-suppliers-pty-ltd-waltloo,Diad Signs & Industrial Suppliers Pty Ltd
https://pretoriahub.com/category/printing-services/waterkloof-glen/,"Printing Services in Waterkloof Glen, Pretoria",1,redcap-industries-waterkloof-glen,RedCap Industries
https://pretoriahub.com/category/printing-services/wingate-park/,"Printing Services in Wingate Park, Pretoria",1,signarama-pretoria-east-wingate-park,Signarama Pretoria East
https://pretoriahub.com/category/printing-services/wolmer/,"Printing Services in Wolmer, Pretoria",1,sourceprinting-wolmer,SourcePrinting
https://pretoriahub.com/category/printing-services/wonderboom-south/,"Printing Services in Wonderboom South, Pretoria",1,dries-du-plessis-signs-laser-cutting-wonderboom-south,Dries du Plessis Signs & Laser cutting
https://pretoriahub.com/category/recruitment-hr-services/alphen-park/,"Recruitment & HR Services in Alphen Park, Pretoria",1,epi-use-africa-pty-ltd-alphen-park,EPI-USE Africa (Pty) Ltd.
https://pretoriahub.com/category/recruitment-hr-services/ashley-gardens/,"Recruitment & HR Services in Ashley Gardens, Pretoria",1,mapunyane-holdings-ashley-gardens,Mapunyane Holdings
https://pretoriahub.com/category/recruitment-hr-services/bergtuin/,"Recruitment & HR Services in Bergtuin, Pretoria",1,girafrica-solutions-bergtuin,Girafrica Solutions
https://pretoriahub.com/category/recruitment-hr-services/brummeria/,"Recruitment & HR Services in Brummeria, Pretoria",1,atriplea-recruitment-and-temps-brummeria,AtripleA Recruitment and Temps
https://pretoriahub.com/category/recruitment-hr-services/centurion-golf-estate/,"Recruitment & HR Services in Centurion Golf Estate, Pretoria",1,cprd-consulting-centurion-golf-estate,CPRD Consulting
https://pretoriahub.com/category/recruitment-hr-services/clubview/,"Recruitment & HR Services in Clubview, Pretoria",1,profound-project-control-solutions-clubview,Profound Project Control Solutions
https://pretoriahub.com/category/recruitment-hr-services/clydesdale/,"Recruitment & HR Services in Clydesdale, Pretoria",1,apex-business-solutions-clydesdale,APEX BUSINESS SOLUTIONS
https://pretoriahub.com/category/recruitment-hr-services/die-hoewes/,"Recruitment & HR Services in Die Hoewes, Pretoria",1,ziyana-group-pty-ltd-die-hoewes,Ziyana Group ( Pty) Ltd
https://pretoriahub.com/category/recruitment-hr-services/die-wilgers/,"Recruitment & HR Services in Die Wilgers, Pretoria",1,employers-organisation-for-hairdressing-cosmetology-and-beauty-eohcb-die-wilgers,"Employers' Organisation for Hairdressing, Cosmetology, and Beauty (EOHCB)"
https://pretoriahub.com/category/recruitment-hr-services/dorandia/,"Recruitment & HR Services in Dorandia, Pretoria",1,hlabahlosile-trading-projects-dorandia,Hlabahlosile Trading Projects
https://pretoriahub.com/category/recruitment-hr-services/eldorette/,"Recruitment & HR Services in Eldorette, Pretoria",1,whm-labour-law-advisors-eldorette,WHM Labour Law Advisors
https://pretoriahub.com/category/recruitment-hr-services/erasmia/,"Recruitment & HR Services in Erasmia, Pretoria",1,maphutha-projects-and-hr-solutions-erasmia,Maphutha Projects and HR Solutions
https://pretoriahub.com/category/recruitment-hr-services/erasmusrand/,"Recruitment & HR Services in Erasmusrand, Pretoria",1,hilltop-hr-labour-erasmusrand,HillTop HR & Labour
https://pretoriahub.com/category/recruitment-hr-services/garsfontein-smallholdings/,"Recruitment & HR Services in Garsfontein Smallholdings, Pretoria",1,contact-labour-pty-ltd-garsfontein-smallholdings,Contact Labour (Pty) Ltd
https://pretoriahub.com/category/recruitment-hr-services/heuwelsig-estate/,"Recruitment & HR Services in Heuwelsig Estate, Pretoria",1,ornecy-heuwelsig-estate,Ornecy
https://pretoriahub.com/category/recruitment-hr-services/highveld/,"Recruitment & HR Services in Highveld, Pretoria",1,za-wit-pty-ltd-highveld,ZA Wit Pty Ltd
https://pretoriahub.com/category/recruitment-hr-services/midstream-ridge/,"Recruitment & HR Services in Midstream Ridge, Pretoria",1,neoc-people-midstream-ridge,NEOC People
https://pretoriahub.com/category/recruitment-hr-services/murrayfield/,"Recruitment & HR Services in Murrayfield, Pretoria",1,keystone-human-capital-murrayfield,Keystone Human Capital
https://pretoriahub.com/category/recruitment-hr-services/raslouw/,"Recruitment & HR Services in Raslouw, Pretoria",1,v-cor-group-raslouw,V Cor Group
https://pretoriahub.com/category/recruitment-hr-services/rosslyn/,"Recruitment & HR Services in Rosslyn, Pretoria",1,workforce-staffing-rosslyn-pretoria-rosslyn,"Workforce Staffing, Rosslyn, Pretoria"
https://pretoriahub.com/category/recruitment-hr-services/shere/,"Recruitment & HR Services in Shere, Pretoria",1,dant-personnel-recruitment-pretoria-shere,Danté Personnel Recruitment - Pretoria
https://pretoriahub.com/category/recruitment-hr-services/southdowns/,"Recruitment & HR Services in Southdowns, Pretoria",1,recruitco-southdowns,RecruitCo
https://pretoriahub.com/category/recruitment-hr-services/sterrewag/,"Recruitment & HR Services in Sterrewag, Pretoria",1,dna-eor-sterrewag,DNA EOR
https://pretoriahub.com/category/recruitment-hr-services/the-orchards/,"Recruitment & HR Services in The Orchards, Pretoria",1,field-focus-research-the-orchards,Field Focus Research
https://pretoriahub.com/category/recruitment-hr-services/tijger-valley/,"Recruitment & HR Services in Tijger Valley, Pretoria",1,dante-personnel-recruitment-tijger-valley,Dante Personnel Recruitment
https://pretoriahub.com/category/recruitment-hr-services/val-de-grace/,"Recruitment & HR Services in Val de Grace, Pretoria",1,help-u-work-val-de-grace,Help U Work
https://pretoriahub.com/category/recruitment-hr-services/villieria/,"Recruitment & HR Services in Villieria, Pretoria",1,medical-resources-group-villieria,Medical Resources Group
https://pretoriahub.com/category/recruitment-hr-services/zwartkop/,"Recruitment & HR Services in Zwartkop, Pretoria",1,nofor-mertz-daniel-zwartkop,Nofor-Mertz Daniel
https://pretoriahub.com/category/restaurants-takeaways/barclay-square/,"Restaurants & Takeaways in Barclay Square, Pretoria",1,chicken-licken-barclay-square-barclay-square,Chicken Licken Barclay Square
https://pretoriahub.com/category/restaurants-takeaways/blyde-riverwalk-estate/,"Restaurants & Takeaways in Blyde Riverwalk Estate, Pretoria",1,vista-the-blyde-blyde-riverwalk-estate,Vista The Blyde
https://pretoriahub.com/category/restaurants-takeaways/boardwalk-manor/,"Restaurants & Takeaways in Boardwalk Manor, Pretoria",1,square-time-cafe-boardwalk-manor,Square Time Cafe
https://pretoriahub.com/category/restaurants-takeaways/booysens/,"Restaurants & Takeaways in Booysens, Pretoria",1,chicken-factory-shop-pretoria-online-business-booysens,Chicken factory shop Pretoria-online business
https://pretoriahub.com/category/restaurants-takeaways/bronberrik/,"Restaurants & Takeaways in Bronberrik, Pretoria",1,centurion-ice-cream-sweets-bronberrik,Centurion Ice Cream & Sweets
https://pretoriahub.com/category/restaurants-takeaways/candlewoods-estate/,"Restaurants & Takeaways in Candlewoods Estate, Pretoria",1,stoep-restaurant-candlewoods-estate,Stoep Restaurant
https://pretoriahub.com/category/restaurants-takeaways/claudius/,"Restaurants & Takeaways in Claudius, Pretoria",1,kfc-laudium-claudius,KFC Laudium
https://pretoriahub.com/category/restaurants-takeaways/clubview/,"Restaurants & Takeaways in Clubview, Pretoria",1,jaja-tea-garden-clubview,JaJa Tea Garden
https://pretoriahub.com/category/restaurants-takeaways/colbyn/,"Restaurants & Takeaways in Colbyn, Pretoria",1,trixies-cafe-colbyn,Trixie's Café
https://pretoriahub.com/category/restaurants-takeaways/constantia-park/,"Restaurants & Takeaways in Constantia Park, Pretoria",1,jasmine-palace-constantia-park,Jasmine Palace
https://pretoriahub.com/category/restaurants-takeaways/copperleaf-golf-estate/,"Restaurants & Takeaways in Copperleaf Golf Estate, Pretoria",1,copperleaf-cafe-copperleaf-golf-estate,Copperleaf Cafe
https://pretoriahub.com/category/restaurants-takeaways/cornwall-hill-estate/,"Restaurants & Takeaways in Cornwall Hill Estate, Pretoria",1,whisk-wine-bar-cornwall-hill-estate,Whisk Wine Bar
https://pretoriahub.com/category/restaurants-takeaways/de-wilgers/,"Restaurants & Takeaways in De Wilgers, Pretoria",1,die-kantoor-pub-restaurant-de-wilgers,Die Kantoor Pub & Restaurant
https://pretoriahub.com/category/restaurants-takeaways/derdepoort/,"Restaurants & Takeaways in Derdepoort, Pretoria",1,padlangs-restaurant-bar-derdepoort,Padlangs Restaurant & Bar
https://pretoriahub.com/category/restaurants-takeaways/die-wilgers/,"Restaurants & Takeaways in Die Wilgers, Pretoria",1,die-kantoor-magalieskruin,Die Kantoor
https://pretoriahub.com/category/restaurants-takeaways/east-lynne/,"Restaurants & Takeaways in East Lynne, Pretoria",1,madiba-shopfitters-east-lynne,Madiba Shopfitters
https://pretoriahub.com/category/restaurants-takeaways/erasmusrand/,"Restaurants & Takeaways in Erasmusrand, Pretoria",1,mugg-bean-on-the-move-waterkloofrand-erasmusrand,Mugg & Bean On The Move Waterkloofrand
https://pretoriahub.com/category/restaurants-takeaways/faerie-glen/,"Restaurants & Takeaways in Faerie Glen, Pretoria",1,wing-wah-sushi-faerie-glen,Wing Wah Sushi
https://pretoriahub.com/category/restaurants-takeaways/florauna/,"Restaurants & Takeaways in Florauna, Pretoria",1,debonairs-pizza-northpark-mall-florauna,Debonairs Pizza Northpark Mall
https://pretoriahub.com/category/restaurants-takeaways/heuwelsig-estate/,"Restaurants & Takeaways in Heuwelsig Estate, Pretoria",1,fishaways-celtis-ridge-heuwelsig-estate,Fishaways Celtis Ridge
https://pretoriahub.com/category/restaurants-takeaways/highveld/,"Restaurants & Takeaways in Highveld, Pretoria",1,poorguys-fast-food-highveld,Poor Guys Fast Food
https://pretoriahub.com/category/restaurants-takeaways/irene/,"Restaurants & Takeaways in Irene, Pretoria",1,irene-farm-irene,Irene Farm
https://pretoriahub.com/category/restaurants-takeaways/kameeldrift/,"Restaurants & Takeaways in Kameeldrift, Pretoria",1,caf-kremetart-kameeldrift,Cafè Kremetart
https://pretoriahub.com/category/restaurants-takeaways/kilner-park/,"Restaurants & Takeaways in Kilner Park, Pretoria",1,carls-coffee-kilner-park,Carls Coffee
https://pretoriahub.com/category/restaurants-takeaways/lotus-gardens/,"Restaurants & Takeaways in Lotus Gardens, Pretoria",1,black-block-cafe-lotus-gardens,BLACK BLOCK CAFE
https://pretoriahub.com/category/restaurants-takeaways/lynnwood-ridge/,"Restaurants & Takeaways in Lynnwood Ridge, Pretoria",1,tonys-seafood-grill-lynnwood-ridge,Tony's Seafood & Grill
https://pretoriahub.com/category/restaurants-takeaways/lyttelton/,"Restaurants & Takeaways in Lyttelton, Pretoria",1,golden-oak-spur-lyttelton,Golden Oak Spur
https://pretoriahub.com/category/restaurants-takeaways/mamelodi/,"Restaurants & Takeaways in Mamelodi, Pretoria",1,mcdonalds-mamelodi-mall-mamelodi,McDonald's Mamelodi Mall
https://pretoriahub.com/category/restaurants-takeaways/mayville/,"Restaurants & Takeaways in Mayville, Pretoria",1,elma-s-mayville,Elma's
https://pretoriahub.com/category/restaurants-takeaways/midrand/,"Restaurants & Takeaways in Midrand, Pretoria",1,the-baron-kyalami-midrand,The Baron Kyalami
https://pretoriahub.com/category/restaurants-takeaways/montana-park/,"Restaurants & Takeaways in Montana Park, Pretoria",1,crawdaddys-montana-montana-park,Crawdaddy's Montana
https://pretoriahub.com/category/restaurants-takeaways/montana/,"Restaurants & Takeaways in Montana, Pretoria",1,panarottis-montana-montana,Panarottis Montana
https://pretoriahub.com/category/restaurants-takeaways/olievenhoutbosch/,"Restaurants & Takeaways in Olievenhoutbosch, Pretoria",1,debonairs-pizza-olievenhout-plaza-olievenhoutbosch,Debonairs Pizza Olievenhout Plaza
https://pretoriahub.com/category/restaurants-takeaways/philip-nel-park/,"Restaurants & Takeaways in Philip Nel Park, Pretoria",1,debonairs-pizza-philip-nel-park,Debonairs Pizza Philip Nel Park
https://pretoriahub.com/category/restaurants-takeaways/proclamation-hill/,"Restaurants & Takeaways in Proclamation Hill, Pretoria",1,portuguese-hall-proclamation-hill,Portuguese Hall
https://pretoriahub.com/category/restaurants-takeaways/rietvalleirand/,"Restaurants & Takeaways in Rietvalleirand, Pretoria",1,the-pallet-farmstall-rietvalleirand,The Pallet Farmstall
https://pretoriahub.com/category/restaurants-takeaways/riviera/,"Restaurants & Takeaways in Riviera, Pretoria",1,la-pentola-riviera,La Pentola
https://pretoriahub.com/category/restaurants-takeaways/roseville/,"Restaurants & Takeaways in Roseville, Pretoria",1,roseville-cafe-and-take-away-roseville,Roseville Cafe and Take Away
https://pretoriahub.com/category/restaurants-takeaways/rosslyn/,"Restaurants & Takeaways in Rosslyn, Pretoria",1,pie-city-rossly-factory-rosslyn,Pie City Rossly Factory
https://pretoriahub.com/category/restaurants-takeaways/silverlakes/,"Restaurants & Takeaways in Silver Lakes, Pretoria",1,fishaways-silverlakes,Fishaways
https://pretoriahub.com/category/restaurants-takeaways/silvertondale/,"Restaurants & Takeaways in Silvertondale, Pretoria",1,avondale-factory-shop-silvertondale,Avondale Factory Shop
https://pretoriahub.com/category/restaurants-takeaways/six-fountains-residential-estate/,"Restaurants & Takeaways in Six Fountains Residential Estate, Pretoria",1,hennies-silverlakes-six-fountains-residential-estate,Hennie's Silverlakes
https://pretoriahub.com/category/restaurants-takeaways/sunnyside/,"Restaurants & Takeaways in Sunnyside, Pretoria",1,village-flavour-sunnyside,Village Flavour
https://pretoriahub.com/category/restaurants-takeaways/thatchfield-estate/,"Restaurants & Takeaways in Thatchfield Estate, Pretoria",1,bootlegger-thatchfield-thatchfield-estate,Bootlegger Thatchfield
https://pretoriahub.com/category/restaurants-takeaways/the-hills-eco-game-estate/,"Restaurants & Takeaways in The Hills Eco-Game Estate, Pretoria",1,amara-the-hills-the-hills-eco-game-estate,amara The Hills
https://pretoriahub.com/category/restaurants-takeaways/the-reeds/,"Restaurants & Takeaways in The Reeds, Pretoria",1,kfc-blu-valley-mall-the-reeds,KFC (Blu Valley Mall)
https://pretoriahub.com/category/restaurants-takeaways/waterkloof-ridge/,"Restaurants & Takeaways in Waterkloof Ridge, Pretoria",1,dros-waterkloof-ridge-waterkloof-ridge,Dros Waterkloof Ridge
https://pretoriahub.com/category/restaurants-takeaways/wonderboom-south/,"Restaurants & Takeaways in Wonderboom South, Pretoria",1,adelaars-restaurant-venue-wonderboom-south,Adelaars Restaurant & Venue
https://pretoriahub.com/category/schools-education/alphen-park/,"Schools & Education in Alphen Park, Pretoria",1,pro-arte-alphen-park-performing-and-creative-arts-high-school-alphen-park,Pro Arte Alphen Park Performing and Creative Arts High School
https://pretoriahub.com/category/schools-education/amandasig/,"Schools & Education in Amandasig, Pretoria",1,little-tree-day-care-amandasig,Little Tree Day Care
https://pretoriahub.com/category/schools-education/amberfield/,"Schools & Education in Amberfield, Pretoria",1,amberfield-college-amberfield,Amberfield College
https://pretoriahub.com/category/schools-education/ashley-gardens/,"Schools & Education in Ashley Gardens, Pretoria",1,regent-business-school-pretoria-ashley-gardens,REGENT Business School - Pretoria
https://pretoriahub.com/category/schools-education/blue-valley-golf-estate/,"Schools & Education in Blue Valley Golf Estate, Pretoria",1,green-solar-academy-pretoria-solar-training-blue-valley-golf-estate,GREEN Solar Academy Pretoria | Solar Training
https://pretoriahub.com/category/schools-education/boekenhoutskloof/,"Schools & Education in Boekenhoutskloof, Pretoria",1,boekenhoutkloof-traffic-college-boekenhoutskloof,Boekenhoutkloof Traffic College
https://pretoriahub.com/category/schools-education/bronberrik/,"Schools & Education in Bronberrik, Pretoria",1,kleuterwoud-kleuterskool-bronberrik,Kleuterwoud Kleuterskool
https://pretoriahub.com/category/schools-education/brooklands-lifestyle-estate/,"Schools & Education in Brooklands Lifestyle Estate, Pretoria",1,letken-business-development-institute-brooklands-lifestyle-estate,Letken Business Development Institute
https://pretoriahub.com/category/schools-education/brummeria/,"Schools & Education in Brummeria, Pretoria",1,gravity-training-head-office-brummeria,Gravity Training (Head Office)
https://pretoriahub.com/category/schools-education/candlewoods-estate/,"Schools & Education in Candlewoods Estate, Pretoria",1,lenaka-business-solutions-candlewoods-estate,Lenaka Business Solutions
https://pretoriahub.com/category/schools-education/centurion-central/,"Schools & Education in Centurion Central, Pretoria",1,learnme-learnerships-bee-consultants-centurion-central,LearnMe Learnerships - BEE Consultants
https://pretoriahub.com/category/schools-education/centurion-golf-estate/,"Schools & Education in Centurion Golf Estate, Pretoria",1,stadio-higher-education-pretoria-centurion-campus-centurion-golf-estate,STADIO Higher Education - Pretoria Centurion Campus
https://pretoriahub.com/category/schools-education/clarina/,"Schools & Education in Clarina, Pretoria",1,guest-resource-services-clarina,Guest Resource Services
https://pretoriahub.com/category/schools-education/clydesdale/,"Schools & Education in Clydesdale, Pretoria",1,afrikaanse-hoer-meisieskool-clydesdale,Afrikaanse Hoër Meisieskool
https://pretoriahub.com/category/schools-education/copperleaf-golf-estate/,"Schools & Education in Copperleaf Golf Estate, Pretoria",1,pinnacle-college-copperleaf-copperleaf-golf-estate,Pinnacle College Copperleaf
https://pretoriahub.com/category/schools-education/cornwall-hill-estate/,"Schools & Education in Cornwall Hill Estate, Pretoria",1,cornwall-hill-college-cornwall-hill-estate,Cornwall Hill College
https://pretoriahub.com/category/schools-education/derdepoort/,"Schools & Education in Derdepoort, Pretoria",1,sa-hunt-training-pty-ltd-derdepoort,SA Hunt Training Pty Ltd
https://pretoriahub.com/category/schools-education/elardus-park/,"Schools & Education in Elardus Park, Pretoria",1,laerskool-elarduspark-elardus-park,Laerskool Elarduspark
https://pretoriahub.com/category/schools-education/florauna/,"Schools & Education in Florauna, Pretoria",1,crede-deo-private-school-academy-florauna,Crede Deo Private School & Academy
https://pretoriahub.com/category/schools-education/hazeldean/,"Schools & Education in Hazeldean, Pretoria",1,curro-hazeldean-high-school-hazeldean,Curro Hazeldean high school
https://pretoriahub.com/category/schools-education/heritage-hill-estate/,"Schools & Education in Heritage Hill Estate, Pretoria",1,trinityhouse-heritage-hill-heritage-hill-estate,Trinityhouse Heritage Hill
https://pretoriahub.com/category/schools-education/karenpark/,"Schools & Education in Karenpark, Pretoria",1,master-maths-pretoria-north-karenpark,Master Maths Pretoria North
https://pretoriahub.com/category/schools-education/kirkney/,"Schools & Education in Kirkney, Pretoria",1,acudeo-college-kirkney-kirkney,ACUDEO College Kirkney
https://pretoriahub.com/category/schools-education/la-montagne/,"Schools & Education in La Montagne, Pretoria",1,la-montagne-primary-school-la-montagne,La Montagne Primary School
https://pretoriahub.com/category/schools-education/lukasrand/,"Schools & Education in Lukasrand, Pretoria",1,crawford-international-pretoria-lukasrand,Crawford International Pretoria
https://pretoriahub.com/category/schools-education/magalieskruin/,"Schools & Education in Magalieskruin, Pretoria",1,laerskool-magalieskruin-magalieskruin,Laerskool Magalieskruin
https://pretoriahub.com/category/schools-education/mayville/,"Schools & Education in Mayville, Pretoria",1,bitline-sa-security-mayville,Bitline SA Security
https://pretoriahub.com/category/schools-education/midfields-estate/,"Schools & Education in Midfields Estate, Pretoria",1,msc-business-college-pretoria-midfields-estate,MSC Business College - Pretoria
https://pretoriahub.com/category/schools-education/midstream-estate/,"Schools & Education in Midstream Estate, Pretoria",1,midstream-college-midstream-estate,Midstream College
https://pretoriahub.com/category/schools-education/montana-gardens/,"Schools & Education in Montana Gardens, Pretoria",1,terotechnica-asset-management-college-montana-gardens,Terotechnica Asset Management College
https://pretoriahub.com/category/schools-education/muckleneuk/,"Schools & Education in Muckleneuk, Pretoria",1,moonstone-business-school-of-excellence-brooklyn-forum-building-muckleneuk,Moonstone Business School of Excellence (Brooklyn Forum Building)
https://pretoriahub.com/category/schools-education/ninapark/,"Schools & Education in Ninapark, Pretoria",1,kleine-einstein-kleuterskool-ninapark,Kleine Einstein Kleuterskool
https://pretoriahub.com/category/schools-education/olympus/,"Schools & Education in Olympus, Pretoria",1,financeium-school-of-business-olympus,Financeium School of Business
https://pretoriahub.com/category/schools-education/onderstepoort/,"Schools & Education in Onderstepoort, Pretoria",1,tshwane-christian-school-onderstepoort,Tshwane Christian School
https://pretoriahub.com/category/schools-education/pierre-van-ryneveld-park/,"Schools & Education in Pierre van Ryneveld Park, Pretoria",1,strat-training-pierre-van-ryneveld-park,Strat Training
https://pretoriahub.com/category/schools-education/pretoria-north/,"Schools & Education in Pretoria North, Pretoria",1,boston-city-campus-pretoria-north-pretoria-north,Boston City Campus - Pretoria North
https://pretoriahub.com/category/schools-education/queenswood/,"Schools & Education in Queenswood, Pretoria",1,tshwane-trust-co-pty-ltd-queenswood,Tshwane Trust Co. (Pty) Ltd
https://pretoriahub.com/category/schools-education/rietondale/,"Schools & Education in Rietondale, Pretoria",1,rietondale-music-centre-rietondale,Rietondale Music Centre
https://pretoriahub.com/category/schools-education/rietvalleirand/,"Schools & Education in Rietvalleirand, Pretoria",1,kleutergenot-rietvalleirand,Kleutergenot
https://pretoriahub.com/category/schools-education/roseville/,"Schools & Education in Roseville, Pretoria",1,hillview-high-school-roseville,Hillview High School
https://pretoriahub.com/category/schools-education/salvokop/,"Schools & Education in Salvokop, Pretoria",1,harvesthouse-consulting-training-south-africa-pty-ltd-salvokop,Harvesthouse Consulting & Training South Africa Pty Ltd
https://pretoriahub.com/category/schools-education/the-hills-eco-game-estate/,"Schools & Education in The Hills Eco-Game Estate, Pretoria",1,reddford-house-the-hills-the-hills-eco-game-estate,Reddford House The Hills
https://pretoriahub.com/category/schools-education/theresapark/,"Schools & Education in Theresapark, Pretoria",1,laerskool-theresapark-theresapark,Laerskool Theresapark
https://pretoriahub.com/category/schools-education/tijger-valley/,"Schools & Education in Tijger Valley, Pretoria",1,business-and-auction-academy-tijger-valley,Business and Auction Academy
https://pretoriahub.com/category/schools-education/val-de-grace/,"Schools & Education in Val de Grace, Pretoria",1,tsoelopele-leadership-consulting-val-de-grace,Tsoelopele Leadership Consulting
https://pretoriahub.com/category/schools-education/wapadrand/,"Schools & Education in Wapadrand, Pretoria",1,m-tech-training-consultants-wapadrand,M TECH Training Consultants
https://pretoriahub.com/category/schools-education/wonderboom-south/,"Schools & Education in Wonderboom South, Pretoria",1,mateac-wonderboom-south,MATEAC
https://pretoriahub.com/category/schools-education/zwartkop/,"Schools & Education in Zwartkop, Pretoria",1,abbots-college-centurion,Abbots College
https://pretoriahub.com/category/schools-education/zwavelpoort/,"Schools & Education in Zwavelpoort, Pretoria",1,saintsburg-zwavelpoort,Saintsburg
https://pretoriahub.com/category/security-services/akasia/,"Security Services in Akasia, Pretoria",1,ligit-security-solutions-akasia,Ligit Security Solutions
https://pretoriahub.com/category/security-services/amberfield-valley/,"Security Services in Amberfield Valley, Pretoria",1,lbk-security-services-amberfield-valley,LBK Security Services
https://pretoriahub.com/category/security-services/andeon/,"Security Services in Andeon, Pretoria",1,ntp-security-andeon,NTP Security
https://pretoriahub.com/category/security-services/annlin-west/,"Security Services in Annlin West, Pretoria",1,alectra-solutions-annlin-west,Alectra Solutions
https://pretoriahub.com/category/security-services/annlin/,"Security Services in Annlin, Pretoria",1,katlego-security-services-annlin,Katlego Security Services
https://pretoriahub.com/category/security-services/boekenhoutskloof/,"Security Services in Boekenhoutskloof, Pretoria",1,hotline-security-services-boekenhoutskloof,Hotline Security Services
https://pretoriahub.com/category/security-services/booysens/,"Security Services in Booysens, Pretoria",1,k-security-services-booysens,K Security Services
https://pretoriahub.com/category/security-services/brummeria/,"Security Services in Brummeria, Pretoria",1,centurion-systems-pretoria-brummeria,Centurion Systems Pretoria
https://pretoriahub.com/category/security-services/clubview/,"Security Services in Clubview, Pretoria",1,amst-asset-management-solutions-technologies-clubview,AMST - Asset Management Solutions Technologies
https://pretoriahub.com/category/security-services/de-wilgers/,"Security Services in De Wilgers, Pretoria",1,clickon-communications-pty-ltd-de-wilgers,ClickOn Communications (Pty) Ltd
https://pretoriahub.com/category/security-services/derdepoort-smallholdings/,"Security Services in Derdepoort Smallholdings, Pretoria",1,dafo-south-africa-derdepoort-smallholdings,DAFO South Africa
https://pretoriahub.com/category/security-services/die-hoewes/,"Security Services in Die Hoewes, Pretoria",1,ijaba-security-services-die-hoewes,Ijaba Security Services
https://pretoriahub.com/category/security-services/dorandia/,"Security Services in Dorandia, Pretoria",1,maximum-security-services-dorandia,Maximum Security Services
https://pretoriahub.com/category/security-services/eco-park/,"Security Services in Eco-Park, Pretoria",1,zkteco-south-africa-eco-park,ZKTeco South Africa
https://pretoriahub.com/category/security-services/eldorette/,"Security Services in Eldorette, Pretoria",1,prosec-citr-eldorette,PROSEC CITR
https://pretoriahub.com/category/security-services/eloffsdal/,"Security Services in Eloffsdal, Pretoria",1,sa-fire-holdings-sa-fire-group-wonderboom-south-eloffsdal,SA Fire Holdings - (SA Fire Group) - Wonderboom South
https://pretoriahub.com/category/security-services/erasmusrand/,"Security Services in Erasmusrand, Pretoria",1,brinant-group-erasmusrand,Brinant Group
https://pretoriahub.com/category/security-services/florauna/,"Security Services in Florauna, Pretoria",1,s-o-a-t-florauna,S.O.A.T
https://pretoriahub.com/category/security-services/heatherdale/,"Security Services in Heatherdale, Pretoria",1,capital-dc-security-group-pty-ltd-heatherdale,Capital DC Security Group (Pty) Ltd
https://pretoriahub.com/category/security-services/heatherview/,"Security Services in Heatherview, Pretoria",1,cgs-corporate-group-services-heatherview,CGS Corporate Group Services
https://pretoriahub.com/category/security-services/hermanstad/,"Security Services in Hermanstad, Pretoria",1,centa-mercfire-hermanstad,Centa Mercfire
https://pretoriahub.com/category/security-services/hesteapark/,"Security Services in Hesteapark, Pretoria",1,matshoga-security-services-vip-protection-hesteapark,MATSHOGA SECURITY SERVICES & VIP PROTECTION
https://pretoriahub.com/category/security-services/highveld/,"Security Services in Highveld, Pretoria",1,visasecurity-highveld,visasecurity
https://pretoriahub.com/category/security-services/irene/,"Security Services in Irene, Pretoria",1,vusela-risk-services-irene,Vusela Risk Services
https://pretoriahub.com/category/security-services/jan-niemand-park/,"Security Services in Jan Niemand Park, Pretoria",1,cellsecure-interactive-management-solutions-pty-ltd-jan-niemand-park,Cellsecure Interactive Management Solutions Pty(Ltd)
https://pretoriahub.com/category/security-services/kameeldrift/,"Security Services in Kameeldrift, Pretoria",1,gxt-fire-security-protection-kameeldrift,GXT Fire & Security Protection
https://pretoriahub.com/category/security-services/karenpark/,"Security Services in Karenpark, Pretoria",1,balefi-security-services-karenpark,BALEFI SECURITY SERVICES
https://pretoriahub.com/category/security-services/lyttelton-manor/,"Security Services in Lyttelton Manor, Pretoria",1,marebole-security-solutions-lyttelton-manor,Marebole Security Solutions
https://pretoriahub.com/category/security-services/mayville/,"Security Services in Mayville, Pretoria",1,spot-reaction-pty-ltd-mayville,Spot Reaction (Pty)Ltd
https://pretoriahub.com/category/security-services/montana-park/,"Security Services in Montana Park, Pretoria",1,ids-inhep-digital-security-montana-park,IDS - Inhep Digital Security
https://pretoriahub.com/category/security-services/muckleneuk/,"Security Services in Muckleneuk, Pretoria",1,fidelity-adt-pretoria-muckleneuk,Fidelity ADT Pretoria
https://pretoriahub.com/category/security-services/ninapark/,"Security Services in Ninapark, Pretoria",1,alwinco-ninapark,Alwinco
https://pretoriahub.com/category/security-services/queenswood/,"Security Services in Queenswood, Pretoria",1,twl-engineering-solutions-queenswood,TWL Engineering Solutions
https://pretoriahub.com/category/security-services/rietondale/,"Security Services in Rietondale, Pretoria",1,guard4sure-security-services-pty-ltd-rietondale,Guard4Sure Security Services (Pty) Ltd
https://pretoriahub.com/category/security-services/rietvalleirand/,"Security Services in Rietvalleirand, Pretoria",1,wcs-fire-rietvalleirand,WCS Fire
https://pretoriahub.com/category/security-services/rooihuiskraal/,"Security Services in Rooihuiskraal, Pretoria",1,red-alert-service-solutions-rooihuiskraal,Red Alert Service Solutions
https://pretoriahub.com/category/security-services/shere/,"Security Services in Shere, Pretoria",1,bamogale-security-solutions-shere,Bamogale Security Solutions
https://pretoriahub.com/category/security-services/thatchfield-estate/,"Security Services in Thatchfield Estate, Pretoria",1,lak-security-services-thatchfield-estate,LAK Security Services
https://pretoriahub.com/category/security-services/theresapark/,"Security Services in Theresapark, Pretoria",1,cjb-alarms-theresapark,CJB Alarms
https://pretoriahub.com/category/security-services/waltloo/,"Security Services in Waltloo, Pretoria",1,servest-pretoria-waltloo,Servest Pretoria
https://pretoriahub.com/category/security-services/wolmer/,"Security Services in Wolmer, Pretoria",1,mvdw-group-security-wolmer,MVDW Group Security
https://pretoriahub.com/category/security-services/zwavelpoort/,"Security Services in Zwavelpoort, Pretoria",1,explospot-systems-pty-ltd-zwavelpoort,ExploSpot Systems (Pty) Ltd.
https://pretoriahub.com/category/shoe-stores/marabastad/,"Shoe Stores in Marabastad, Pretoria",1,dadas-shoes-pretoria-central,Dadas Shoes
https://pretoriahub.com/category/shoe-stores/raslouw/,"Shoe Stores in Raslouw, Pretoria",1,multiserv-raslouw-raslouw,Multiserv Raslouw
https://pretoriahub.com/category/software-development/amberfield-glen/,"Software Development in Amberfield Glen, Pretoria",1,astram-technologies-pty-ltd-amberfield-glen,Astram Technologies (PTY) Ltd
https://pretoriahub.com/category/software-development/amberfield-valley/,"Software Development in Amberfield Valley, Pretoria",1,reviewit-training-institute-amberfield-valley,ReviewIT Training Institute
https://pretoriahub.com/category/software-development/amberfield/,"Software Development in Amberfield, Pretoria",1,irender-cc-amberfield,iRender cc
https://pretoriahub.com/category/software-development/andeon/,"Software Development in Andeon, Pretoria",1,adzonline-andeon,AdzOnline
https://pretoriahub.com/category/software-development/booysens/,"Software Development in Booysens, Pretoria",1,badrobot-tech-booysens,BadRobot Tech
https://pretoriahub.com/category/software-development/claudius/,"Software Development in Claudius, Pretoria",1,square-one-consulting-claudius,Square One Consulting
https://pretoriahub.com/category/software-development/clydesdale/,"Software Development in Clydesdale, Pretoria",1,roamcode-clydesdale,Roamcode
https://pretoriahub.com/category/software-development/cornwall-hill-estate/,"Software Development in Cornwall Hill Estate, Pretoria",1,mwg-business-solutions-pty-ltd-cornwall-hill-estate,MWG Business Solutions (Pty) Ltd
https://pretoriahub.com/category/software-development/derdepoort-smallholdings/,"Software Development in Derdepoort Smallholdings, Pretoria",1,mbg-media-derdepoort-smallholdings,MBG Media
https://pretoriahub.com/category/software-development/donkerhoek/,"Software Development in Donkerhoek, Pretoria",1,watts-digital-donkerhoek,Watts Digital
https://pretoriahub.com/category/software-development/dorandia/,"Software Development in Dorandia, Pretoria",1,beekon-hi-tech-dorandia,Beekon Hi-Tech
https://pretoriahub.com/category/software-development/east-lynne/,"Software Development in East Lynne, Pretoria",1,rahabyte-digital-solutions-sa-east-lynne,Rahabyte Digital Solutions SA
https://pretoriahub.com/category/software-development/eersterust/,"Software Development in Eersterust, Pretoria",1,digitalworld-eersterust,Digitalworld
https://pretoriahub.com/category/software-development/eldorette/,"Software Development in Eldorette, Pretoria",1,webscripto-pty-ltd-eldorette,WebScripto Pty Ltd
https://pretoriahub.com/category/software-development/equestria/,"Software Development in Equestria, Pretoria",1,livex-software-equestria,Livex Software
https://pretoriahub.com/category/software-development/erasmusrand/,"Software Development in Erasmusrand, Pretoria",1,wamly-pty-ltd-erasmusrand,Wamly (Pty Ltd)
https://pretoriahub.com/category/software-development/glen-lauriston/,"Software Development in Glen Lauriston, Pretoria",1,lehumo-la-consulting-glen-lauriston,Lehumo la consulting
https://pretoriahub.com/category/software-development/hazeldean/,"Software Development in Hazeldean, Pretoria",1,yellow-pocket-pty-ltd-hazeldean,Yellow Pocket (Pty) Ltd
https://pretoriahub.com/category/software-development/hesteapark/,"Software Development in Hesteapark, Pretoria",1,dorbyl-international-hesteapark,Dorbyl International
https://pretoriahub.com/category/software-development/karenpark/,"Software Development in Karenpark, Pretoria",1,binary-bit-technologies-karenpark,Binary Bit Technologies
https://pretoriahub.com/category/software-development/kloofsig/,"Software Development in Kloofsig, Pretoria",1,the-base-kloofsig,The Base
https://pretoriahub.com/category/software-development/koedoespoort/,"Software Development in Koedoespoort, Pretoria",1,embriant-software-pty-ltd-koedoespoort,Embriant Software (Pty) Ltd
https://pretoriahub.com/category/software-development/lotus-gardens/,"Software Development in Lotus Gardens, Pretoria",1,dapenet-technologies-lotus-gardens,Dapenet Technologies
https://pretoriahub.com/category/software-development/lyttelton-manor/,"Software Development in Lyttelton Manor, Pretoria",1,db-fusion-lyttelton-manor,DB Fusion
https://pretoriahub.com/category/software-development/magalieskruin/,"Software Development in Magalieskruin, Pretoria",1,cozy-panda-logic-magalieskruin,Cozy-Panda Logic
https://pretoriahub.com/category/software-development/mayville/,"Software Development in Mayville, Pretoria",1,tecweni-solutions-mayville,TECWENI SOLUTIONS
https://pretoriahub.com/category/software-development/midfields-estate/,"Software Development in Midfields Estate, Pretoria",1,zinithx-pty-ltd-midfields-estate,ZINITHX (PTY) LTD
https://pretoriahub.com/category/software-development/midstream-ridge/,"Software Development in Midstream Ridge, Pretoria",1,world-link-consulting-midstream-ridge,World Link Consulting
https://pretoriahub.com/category/software-development/montana-park/,"Software Development in Montana Park, Pretoria",1,quasar-holdings-montana-park,QUASAR HOLDINGS
https://pretoriahub.com/category/software-development/monument-park/,"Software Development in Monument Park, Pretoria",1,flowcentric-pty-ltd-monument-park,FlowCentric (Pty) Ltd
https://pretoriahub.com/category/software-development/olympus/,"Software Development in Olympus, Pretoria",1,bb-studio-beauty-and-business-olympus,bb. studio (beauty and business)
https://pretoriahub.com/category/software-development/proclamation-hill/,"Software Development in Proclamation Hill, Pretoria",1,it-wizz-proclamation-hill,IT-Wizz
https://pretoriahub.com/category/software-development/riviera/,"Software Development in Riviera, Pretoria",1,jp-it-dev-riviera,JP IT DEV
https://pretoriahub.com/category/software-development/roodeplaat/,"Software Development in Roodeplaat, Pretoria",1,fsbgroup-roodeplaat,FSBGroup
https://pretoriahub.com/category/software-development/rooihuiskraal/,"Software Development in Rooihuiskraal, Pretoria",1,protech-it-solutions-rooihuiskraal,Protech IT Solutions
https://pretoriahub.com/category/software-development/shere/,"Software Development in Shere, Pretoria",1,retro-rabbit-shere,Retro Rabbit
https://pretoriahub.com/category/software-development/sinoville/,"Software Development in Sinoville, Pretoria",1,cba-systems-pty-ltd-sinoville,CBA Systems (Pty) Ltd
https://pretoriahub.com/category/software-development/the-hills-eco-game-estate/,"Software Development in The Hills Eco-Game Estate, Pretoria",1,rielle-creative-studio-the-hills-eco-game-estate,Rielle Creative Studio
https://pretoriahub.com/category/software-development/the-orchards/,"Software Development in The Orchards, Pretoria",1,digital-select-marketing-the-orchards,Digital Select Marketing
https://pretoriahub.com/category/software-development/the-reeds/,"Software Development in The Reeds, Pretoria",1,restec-pty-ltd-the-reeds,Restec (Pty) Ltd
https://pretoriahub.com/category/software-development/valhalla/,"Software Development in Valhalla, Pretoria",1,bawula-s-group-valhalla,Bawula's Group
https://pretoriahub.com/category/software-development/waverley/,"Software Development in Waverley, Pretoria",1,my-it-manager-waverley,My It Manager
https://pretoriahub.com/category/software-development/wolmer/,"Software Development in Wolmer, Pretoria",1,faize-it-solutions-wolmer,Faize IT Solutions
https://pretoriahub.com/category/software-development/wonderboom/,"Software Development in Wonderboom, Pretoria",1,click7-wonderboom,Click7
https://pretoriahub.com/category/software-development/zwavelpoort/,"Software Development in Zwavelpoort, Pretoria",1,digital-zoo-zwavelpoort,Digital Zoo
https://pretoriahub.com/category/solar-renewable-energy/ashley-gardens/,"Solar & Renewable Energy in Ashley Gardens, Pretoria",1,gx-energy-ashley-gardens,GX Energy
https://pretoriahub.com/category/solar-renewable-energy/buffelsdrift/,"Solar & Renewable Energy in Buffelsdrift, Pretoria",1,innovated-projects-buffelsdrift,Innovated Projects
https://pretoriahub.com/category/solar-renewable-energy/celtisdal/,"Solar & Renewable Energy in Celtisdal, Pretoria",1,msr-solutions-pty-ltd-celtisdal,MSR Solutions (Pty) Ltd
https://pretoriahub.com/category/solar-renewable-energy/clubview/,"Solar & Renewable Energy in Clubview, Pretoria",1,blue-sky-solar-services-clubview,Blue Sky Solar Services
https://pretoriahub.com/category/solar-renewable-energy/de-wilgers/,"Solar & Renewable Energy in De Wilgers, Pretoria",1,gc-solar-pretoria-east-de-wilgers,GC Solar Pretoria East
https://pretoriahub.com/category/solar-renewable-energy/donkerhoek/,"Solar & Renewable Energy in Donkerhoek, Pretoria",1,renusec-pty-ltd-donkerhoek,RenuSec (PTY) Ltd
https://pretoriahub.com/category/solar-renewable-energy/dorandia/,"Solar & Renewable Energy in Dorandia, Pretoria",1,solar-security-nerd-pty-ltd-moot-pretoria-mp-dorandia,Solar & Security Nerd (PTY) LTD - Moot Pretoria (MP)
https://pretoriahub.com/category/solar-renewable-energy/eco-park/,"Solar & Renewable Energy in Eco-Park, Pretoria",1,cudub-solar-eco-park,Cudub Solar
https://pretoriahub.com/category/solar-renewable-energy/eldorette/,"Solar & Renewable Energy in Eldorette, Pretoria",1,setsolar-pretoria-eldorette,setsolar Pretoria
https://pretoriahub.com/category/solar-renewable-energy/florauna/,"Solar & Renewable Energy in Florauna, Pretoria",1,voltra-energy-solutions-florauna,VOLTRA ENERGY SOLUTIONS
https://pretoriahub.com/category/solar-renewable-energy/heatherview/,"Solar & Renewable Energy in Heatherview, Pretoria",1,bevonkte-projects-solar-heatherview,Bevonkte Projects SOLAR
https://pretoriahub.com/category/solar-renewable-energy/hennopspark/,"Solar & Renewable Energy in Hennopspark, Pretoria",1,absolute-solar-solutions-hennopspark,Absolute Solar Solutions
https://pretoriahub.com/category/solar-renewable-energy/heuweloord/,"Solar & Renewable Energy in Heuweloord, Pretoria",1,battery-fix-solar-heuweloord,Battery Fix & Solar
https://pretoriahub.com/category/solar-renewable-energy/highveld/,"Solar & Renewable Energy in Highveld, Pretoria",1,cudub-holdings-pvt-ltd-highveld,Cudub Holdings (Pvt) Ltd
https://pretoriahub.com/category/solar-renewable-energy/irene-farm-villages/,"Solar & Renewable Energy in Irene Farm Villages, Pretoria",1,amber-energy-irene-farm-villages,Amber Energy
https://pretoriahub.com/category/solar-renewable-energy/kameeldrift/,"Solar & Renewable Energy in Kameeldrift, Pretoria",1,solar-hub-sa-bess-kameeldrift,Solar Hub SA - BESS
https://pretoriahub.com/category/solar-renewable-energy/kilner-park/,"Solar & Renewable Energy in Kilner Park, Pretoria",1,deist-solar-kilner-park,DEIST SOLAR
https://pretoriahub.com/category/solar-renewable-energy/kirkney/,"Solar & Renewable Energy in Kirkney, Pretoria",1,dndm-electrical-kirkney,DNDM ELECTRICAL
https://pretoriahub.com/category/solar-renewable-energy/klerksoord/,"Solar & Renewable Energy in Klerksoord, Pretoria",1,into-solar-energy-klerksoord,INTO SOLAR ENERGY
https://pretoriahub.com/category/solar-renewable-energy/kosmosdal/,"Solar & Renewable Energy in Kosmosdal, Pretoria",1,himoinsa-southern-africa-johannesburg-kosmosdal,HIMOINSA Southern Africa - Johannesburg
https://pretoriahub.com/category/solar-renewable-energy/la-montagne/,"Solar & Renewable Energy in La Montagne, Pretoria",1,impact-energy-la-montagne,Impact Energy
https://pretoriahub.com/category/solar-renewable-energy/leeuwfontein/,"Solar & Renewable Energy in Leeuwfontein, Pretoria",1,the-solar-box-leeuwfontein,THE SOLAR BOX
https://pretoriahub.com/category/solar-renewable-energy/lyttelton/,"Solar & Renewable Energy in Lyttelton, Pretoria",1,eec-lyttelton,EEC
https://pretoriahub.com/category/solar-renewable-energy/magalieskruin/,"Solar & Renewable Energy in Magalieskruin, Pretoria",1,afrisolar-supplies-magalieskruin,AfriSolar Supplies
https://pretoriahub.com/category/solar-renewable-energy/midfields-estate/,"Solar & Renewable Energy in Midfields Estate, Pretoria",1,alumo-energy-solar-power-company-pretoria-midfields-estate,Alumo Energy - Solar Power Company Pretoria
https://pretoriahub.com/category/solar-renewable-energy/montana-park/,"Solar & Renewable Energy in Montana Park, Pretoria",1,ame-power-solutions-montana-park,AME Power Solutions
https://pretoriahub.com/category/solar-renewable-energy/moregloed/,"Solar & Renewable Energy in Moregloed, Pretoria",1,solaristic-moregloed,Solaristic
https://pretoriahub.com/category/solar-renewable-energy/onderstepoort/,"Solar & Renewable Energy in Onderstepoort, Pretoria",1,solar-europe-pty-ltd-onderstepoort,Solar Europe (Pty) Ltd
https://pretoriahub.com/category/solar-renewable-energy/parktown-estate/,"Solar & Renewable Energy in Parktown Estate, Pretoria",1,jmb-eletricalsolar-parktown-estate,JMB-ELETRICALSOLAR
https://pretoriahub.com/category/solar-renewable-energy/rooihuiskraal/,"Solar & Renewable Energy in Rooihuiskraal, Pretoria",1,ibc-solar-south-africa-pty-ltd-rooihuiskraal,IBC SOLAR South Africa (Pty) Ltd
https://pretoriahub.com/category/solar-renewable-energy/salieshoek/,"Solar & Renewable Energy in Salieshoek, Pretoria",1,prot-g-power-salieshoek,Protégé Power
https://pretoriahub.com/category/solar-renewable-energy/shere/,"Solar & Renewable Energy in Shere, Pretoria",1,solem-solar-shere,Solem Solar
https://pretoriahub.com/category/solar-renewable-energy/sinoville/,"Solar & Renewable Energy in Sinoville, Pretoria",1,egp-solutions-sinoville,EGP Solutions
https://pretoriahub.com/category/solar-renewable-energy/the-willows/,"Solar & Renewable Energy in The Willows, Pretoria",1,ist-integrators-of-systems-technology-pty-ltd-the-willows,iST (Integrators of Systems Technology (Pty) Ltd)
https://pretoriahub.com/category/solar-renewable-energy/valhalla/,"Solar & Renewable Energy in Valhalla, Pretoria",1,clean-power-africa-valhalla,Clean Power Africa
https://pretoriahub.com/category/solar-renewable-energy/waltloo/,"Solar & Renewable Energy in Waltloo, Pretoria",1,sunumi-pty-ltd-waltloo,Sunumi PTY LTD
https://pretoriahub.com/category/solar-renewable-energy/wapadrand/,"Solar & Renewable Energy in Wapadrand, Pretoria",1,electronetix-wapadrand,ELECTRONETIX
https://pretoriahub.com/category/solar-renewable-energy/waverley/,"Solar & Renewable Energy in Waverley, Pretoria",1,ordiphase-waverley,Ordiphase
https://pretoriahub.com/category/solar-renewable-energy/willow-glen/,"Solar & Renewable Energy in Willow Glen, Pretoria",1,new-yellow-solar-willow-glen,New Yellow Solar
https://pretoriahub.com/category/spas-wellness/blyde-riverwalk-estate/,"Spas & Wellness in Blyde Riverwalk Estate, Pretoria",1,cspa-wellness-by-camelot-at-the-blyde-blyde-riverwalk-estate,CSpa Wellness by Camelot at The Blyde
https://pretoriahub.com/category/spas-wellness/capital-park/,"Spas & Wellness in Capital Park, Pretoria",1,all-wellness-spa-capital-park,All Wellness Spa
https://pretoriahub.com/category/spas-wellness/clubview-east/,"Spas & Wellness in Clubview East, Pretoria",1,ph4life-pretoria-wellness-centre-clubview-east,pH4Life Pretoria - Wellness Centre
https://pretoriahub.com/category/spas-wellness/copperleaf-golf-estate/,"Spas & Wellness in Copperleaf Golf Estate, Pretoria",1,copperleaf-spa-gym-copperleaf-golf-estate,Copperleaf Spa & Gym
https://pretoriahub.com/category/spas-wellness/de-wilgers/,"Spas & Wellness in De Wilgers, Pretoria",1,biomedical-emporium-head-office-de-wilgers,Biomedical Emporium Head Office
https://pretoriahub.com/category/spas-wellness/eldoraigne/,"Spas & Wellness in Eldoraigne, Pretoria",1,kai-thai-spa-centurion-eldoraigne,Kai Thai Spa Centurion
https://pretoriahub.com/category/spas-wellness/florauna/,"Spas & Wellness in Florauna, Pretoria",1,villa-veroz-spa-florauna,Villa Veroz Spa
https://pretoriahub.com/category/spas-wellness/garsfontein/,"Spas & Wellness in Garsfontein, Pretoria",1,rise-luxury-massage-spa-garsfontein,Rise Luxury Massage Spa
https://pretoriahub.com/category/spas-wellness/hazeldean/,"Spas & Wellness in Hazeldean, Pretoria",1,the-iv-bar-silver-lakes-hazeldean,The IV Bar | Silver Lakes
https://pretoriahub.com/category/spas-wellness/heritage-hill-estate/,"Spas & Wellness in Heritage Hill Estate, Pretoria",1,the-beauty-connexion-heritage-hill-estate,The Beauty Connexion
https://pretoriahub.com/category/spas-wellness/hesteapark/,"Spas & Wellness in Hesteapark, Pretoria",1,embrac-n-touch-wellness-spa-hesteapark,Embrac'n Touch Wellness & Spa
https://pretoriahub.com/category/spas-wellness/la-montagne/,"Spas & Wellness in La Montagne, Pretoria",1,la-montagne-day-spa-la-montagne,La Montagne Day Spa & Beauty Salon
https://pretoriahub.com/category/spas-wellness/lyttelton-manor/,"Spas & Wellness in Lyttelton Manor, Pretoria",1,executive-beauty-spa-lyttelton-manor,Executive Beauty & Spa
https://pretoriahub.com/category/spas-wellness/midfields-estate/,"Spas & Wellness in Midfields Estate, Pretoria",1,freeflow-business-and-life-coach-midfields-estate,Freeflow Business and Life Coach
https://pretoriahub.com/category/spas-wellness/parktown-estate/,"Spas & Wellness in Parktown Estate, Pretoria",1,vida-health-wellness-centre-parktown-estate,Vida Health & Wellness Centre
https://pretoriahub.com/category/spas-wellness/rietfontein/,"Spas & Wellness in Rietfontein, Pretoria",1,jacques-booysen-seminars-rietfontein,Jacques Booysen Seminars
https://pretoriahub.com/category/spas-wellness/shere/,"Spas & Wellness in Shere, Pretoria",1,nuhuman-transformation-gym-shere,NuHuman Transformation Gym
https://pretoriahub.com/category/spas-wellness/theresapark/,"Spas & Wellness in Theresapark, Pretoria",1,embracn-touch-wellness-spa-theresapark,Embrac'n Touch Wellness & Spa
https://pretoriahub.com/category/spas-wellness/val-de-grace/,"Spas & Wellness in Val de Grace, Pretoria",1,placecol-watermeyer-park-val-de-grace,Placecol Watermeyer Park
https://pretoriahub.com/category/spas-wellness/waterkloof/,"Spas & Wellness in Waterkloof, Pretoria",1,internal-beauty-spa-waterkloof,Internal Beauty Spa
https://pretoriahub.com/category/spas-wellness/willow-park-manor/,"Spas & Wellness in Willow Park Manor, Pretoria",1,maryna-stevenson-personal-excellence-refinement-willow-park-manor,Maryna Stevenson Personal Excellence & Refinement
https://pretoriahub.com/category/spas-wellness/wonderboom-south/,"Spas & Wellness in Wonderboom South, Pretoria",1,the-golden-thread-life-coaching-wonderboom-south,The Golden Thread Life Coaching
https://pretoriahub.com/category/supermarkets-groceries/annlin-west/,"Supermarkets & Groceries in Annlin West, Pretoria",1,fruit-stop-annlin-west,Fruit Stop
https://pretoriahub.com/category/supermarkets-groceries/atteridgeville/,"Supermarkets & Groceries in Atteridgeville, Pretoria",1,food-lovers-market-nkomo-village-atteridgeville,Food Lover's Market Nkomo Village
https://pretoriahub.com/category/supermarkets-groceries/barclay-square/,"Supermarkets & Groceries in Barclay Square, Pretoria",1,spar-barclay-square-barclay-square,SPAR Barclay Square
https://pretoriahub.com/category/supermarkets-groceries/boekenhoutskloof/,"Supermarkets & Groceries in Boekenhoutskloof, Pretoria",1,kit-kat-cash-carry-pretoria-west-boekenhoutskloof,Kit Kat Cash & Carry Pretoria West
https://pretoriahub.com/category/supermarkets-groceries/bronberrik/,"Supermarkets & Groceries in Bronberrik, Pretoria",1,bazaruto-seafoods-centurion-bronberrik,Bazaruto Seafoods Centurion
https://pretoriahub.com/category/supermarkets-groceries/bronkhorstspruit/,"Supermarkets & Groceries in Bronkhorstspruit, Pretoria",1,superspar-bronkhorstspruit,SuperSpar
https://pretoriahub.com/category/supermarkets-groceries/constantia-park/,"Supermarkets & Groceries in Constantia Park, Pretoria",1,constantia-park-market-gardens-constantia-park,Constantia Park Market Gardens
https://pretoriahub.com/category/supermarkets-groceries/daspoort/,"Supermarkets & Groceries in Daspoort, Pretoria",1,advance-cash-n-carry-daspoort,Advance Cash n Carry
https://pretoriahub.com/category/supermarkets-groceries/doringkloof/,"Supermarkets & Groceries in Doringkloof, Pretoria",1,checkers-irene-link-doringkloof,Checkers Irene Link
https://pretoriahub.com/category/supermarkets-groceries/eco-park/,"Supermarkets & Groceries in Eco-Park, Pretoria",1,checkers-eco-boulevard-eco-park,Checkers Eco Boulevard
https://pretoriahub.com/category/supermarkets-groceries/elardus-park/,"Supermarkets & Groceries in Elardus Park, Pretoria",1,apple-tree-fresh-food-market-elarduspark-elardus-park,Apple Tree Fresh Food Market Elarduspark
https://pretoriahub.com/category/supermarkets-groceries/eldoraigne/,"Supermarkets & Groceries in Eldoraigne, Pretoria",1,superspar-saxby-eldoraigne,SUPERSPAR Saxby
https://pretoriahub.com/category/supermarkets-groceries/equestria/,"Supermarkets & Groceries in Equestria, Pretoria",1,food-lovers-market-lynnwood-lane-equestria,Food Lover's Market Lynnwood Lane
https://pretoriahub.com/category/supermarkets-groceries/erasmuskloof/,"Supermarkets & Groceries in Erasmuskloof, Pretoria",1,woolworths-castle-walk-erasmuskloof,Woolworths Castle Walk
https://pretoriahub.com/category/supermarkets-groceries/erasmusrand/,"Supermarkets & Groceries in Erasmusrand, Pretoria",1,pick-n-pay-waterkloof-rand-erasmusrand,Pick n Pay Waterkloof Rand
https://pretoriahub.com/category/supermarkets-groceries/faerie-glen/,"Supermarkets & Groceries in Faerie Glen, Pretoria",1,faeriedale-greengrocer-faerie-glen,Faeriedale Greengrocer
https://pretoriahub.com/category/supermarkets-groceries/florauna/,"Supermarkets & Groceries in Florauna, Pretoria",1,florauna-supermarket-florauna,Florauna supermarket
https://pretoriahub.com/category/supermarkets-groceries/garsfontein/,"Supermarkets & Groceries in Garsfontein, Pretoria",1,lantis-electronics-menlyn,Lantis Electronics
https://pretoriahub.com/category/supermarkets-groceries/gezina/,"Supermarkets & Groceries in Gezina, Pretoria",1,checkers-gezina-gezina,Checkers Gezina Galleries
https://pretoriahub.com/category/supermarkets-groceries/groenkloof/,"Supermarkets & Groceries in Groenkloof, Pretoria",1,groenkloof-spar-groenkloof,Groenkloof KWIKSPAR
https://pretoriahub.com/category/supermarkets-groceries/heatherview/,"Supermarkets & Groceries in Heatherview, Pretoria",1,checkers-pretoria-north-heatherview,Checkers Pretoria North
https://pretoriahub.com/category/supermarkets-groceries/highveld/,"Supermarkets & Groceries in Highveld, Pretoria",1,pick-n-pay-byls-bridge-highveld,Pick n Pay Byls Bridge
https://pretoriahub.com/category/supermarkets-groceries/irene-farm-villages/,"Supermarkets & Groceries in Irene Farm Villages, Pretoria",1,pick-n-pay-irene-village-mall-irene-farm-villages,Pick n Pay Irene Village Mall
https://pretoriahub.com/category/supermarkets-groceries/jan-niemand-park/,"Supermarkets & Groceries in Jan Niemand Park, Pretoria",1,ok-foods-trios-jan-niemand-park,OK Foods Trios
https://pretoriahub.com/category/supermarkets-groceries/karenpark/,"Supermarkets & Groceries in Karenpark, Pretoria",1,checkers-wonderpark-karenpark,Checkers Wonderpark
https://pretoriahub.com/category/supermarkets-groceries/kilner-park/,"Supermarkets & Groceries in Kilner Park, Pretoria",1,superspar-kilner-park-kilner-park,SUPERSPAR Kilner Park
https://pretoriahub.com/category/supermarkets-groceries/kosmosdal/,"Supermarkets & Groceries in Kosmosdal, Pretoria",1,checkers-kosmosdal-kosmosdal,Checkers Kosmosdal
https://pretoriahub.com/category/supermarkets-groceries/les-marais/,"Supermarkets & Groceries in Les Marais, Pretoria",1,spar-les-marais-les-marais,SPAR Les Marais
https://pretoriahub.com/category/supermarkets-groceries/lotus-gardens/,"Supermarkets & Groceries in Lotus Gardens, Pretoria",1,shoprite-lotus-gardens-lotus-gardens,Shoprite Lotus Gardens
https://pretoriahub.com/category/supermarkets-groceries/louwlardia/,"Supermarkets & Groceries in Louwlardia, Pretoria",1,checkers-grey-owl-midstream-louwlardia,Checkers Grey Owl Midstream
https://pretoriahub.com/category/supermarkets-groceries/lynnwood-manor/,"Supermarkets & Groceries in Lynnwood Manor, Pretoria",1,woolworths-lynnwood-bridge-lynnwood-manor,Woolworths (Lynnwood Bridge)
https://pretoriahub.com/category/supermarkets-groceries/montana-park/,"Supermarkets & Groceries in Montana Park, Pretoria",1,woolworths-zambezi-junction-montana-park,Woolworths Zambezi Junction
https://pretoriahub.com/category/supermarkets-groceries/monument-park/,"Supermarkets & Groceries in Monument Park, Pretoria",1,superspar-monument-park-monument-park,SUPERSPAR - Monument Park
https://pretoriahub.com/category/supermarkets-groceries/moreleta-park/,"Supermarkets & Groceries in Moreleta Park, Pretoria",1,superspar-moreleta-moreleta-park,SuperSpar Moreleta
https://pretoriahub.com/category/supermarkets-groceries/murrayfield/,"Supermarkets & Groceries in Murrayfield, Pretoria",1,kwikspar-murrayfield-murrayfield,KWIKSPAR Murrayfield
https://pretoriahub.com/category/supermarkets-groceries/ninapark/,"Supermarkets & Groceries in Ninapark, Pretoria",1,woolworths-food-nina-park-ninapark,Woolworths Food Nina Park
https://pretoriahub.com/category/supermarkets-groceries/pierre-van-ryneveld-park/,"Supermarkets & Groceries in Pierre van Ryneveld Park, Pretoria",1,superspar-ryneveld-pierre-van-ryneveld-park,SuperSpar Ryneveld
https://pretoriahub.com/category/supermarkets-groceries/rooihuiskraal/,"Supermarkets & Groceries in Rooihuiskraal, Pretoria",1,rhk-supermarket-rooihuiskraal,R.H.K. Supermarket
https://pretoriahub.com/category/supermarkets-groceries/silvertondale/,"Supermarkets & Groceries in Silvertondale, Pretoria",1,kit-kat-cash-carry-silverton-silvertondale,Kit Kat Cash & Carry Silverton
https://pretoriahub.com/category/supermarkets-groceries/sinoville/,"Supermarkets & Groceries in Sinoville, Pretoria",1,woolworths-food-sinoville-sinoville,Woolworths Food Sinoville
https://pretoriahub.com/category/supermarkets-groceries/six-fountains-residential-estate/,"Supermarkets & Groceries in Six Fountains Residential Estate, Pretoria",1,checkers-silver-lakes-six-fountains-residential-estate,Checkers Silver Lakes
https://pretoriahub.com/category/supermarkets-groceries/the-reeds/,"Supermarkets & Groceries in The Reeds, Pretoria",1,pick-n-pay-blu-valley-mall-the-reeds,Pick n Pay (Blu Valley Mall)
https://pretoriahub.com/category/supermarkets-groceries/the-willows/,"Supermarkets & Groceries in The Willows, Pretoria",1,pick-n-pay-equestria-the-willows,Pick n Pay Equestria
https://pretoriahub.com/category/supermarkets-groceries/val-de-grace/,"Supermarkets & Groceries in Val de Grace, Pretoria",1,woolworths-watermeyer-park-val-de-grace,Woolworths Watermeyer Park
https://pretoriahub.com/category/supermarkets-groceries/waltloo/,"Supermarkets & Groceries in Waltloo, Pretoria",1,big-save-waltloo-waltloo,Big Save Waltloo
https://pretoriahub.com/category/supermarkets-groceries/wapadrand/,"Supermarkets & Groceries in Wapadrand, Pretoria",1,kwikspar-wapadrand-wapadrand,KWIKSPAR Wapadrand
https://pretoriahub.com/category/supermarkets-groceries/waverley/,"Supermarkets & Groceries in Waverley, Pretoria",1,checkers-waverley-waverley,Checkers Waverley
https://pretoriahub.com/category/supermarkets-groceries/willow-park-manor/,"Supermarkets & Groceries in Willow Park Manor, Pretoria",1,fruit-stop-silverton-willow-park-manor,Fruit Stop Silverton
https://pretoriahub.com/category/supermarkets-groceries/woodhill-golf-estate/,"Supermarkets & Groceries in Woodhill Golf Estate, Pretoria",1,spar-woodhill-woodhill-golf-estate,SPAR Woodhill
https://pretoriahub.com/category/tow-trucks-roadside/leeuwfontein/,"Tow Trucks & Roadside Assistance in Leeuwfontein, Pretoria",1,xwi-towing-angel-of-the-road-leeuwfontein,Xwi Towing(Angel of The Road)
https://pretoriahub.com/category/tow-trucks-roadside/monavoni/,"Tow Trucks & Roadside Assistance in Monavoni, Pretoria",1,klm-africa-towing-and-roadside-assistance-monavoni,KLM Africa Towing and Roadside Assistance
https://pretoriahub.com/category/tow-trucks-roadside/parktown-estate/,"Tow Trucks & Roadside Assistance in Parktown Estate, Pretoria",1,juels-towing-services-pretoria-parktown-estate,Juels Towing Services Pretoria
https://pretoriahub.com/category/tow-trucks-roadside/pretoria-north/,"Tow Trucks & Roadside Assistance in Pretoria North, Pretoria",1,rieks-towing-pretoria-pretoria-north,Rieks Towing Pretoria
https://pretoriahub.com/category/tow-trucks-roadside/rooiwal/,"Tow Trucks & Roadside Assistance in Rooiwal, Pretoria",1,sans-souci-towing-rooiwal,Sans souci Towing
https://pretoriahub.com/category/tow-trucks-roadside/villieria/,"Tow Trucks & Roadside Assistance in Villieria, Pretoria",1,brother-roadside-villieria,brother roadside
https://pretoriahub.com/category/toy-stores/menlyn/,"Toy Stores in Menlyn, Pretoria",1,toy-kingdom-menlyn,Toy Kingdom
https://pretoriahub.com/category/travel-agents/ashley-gardens/,"Travel Agents in Ashley Gardens, Pretoria",1,travel-with-flair-menlyn,Travel with Flair
https://pretoriahub.com/category/travel-agents/bergtuin/,"Travel Agents in Bergtuin, Pretoria",1,batsumi-travel-bergtuin,Batsumi Travel
https://pretoriahub.com/category/travel-agents/boardwalk-manor/,"Travel Agents in Boardwalk Manor, Pretoria",1,dalani-trip-planners-boardwalk-manor,Dalani Trip Planners
https://pretoriahub.com/category/travel-agents/brooklands-lifestyle-estate/,"Travel Agents in Brooklands Lifestyle Estate, Pretoria",1,vitz-travel-tours-brooklands-lifestyle-estate,VITZ Travel & Tours
https://pretoriahub.com/category/travel-agents/brooklyn/,"Travel Agents in Brooklyn, Pretoria",1,flight-centre-waterkloof,Flight Centre
https://pretoriahub.com/category/travel-agents/centurion-golf-estate/,"Travel Agents in Centurion Golf Estate, Pretoria",1,wolo-travel-centurion-centurion-golf-estate,WOLO Travel Centurion
https://pretoriahub.com/category/travel-agents/clydesdale/,"Travel Agents in Clydesdale, Pretoria",1,park-travel-agency-pty-ltd-pretoria-clydesdale,Park Travel Agency (Pty) Ltd (Pretoria)
https://pretoriahub.com/category/travel-agents/daspoort/,"Travel Agents in Daspoort, Pretoria",1,global-immigration-assist-daspoort,Global Immigration Assist
https://pretoriahub.com/category/travel-agents/florauna/,"Travel Agents in Florauna, Pretoria",1,christine-van-wyk-tours-florauna,Christine Van Wyk Tours
https://pretoriahub.com/category/travel-agents/hazeldean/,"Travel Agents in Hazeldean, Pretoria",1,beal-travel-hazeldean,BEAL Travel
https://pretoriahub.com/category/travel-agents/jan-niemand-park/,"Travel Agents in Jan Niemand Park, Pretoria",1,shuttle-south-africa-jan-niemand-park,Shuttle South Africa
https://pretoriahub.com/category/travel-agents/kameeldrift-east/,"Travel Agents in Kameeldrift East, Pretoria",1,touring-south-africa-kameeldrift-east,Touring South Africa
https://pretoriahub.com/category/travel-agents/kloofsig/,"Travel Agents in Kloofsig, Pretoria",1,travel-counsellors-sa-mbali-skosana-kloofsig,Travel Counsellors SA - Mbali Skosana
https://pretoriahub.com/category/travel-agents/laudium/,"Travel Agents in Laudium, Pretoria",1,flywell-travel-laudium,Flywell Travel
https://pretoriahub.com/category/travel-agents/lotus-gardens/,"Travel Agents in Lotus Gardens, Pretoria",1,timity-travel-cc-lotus-gardens,TIMITY TRAVEL CC
https://pretoriahub.com/category/travel-agents/lyttelton/,"Travel Agents in Lyttelton, Pretoria",1,blynet-lyttelton,BlyNet
https://pretoriahub.com/category/travel-agents/menlyn/,"Travel Agents in Menlyn, Pretoria",1,pen-travel-menlyn,Pen Travel
https://pretoriahub.com/category/travel-agents/midstream-estate/,"Travel Agents in Midstream Estate, Pretoria",1,the-boyz-travel-merchants-midstream-estate,The Boyz Travel Merchants
https://pretoriahub.com/category/travel-agents/montana-park/,"Travel Agents in Montana Park, Pretoria",1,flight-centre-kolonnade-montana-park,Flight Centre Kolonnade
https://pretoriahub.com/category/travel-agents/rietfontein/,"Travel Agents in Rietfontein, Pretoria",1,apt-work-and-travel-agency-rietfontein,APT Work and TRAVEL AGENCY
https://pretoriahub.com/category/travel-agents/sable-hills-waterfront-estate/,"Travel Agents in Sable Hills Waterfront Estate, Pretoria",1,pure-diamond-tours-sable-hills-waterfront-estate,Pure Diamond Tours
https://pretoriahub.com/category/travel-agents/salvokop/,"Travel Agents in Salvokop, Pretoria",1,city-to-city-salvokop,City to City
https://pretoriahub.com/category/travel-agents/shere/,"Travel Agents in Shere, Pretoria",1,yachties4yachties-shere,Yachties4Yachties
https://pretoriahub.com/category/travel-agents/valhalla/,"Travel Agents in Valhalla, Pretoria",1,brooklyn-travel-valhalla,Brooklyn Travel
https://pretoriahub.com/category/travel-agents/weavind-park/,"Travel Agents in Weavind Park, Pretoria",1,travel-with-flair-pty-ltd-weavind-park,Travel With Flair (Pty) Ltd
https://pretoriahub.com/category/travel-agents/wierdapark/,"Travel Agents in Wierdapark, Pretoria",1,vacay-vibez-wierdapark,Vacay vibez
https://pretoriahub.com/category/vets-animal-care/derdepoort-smallholdings/,"Vets & Animal Care in Derdepoort Smallholdings, Pretoria",1,sakabuka-kennels-derdepoort-smallholdings,Sakabuka Kennels
https://pretoriahub.com/category/vets-animal-care/derdepoort/,"Vets & Animal Care in Derdepoort, Pretoria",1,sakabuka-kennels-derdepoort,Sakabuka Kennels
https://pretoriahub.com/category/vets-animal-care/hesteapark/,"Vets & Animal Care in Hesteapark, Pretoria",1,wollies-animal-shelter-hesteapark,Wollies Animal Shelter
https://pretoriahub.com/category/vets-animal-care/onderstepoort/,"Vets & Animal Care in Onderstepoort, Pretoria",1,arc-onderstepoort-veterinary-institute-onderstepoort,ARC-Onderstepoort Veterinary Institute
https://pretoriahub.com/category/vets-animal-care/roodeplaat/,"Vets & Animal Care in Roodeplaat, Pretoria",1,champion-boarding-kennels-cattery-roodeplaat,Champion Boarding Kennels & Cattery
https://pretoriahub.com/category/vets-animal-care/val-de-grace/,"Vets & Animal Care in Val de Grace, Pretoria",1,val-de-grace-vet-crew-val-de-grace,Val de Grace Vet CREW
https://pretoriahub.com/category/vets-animal-care/willow-glen/,"Vets & Animal Care in Willow Glen, Pretoria",1,willow-park-animal-hospital-willow-glen,Willow Park Animal Hospital
https://pretoriahub.com/category/wedding-services/akasia/,"Wedding Services in Akasia, Pretoria",1,mon-sha-mia-venue-akasia,Mon Sha-Mia Venue
https://pretoriahub.com/category/wedding-services/candlewoods-estate/,"Wedding Services in Candlewoods Estate, Pretoria",1,candlewoods-boutique-venue-candlewoods-estate,Candlewoods Boutique Venue
https://pretoriahub.com/category/wedding-services/elardus-park/,"Wedding Services in Elardus Park, Pretoria",1,accolades-decor-elardus-park,Accolades Decor
https://pretoriahub.com/category/wedding-services/grootfontein-country-estate/,"Wedding Services in Grootfontein Country Estate, Pretoria",1,iniek-boutique-grootfontein-country-estate,Iniek Boutique
https://pretoriahub.com/category/wedding-services/hesteapark/,"Wedding Services in Hesteapark, Pretoria",1,la-louise-venue-hesteapark,La Louise Venue
https://pretoriahub.com/category/wedding-services/kameeldrift/,"Wedding Services in Kameeldrift, Pretoria",1,bosboma-country-venue-kameeldrift,BosBoma - Country Venue
https://pretoriahub.com/category/wedding-services/lynnwood-manor/,"Wedding Services in Lynnwood Manor, Pretoria",1,bridal-wardrobe-lynnwood-manor,Bridal Wardrobe
https://pretoriahub.com/category/wedding-services/moregloed/,"Wedding Services in Moregloed, Pretoria",1,lynne-s-wedding-services-moregloed,Lynne's Wedding Services
https://pretoriahub.com/category/wedding-services/roodeplaat/,"Wedding Services in Roodeplaat, Pretoria",1,kieskeurige-bruidjie-roodeplaat,Kieskeurige Bruidjie
https://pretoriahub.com/category/wedding-services/thatchfield-estate/,"Wedding Services in Thatchfield Estate, Pretoria",1,ga-exclussive-holdings-thatchfield-estate,GA Exclussive Holdings
https://pretoriahub.com/category/wedding-services/zwavelpoort/,"Wedding Services in Zwavelpoort, Pretoria",1,venue-nouveau-zwavelpoort,Venue Nouveau
https://pretoriahub.com/category/accommodation/akasia/,"Accommodation in Akasia, Pretoria",2,casa-de-ross-akasia | multiloads-edms-bpk-akasia,Casa de Ross | Multiloads (Edms) BPK
https://pretoriahub.com/category/accommodation/clubview-east/,"Accommodation in Clubview East, Pretoria",2,clubview-guest-house-clubview-east | cosy-inn-clubview-east,Clubview Guest House | Cosy Inn
https://pretoriahub.com/category/accommodation/hazelwood/,"Accommodation in Hazelwood, Pretoria",2,firwood-lodge-hazelwood | waterkloof-waterkloof,Firwood Lodge | Waterkloof
https://pretoriahub.com/category/accommodation/kameeldrift-east/,"Accommodation in Kameeldrift East, Pretoria",2,bietjieplaas-kameeldrift-east | malibu-country-lodge-kameeldrift-east,BietjiePlaas | Malibu Country Lodge
https://pretoriahub.com/category/accommodation/silverlakes/,"Accommodation in Silver Lakes, Pretoria",2,casa-flora-guest-house-silverlakes | the-links-corporate-guest-house-silverlakes,Casa Flora Guest House | The Links Corporate Guest House
https://pretoriahub.com/category/accommodation/waverley/,"Accommodation in Waverley, Pretoria",2,dunwoodie-travel-lodge-waverley | mont-paradiso-guesthouse-waverley,Dunwoodie Travel Lodge | Mont Paradiso Guesthouse
https://pretoriahub.com/category/accountants/alphen-park/,"Accountants in Alphen Park, Pretoria",2,pretoria-east-taxshop-alphen-park | reach-out-financial-services-pty-ltd-alphen-park,Pretoria.East Taxshop | Reach Out Financial Services (Pty) Ltd
https://pretoriahub.com/category/accountants/annlin/,"Accountants in Annlin, Pretoria",2,hzn-group-annlin | ngv-accountants-annlin,HZN GROUP. | NGV ACCOUNTANTS
https://pretoriahub.com/category/accountants/claudius/,"Accountants in Claudius, Pretoria",2,ccs-business-consultants-claudius | cl-rus-international-consultancy-claudius,CCS Business Consultants | CLÃRUS INTERNATIONAL CONSULTANCY
https://pretoriahub.com/category/accountants/constantia-park/,"Accountants in Constantia Park, Pretoria",2,els-accountants-tax-consultants-constantia-park | tax-shop-pretoria-south-east-constantia-park,Els Accountants & Tax Consultants | Tax Shop Pretoria South-East
https://pretoriahub.com/category/accountants/doornpoort/,"Accountants in Doornpoort, Pretoria",2,lnr-accountants-doornpoort | scheffer-accountants-doornpoort,LNR Accountants | Scheffer Accountants
https://pretoriahub.com/category/accountants/east-lynne/,"Accountants in East Lynne, Pretoria",2,books-u-profit-east-lynne | sa-tax-prac-east-lynne,Books-U-Profit | SA Tax Prac
https://pretoriahub.com/category/accountants/eloffsdal/,"Accountants in Eloffsdal, Pretoria",2,melitha-consultants-eloffsdal | savantco-eloffsdal,Melitha Consultants | SavantCo
https://pretoriahub.com/category/accountants/florauna/,"Accountants in Florauna, Pretoria",2,lilla-van-der-merwe-accountants-inc-florauna | tseba-business-accountants-florauna,Lilla Van Der Merwe Accountants Inc | Tseba Business Accountants
https://pretoriahub.com/category/accountants/grootfontein-country-estate/,"Accountants in Grootfontein Country Estate, Pretoria",2,the-accountants-grootfontein-country-estate | valuesmart-business-solutions-grootfontein-country-estate,The Accountants | Valuesmart Business Solutions
https://pretoriahub.com/category/accountants/heritage-hill-estate/,"Accountants in Heritage Hill Estate, Pretoria",2,striptax-heritage-hill-estate | thrive-cfo-heritage-hill-estate,Striptax | Thrive CFO
https://pretoriahub.com/category/accountants/irene/,"Accountants in Irene, Pretoria",2,djm-tax-and-business-solutions-pty-ltd-irene | h-gordon-and-partners-incorporated-irene,DJM Tax and Business Solutions (Pty) Ltd | H. Gordon and Partners Incorporated
https://pretoriahub.com/category/accountants/kameeldrift/,"Accountants in Kameeldrift, Pretoria",2,art-accounting-solutions-kameeldrift | heunis-accounting-and-tax-solutions-pty-ltd-kameeldrift,ART Accounting Solutions | Heunis Accounting and Tax Solutions (Pty) Ltd
https://pretoriahub.com/category/accountants/kloofsig/,"Accountants in Kloofsig, Pretoria",2,e-kamson-and-company-kloofsig | pce-accountants-kloofsig,E Kamson and Company | PCE Accountants
https://pretoriahub.com/category/accountants/koedoespoort/,"Accountants in Koedoespoort, Pretoria",2,oikonomos-koedoespoort | oksa-chartered-accountants-koedoespoort,Oikonomos | OKSA Chartered Accountants
https://pretoriahub.com/category/accountants/les-marais/,"Accountants in Les Marais, Pretoria",2,digital-accounting-connexion-les-marais | louis-marais-vennote-partners-les-marais,Digital Accounting Connexion | Louis Marais & Vennote/Partners
https://pretoriahub.com/category/accountants/magalieskruin/,"Accountants in Magalieskruin, Pretoria",2,icq-accountants-hub-magalieskruin | roux-van-rooyen-accounting-inc-magalieskruin,ICQ Accountants Hub | ROUX VAN ROOYEN ACCOUNTING INC
https://pretoriahub.com/category/accountants/midstream-estate/,"Accountants in Midstream Estate, Pretoria",2,booysen-accountants-pty-ltd-gauteng-office-midstream-estate | tax-accounting-advisory-firm-sme-tax-midstream-estate,Booysen Accountants (PTY) Ltd. (Gauteng Office) | Tax Accounting & Advisory Firm | SME.TAX
https://pretoriahub.com/category/accountants/raslouw/,"Accountants in Raslouw, Pretoria",2,oab-chartered-accountants-raslouw | tulip-management-accounting-services-raslouw,OAB Chartered Accountants | Tulip Management Accounting Services
https://pretoriahub.com/category/accountants/rooihuiskraal/,"Accountants in Rooihuiskraal, Pretoria",2,folex-accounting-services-rooihuiskraal | tributum-accounting-rooihuiskraal,Folex Accounting Services | TRIBUTUM Accounting
https://pretoriahub.com/category/accountants/thatchfield-estate/,"Accountants in Thatchfield Estate, Pretoria",2,manoah-consulting-jhb-thatchfield-estate | muofhe-business-accountants-thatchfield-estate,Manoah Consulting Jhb | Muofhe Business Accountants
https://pretoriahub.com/category/accountants/the-orchards/,"Accountants in The Orchards, Pretoria",2,bokakwena-pty-ltd-the-orchards | lagab-financial-services-the-orchards,BOKAKWENA(PTY)LTD | Lagab Financial Services
https://pretoriahub.com/category/accountants/waterkloof-park/,"Accountants in Waterkloof Park, Pretoria",2,charis-business-concepts-waterkloof-park | hcl-financial-services-waterkloof-park,CHARIS BUSINESS CONCEPTS | HCL Financial Services
https://pretoriahub.com/category/accountants/waverley/,"Accountants in Waverley, Pretoria",2,breytenbach-van-niekerk-accountants-waverley | venter-en-kie-ouditeure-waverley,Breytenbach & Van Niekerk Accountants | Venter en Kie Ouditeure
https://pretoriahub.com/category/accountants/wierdapark/,"Accountants in Wierdapark, Pretoria",2,arlis-accounting-pty-ltd-wierdapark | axxess-accounting-pty-ltd-wierdapark,Arlis Accounting (Pty) Ltd | Axxess Accounting (Pty) Ltd
https://pretoriahub.com/category/attorneys-legal/amandasig/,"Attorneys & Legal Services in Amandasig, Pretoria",2,adv-lynn-human-amandasig | ncube-madisha-attorneys-amandasig,Adv.Lynn Human | Ncube-Madisha Attorneys
https://pretoriahub.com/category/attorneys-legal/blue-valley-golf-estate/,"Attorneys & Legal Services in Blue Valley Golf Estate, Pretoria",2,oak-law-commercial-attorneys-blue-valley-golf-estate | snyman-de-jager-attorneys-centurion-blue-valley-golf-estate,OAK Law - Commercial Attorneys | Snyman de Jager Attorneys - Centurion
https://pretoriahub.com/category/attorneys-legal/brummeria/,"Attorneys & Legal Services in Brummeria, Pretoria",2,cornel-botha-attorneys-brummeria | seesa-pty-ltd-brummeria,Cornel Botha Attorneys | SEESA (Pty) Ltd
https://pretoriahub.com/category/attorneys-legal/buffelsdrift/,"Attorneys & Legal Services in Buffelsdrift, Pretoria",2,aj-kempen-incorporated-buffelsdrift | venter-and-geldenhuys-inc-buffelsdrift,AJ Kempen Incorporated | Venter and Geldenhuys Inc.
https://pretoriahub.com/category/attorneys-legal/centurion-central/,"Attorneys & Legal Services in Centurion Central, Pretoria",2,centurion-chambers-centurion-central | docnetics-pty-ltd-centurion-central,Centurion Chambers | Docnetics Pty Ltd
https://pretoriahub.com/category/attorneys-legal/clydesdale/,"Attorneys & Legal Services in Clydesdale, Pretoria",2,3-properties-parris-inc-clydesdale | arnoud-van-den-bout-inc-attorneys-pretoria-clydesdale,3% Properties - Parris Inc. | Arnoud van den Bout Inc. Attorneys - Pretoria
https://pretoriahub.com/category/attorneys-legal/constantia-park/,"Attorneys & Legal Services in Constantia Park, Pretoria",2,marius-blom-inc-constantia-park | rathidili-attorneys-inc-constantia-park,Marius Blom Inc. | Rathidili Attorneys Inc.
https://pretoriahub.com/category/attorneys-legal/erasmuskloof/,"Attorneys & Legal Services in Erasmuskloof, Pretoria",2,fourie-badenhorst-inc-erasmuskloof | nvza-inc-attorneys-erasmuskloof,Fourie Badenhorst Inc. | NVZA Inc. Attorneys
https://pretoriahub.com/category/attorneys-legal/kloofsig/,"Attorneys & Legal Services in Kloofsig, Pretoria",2,simplex-group-kloofsig | vermaak-attorneys-kloofsig,Simplex Group | Vermaak Attorneys
https://pretoriahub.com/category/attorneys-legal/lyttelton-manor/,"Attorneys & Legal Services in Lyttelton Manor, Pretoria",2,dp-du-plessis-inc-lyttelton-manor | mkhonto-and-ngwenya-inc-lyttelton-manor,DP DU PLESSIS INC | Mkhonto and Ngwenya Inc
https://pretoriahub.com/category/attorneys-legal/magalieskruin/,"Attorneys & Legal Services in Magalieskruin, Pretoria",2,pta-boedels-pty-ltd-magalieskruin | secure-legacy-south-africa-magalieskruin,PTA BOEDELS (PTY) LTD | Secure Legacy South Africa
https://pretoriahub.com/category/attorneys-legal/montana-park/,"Attorneys & Legal Services in Montana Park, Pretoria",2,baartman-du-plessis-attorneys-montana-park | ml-schoeman-attorneys-montana-park,Baartman & Du Plessis Attorneys | ML Schoeman Attorneys
https://pretoriahub.com/category/attorneys-legal/pierre-van-ryneveld-park/,"Attorneys & Legal Services in Pierre van Ryneveld Park, Pretoria",2,breitenbach-attorneys-inc-pierre-van-ryneveld-park | vdt-attorneys-inc-pierre-van-ryneveld-park,Breitenbach Attorneys Inc | VDT Attorneys Inc
https://pretoriahub.com/category/attorneys-legal/pretoria-north/,"Attorneys & Legal Services in Pretoria North, Pretoria",2,gerneke-potgieter-attorneys-pretoria-north | sambo-and-makgabutlane-attorneys-pretoria-north,Gerneke & Potgieter Attorneys | Sambo and Makgabutlane Attorneys
https://pretoriahub.com/category/attorneys-legal/queenswood/,"Attorneys & Legal Services in Queenswood, Pretoria",2,dawie-beyers-attorneys-queenswood | jm-roodt-incorporated-queenswood,DAWIE BEYERS ATTORNEYS | JM ROODT INCORPORATED
https://pretoriahub.com/category/attorneys-legal/rietvalleirand/,"Attorneys & Legal Services in Rietvalleirand, Pretoria",2,booyens-law-rietvalleirand | de-villiers-pheiffer-attorneys-rietvalleirand,Booyens Law | De Villiers & Pheiffer Attorneys
https://pretoriahub.com/category/attorneys-legal/southdowns/,"Attorneys & Legal Services in Southdowns, Pretoria",2,boshoff-smith-attorneys-southdowns | kld-attorneys-southdowns,Boshoff & Smith Attorneys | KLD Attorneys
https://pretoriahub.com/category/attorneys-legal/waterkloof-park/,"Attorneys & Legal Services in Waterkloof Park, Pretoria",2,brits-law-incorporated-waterkloof-park | wvdm-attorneys-inc-waterkloof-park,Brits Law Incorporated | WVDM Attorneys Inc
https://pretoriahub.com/category/attorneys-legal/wierdapark/,"Attorneys & Legal Services in Wierdapark, Pretoria",2,blackbeard-attorneys-inc-wierdapark | trytsman-attorneys-wierdapark,Blackbeard Attorneys Inc | Trytsman Attorneys
https://pretoriahub.com/category/attorneys-legal/wingate-park/,"Attorneys & Legal Services in Wingate Park, Pretoria",2,anton-boswel-associates-wingate-park | van-der-hoeven-smith-attorneys-wingate-park,Anton Boswel & Associates | Van Der Hoeven Smith Attorneys
https://pretoriahub.com/category/attorneys-legal/woodhill-golf-estate/,"Attorneys & Legal Services in Woodhill Golf Estate, Pretoria",2,chantel-van-heerden-incorporated-woodhill-golf-estate | engelbrecht-attorneys-at-law-woodhill-golf-estate,Chantel Van Heerden Incorporated | Engelbrecht Attorneys at Law
https://pretoriahub.com/category/automotive-repairs/brooklands-lifestyle-estate/,"Automotive & Repairs in Brooklands Lifestyle Estate, Pretoria",2,samrand-panel-beaters-brooklands-lifestyle-estate | turf-mobile-panel-beaters-brooklands-lifestyle-estate,Samrand Panel Beaters | Turf Mobile Panel Beaters
https://pretoriahub.com/category/automotive-repairs/florauna/,"Automotive & Repairs in Florauna, Pretoria",2,prime-auto-glass-florauna | suntinco-florauna,Prime Auto Glass | Suntinco
https://pretoriahub.com/category/automotive-repairs/hazeldean/,"Automotive & Repairs in Hazeldean, Pretoria",2,bestdrive-silverlakes-fundi-tyres-hazeldean | shield-express-car-wash-hazeldean-square-hazeldean,Bestdrive Silverlakes | Fundi Tyres | Shield Express Car Wash Hazeldean Square
https://pretoriahub.com/category/automotive-repairs/jan-niemand-park/,"Automotive & Repairs in Jan Niemand Park, Pretoria",2,pretoria-east-testing-station-jan-niemand-park | van-zyls-autobody-jan-niemand-park,Pretoria East Testing Station | Van Zyl's Autobody
https://pretoriahub.com/category/automotive-repairs/kameeldrift/,"Automotive & Repairs in Kameeldrift, Pretoria",2,fisa-automotive-service-kameeldrift | jdp-speed-kameeldrift,FISA Automotive Service | JDP Speed
https://pretoriahub.com/category/automotive-repairs/koedoespoort/,"Automotive & Repairs in Koedoespoort, Pretoria",2,c-v-repair-services-koedoespoort | macpro-panelbeaters-koedoespoort,C.V. Repair Services | Macpro Panelbeaters
https://pretoriahub.com/category/automotive-repairs/lyttelton-manor/,"Automotive & Repairs in Lyttelton Manor, Pretoria",2,centurion-autotech-lyttelton-manor | diamond-cut-company-lyttelton-manor,Centurion Autotech | Diamond cut Company
https://pretoriahub.com/category/automotive-repairs/mayville/,"Automotive & Repairs in Mayville, Pretoria",2,gezina-road-worthy-mayville | pro-master-mechanical-mayville,Gezina Road Worthy | Pro-Master Mechanical
https://pretoriahub.com/category/automotive-repairs/olievenhoutbosch/,"Automotive & Repairs in Olievenhoutbosch, Pretoria",2,hyundai-centurion | landrover-centurion,Hyundai | Landrover
https://pretoriahub.com/category/automotive-repairs/raslouw/,"Automotive & Repairs in Raslouw, Pretoria",2,universal-coolers-raslouw | workshop-lpm-trading-raslouw,Universal Coolers | Workshop@LPM Trading
https://pretoriahub.com/category/automotive-repairs/rietfontein/,"Automotive & Repairs in Rietfontein, Pretoria",2,roelf-s-auto-electrical-rietfontein | unique-motorsport-rietfontein,Roelf's Auto Electrical | Unique Motorsport
https://pretoriahub.com/category/automotive-repairs/willow-park-manor/,"Automotive & Repairs in Willow Park Manor, Pretoria",2,pro-beat-auto-body-willow-park-manor | pro-tec-panel-beaters-willow-park-manor,Pro Beat Auto Body | Pro-tec Panel beaters
https://pretoriahub.com/category/automotive-repairs/wonderboom/,"Automotive & Repairs in Wonderboom, Pretoria",2,car-service-city-wonderboom-wonderboom | wonderboom-car-service-wonderboom,Car Service City - Wonderboom | Wonderboom Car Service
https://pretoriahub.com/category/beauty-hair-salons/erasmuskloof/,"Beauty & Hair Salons in Erasmuskloof, Pretoria",2,knipit-erasmuskloof | vivior-laser-beauty-studio-erasmuskloof,Knipit | Vivior Laser & Beauty Studio
https://pretoriahub.com/category/beauty-hair-salons/midstream-estate/,"Beauty & Hair Salons in Midstream Estate, Pretoria",2,fox-wolf-midstream-midstream-estate | gloss-glo-midstream-midstream-estate,Fox & Wolf Midstream | Gloss&Glo Midstream
https://pretoriahub.com/category/beauty-hair-salons/rooihuiskraal-north/,"Beauty & Hair Salons in Rooihuiskraal North, Pretoria",2,beautiful-escape-health-and-beauty-rooihuiskraal-north | salt-beauty-bar-rooihuiskraal-north,Beautiful Escape Health and Beauty | SALT Beauty Bar
https://pretoriahub.com/category/beauty-hair-salons/wonderboom/,"Beauty & Hair Salons in Wonderboom, Pretoria",2,gold-mane-hair-salon-wonderboom | wonders-hair-studio-wonderboom,Gold Mane Hair Salon | Wonder's Hair Studio
https://pretoriahub.com/category/books-stationery/dorandia/,"Books & Stationery in Dorandia, Pretoria",2,advanced-printer-ink-technologies-dorandia | dorandia-stationeru-dorandia,ADVANCED PRINTER-INK TECHNOLOGIES | Dorandia Stationeru
https://pretoriahub.com/category/books-stationery/doringkloof/,"Books & Stationery in Doringkloof, Pretoria",2,compleo-doringkloof | forum-stationers-doringkloof-doringkloof,Compleo | Forum Stationers Doringkloof
https://pretoriahub.com/category/books-stationery/monument-park/,"Books & Stationery in Monument Park, Pretoria",2,lizmar-books-monument-park-monument-park | monumentpark-stationers-monument-park,Lizmar Books Monument Park | Monumentpark Stationers
https://pretoriahub.com/category/books-stationery/sinoville/,"Books & Stationery in Sinoville, Pretoria",2,daisy-business-solutions-pretoria-north-copiers-pabx-cctv-sinoville | pna-sinoville-sinoville,Daisy Business Solutions Pretoria North - COPIERS - PABX - CCTV | PNA Sinoville
https://pretoriahub.com/category/books-stationery/wierdapark/,"Books & Stationery in Wierdapark, Pretoria",2,lizmar-books-wierdapark-wierdapark | printer-cartridges-wierdapark,Lizmar Books Wierdapark | Printer Cartridges
https://pretoriahub.com/category/books-stationery/wingate-park/,"Books & Stationery in Wingate Park, Pretoria",2,cat-ink-and-toners-pty-ltd-experts-in-quality-printer-consumables-wingate-park | pna-castle-gate-lifestyle-wingate-park,CAT Ink and Toners (Pty) Ltd (Experts in Quality Printer Consumables) | PNA Castle Gate Lifestyle
https://pretoriahub.com/category/building-construction/annlin/,"Building & Construction in Annlin, Pretoria",2,calabash-conracting-works-annlin | hybrid-liquid-rubber-sa-annlin-annlin,Calabash Conracting Works | Hybrid Liquid Rubber SA Annlin
https://pretoriahub.com/category/building-construction/blue-valley-golf-estate/,"Building & Construction in Blue Valley Golf Estate, Pretoria",2,rnc-stainless-by-design-blue-valley-golf-estate | trans-african-concessions-blue-valley-golf-estate,RNC Stainless By Design | Trans African Concessions
https://pretoriahub.com/category/building-construction/boardwalk-manor/,"Building & Construction in Boardwalk Manor, Pretoria",2,baldrcon-group-boardwalk-manor | bamolapisi-construction-and-plant-services-boardwalk-manor,BALDRCON GROUP | Bamolapisi Construction and Plant Services
https://pretoriahub.com/category/building-construction/bronberrik/,"Building & Construction in Bronberrik, Pretoria",2,dynatron-group-bronberrik | steel-and-pipes-for-africa-bronberrik,Dynatron Group | Steel and Pipes for Africa
https://pretoriahub.com/category/building-construction/brummeria/,"Building & Construction in Brummeria, Pretoria",2,cush-developments-brummeria | radon-projects-brummeria,Cush Developments | Radon Projects
https://pretoriahub.com/category/building-construction/buffelsdrift/,"Building & Construction in Buffelsdrift, Pretoria",2,amkhoib-contractor-consultants-pty-ltd-buffelsdrift | blue-bridge-construction-buffelsdrift,AMKHOIB CONTRACTOR CONSULTANTS (PTY) Ltd | Blue Bridge Construction
https://pretoriahub.com/category/building-construction/celtisdal/,"Building & Construction in Celtisdal, Pretoria",2,creators-celtisdal | mshandukani-holdings-celtisdal,Creators | Mshandukani Holdings
https://pretoriahub.com/category/building-construction/claudius/,"Building & Construction in Claudius, Pretoria",2,centurion-cement-screeds-claudius | iqra-shop-fitter-claudius,Centurion Cement Screeds | Iqra Shop Fitter
https://pretoriahub.com/category/building-construction/clubview/,"Building & Construction in Clubview, Pretoria",2,lpm-steel-pty-ltd-clubview | paving-centurion-clubview,LPM Steel (Pty) Ltd | Paving Centurion
https://pretoriahub.com/category/building-construction/constantia-park/,"Building & Construction in Constantia Park, Pretoria",2,howes-designs-constantia-park | mgb-konstruksie-constantia-park,HOWES' DESIGNS | MGB Konstruksie
https://pretoriahub.com/category/building-construction/eldo-lakes-estate/,"Building & Construction in Eldo Lakes Estate, Pretoria",2,enlightened-group-of-companies-eldo-lakes-estate | rms-projects-pty-ltd-eldo-lakes-estate,ENLIGHTENED GROUP OF COMPANIES | RMS Projects (Pty) Ltd
https://pretoriahub.com/category/building-construction/erasmusrand/,"Building & Construction in Erasmusrand, Pretoria",2,brizoway-construction-erasmusrand | nusacon-erasmusrand,Brizoway Construction | NUSACON
https://pretoriahub.com/category/building-construction/glen-lauriston/,"Building & Construction in Glen Lauriston, Pretoria",2,bosele-consulting-glen-lauriston | pccm-construction-maintenace-glen-lauriston,Bosele Consulting | PCCM construction & maintenace
https://pretoriahub.com/category/building-construction/karenpark/,"Building & Construction in Karenpark, Pretoria",2,katsedi-homes-karenpark | t-m-electrical-website-karenpark,katsedi Homes | T & M Electrical Website
https://pretoriahub.com/category/building-construction/kosmosdal/,"Building & Construction in Kosmosdal, Pretoria",2,edladleni-trading-and-projects-kosmosdal | khato-civils-pty-ltd-kosmosdal,Edladleni Trading and Projects | Khato Civils (Pty) Ltd
https://pretoriahub.com/category/building-construction/les-marais/,"Building & Construction in Les Marais, Pretoria",2,proseal-waterproofing-les-marais | smk-projects-pools-renovations-les-marais,ProSeal - Waterproofing | SMK PROJECTS Pools & Renovations
https://pretoriahub.com/category/building-construction/lotus-gardens/,"Building & Construction in Lotus Gardens, Pretoria",2,brick-and-motta-projects-pty-ltd-lotus-gardens | mlk-corporation-pty-ltd-lotus-gardens,Brick and Motta Projects (Pty) Ltd | MLK Corporation (Pty) Ltd
https://pretoriahub.com/category/building-construction/lyttelton-manor/,"Building & Construction in Lyttelton Manor, Pretoria",2,metier-concrete-centurion-lyttelton-manor | ontime-readymix-concrete-centurion-plant-lyttelton-manor,Metier Concrete Centurion | Ontime Readymix Concrete - Centurion Plant
https://pretoriahub.com/category/building-construction/monavoni/,"Building & Construction in Monavoni, Pretoria",2,bosvark-development-monavoni | paint-kingdom-monavoni,Bosvark Development | Paint Kingdom
https://pretoriahub.com/category/building-construction/montana-park/,"Building & Construction in Montana Park, Pretoria",2,blast-it-vapour-blasting-montana-park | uninetwork-montana-park,Blast-it Vapour Blasting | UniNetwork
https://pretoriahub.com/category/building-construction/mooiplaats/,"Building & Construction in Mooiplaats, Pretoria",2,bronberg-trading-mooiplaats | square-edge-construction-projects-mooiplaats,Bronberg Trading | Square Edge Construction Projects
https://pretoriahub.com/category/building-construction/moregloed/,"Building & Construction in Moregloed, Pretoria",2,atw-construction-pty-ltd-moregloed | handyman-frans-moregloed,ATW Construction (Pty) Ltd | Handyman Frans
https://pretoriahub.com/category/building-construction/muckleneuk/,"Building & Construction in Muckleneuk, Pretoria",2,falcon-projects-muckleneuk | l-civils-pty-ltd-muckleneuk,Falcon Projects | L Civils (Pty) LTD
https://pretoriahub.com/category/building-construction/ninapark/,"Building & Construction in Ninapark, Pretoria",2,holimo-merero-projects-ninapark | wildebeest-air-pty-ltd-ninapark,Holimo Merero Projects | Wildebeest Air (Pty) Ltd
https://pretoriahub.com/category/building-construction/queenswood/,"Building & Construction in Queenswood, Pretoria",2,ceiling-experts-queenswood | dwj-projects-queenswood,Ceiling Experts | DWJ Projects
https://pretoriahub.com/category/building-construction/rietondale/,"Building & Construction in Rietondale, Pretoria",2,buffalo-sa-rietondale | ecotech-rietondale,Buffalo SA | Ecotech
https://pretoriahub.com/category/building-construction/rietvalleirand/,"Building & Construction in Rietvalleirand, Pretoria",2,boutel-projects-rietvalleirand | mzansi-improvements-pty-ltd-rietvalleirand,Boutel Projects | Mzansi Improvements (Pty) Ltd
https://pretoriahub.com/category/building-construction/rooiwal/,"Building & Construction in Rooiwal, Pretoria",2,ferna-contactors-kontrakteurs-rooiwal | giant-engineering-cc-rooiwal,"Ferna Contactors, Kontrakteurs | Giant Engineering cc"
https://pretoriahub.com/category/building-construction/southdowns/,"Building & Construction in Southdowns, Pretoria",2,l-con-projects-southdowns | procm-the-owners-team-southdowns,L-Con Projects | ProCM - The Owners' Team
https://pretoriahub.com/category/building-construction/sunderland-ridge/,"Building & Construction in Sunderland Ridge, Pretoria",2,dziner-homes-sunderland-ridge | raft-crete-sunderland-ridge,DZINER HOMES | Raft Crete
https://pretoriahub.com/category/building-construction/tijger-valley/,"Building & Construction in Tijger Valley, Pretoria",2,excelsus-group-tijger-valley | speciality-waterproof-roof-tijger-valley,Excelsus Group | Speciality Waterproof & Roof
https://pretoriahub.com/category/building-construction/waltloo/,"Building & Construction in Waltloo, Pretoria",2,africa-sandblasting-waltloo | n2-steel-works-waltloo,Africa sandblasting | N2 Steel Works
https://pretoriahub.com/category/building-construction/wierdapark/,"Building & Construction in Wierdapark, Pretoria",2,cbc-building-projects-wierdapark | mhlangawethu-trading-pty-ltd-wierdapark,CBC BUILDING PROJECTS | Mhlangawethu Trading (Pty) Ltd
https://pretoriahub.com/category/business-consulting/amberfield-glen/,"Business & Management Consulting in Amberfield Glen, Pretoria",2,permasize-investments-pty-ltd-amberfield-glen | tong-mongalo-corporate-services-amberfield-glen,Permasize Investments (PTY) Ltd | Tong-Mongalo Corporate Services
https://pretoriahub.com/category/business-consulting/celtisdal/,"Business & Management Consulting in Celtisdal, Pretoria",2,crowd1centurion-celtisdal | lugisani-development-projects-celtisdal,Crowd1Centurion | Lugisani Development Projects
https://pretoriahub.com/category/business-consulting/cornwall-hill-estate/,"Business & Management Consulting in Cornwall Hill Estate, Pretoria",2,actioncoach-cornwall-hill-estate | actioncoach-pieter-scholtz-cornwall-hill-estate,ActionCOACH | ActionCOACH Pieter Scholtz
https://pretoriahub.com/category/business-consulting/donkerhoek/,"Business & Management Consulting in Donkerhoek, Pretoria",2,pta-oos-woonwa-kliniek-donkerhoek | virtual-productivity-solutions-donkerhoek,pta oos woonwa kliniek | Virtual Productivity Solutions
https://pretoriahub.com/category/business-consulting/doornpoort/,"Business & Management Consulting in Doornpoort, Pretoria",2,cathy-van-onselen-doornpoort | teqco-doornpoort,Cathy Van Onselen | Teqco
https://pretoriahub.com/category/business-consulting/eersterust/,"Business & Management Consulting in Eersterust, Pretoria",2,inanda-data-networkings-eersterust | jovans-business-compliance-services-eersterust,Inanda Data Networkings | Jovans Business Compliance Services
https://pretoriahub.com/category/business-consulting/eldorette/,"Business & Management Consulting in Eldorette, Pretoria",2,business-registration-warehouse-eldorette | cipc-registrations-eldorette,Business Registration Warehouse | CIPC Registrations
https://pretoriahub.com/category/business-consulting/hennopspark/,"Business & Management Consulting in Hennopspark, Pretoria",2,design7-io-hennopspark | glass-partners-north-pty-ltd-hennopspark,Design7.io | Glass Partners North (Pty) LTD
https://pretoriahub.com/category/business-consulting/kameeldrift/,"Business & Management Consulting in Kameeldrift, Pretoria",2,bravura-group-kameeldrift | lubbes-trust-pty-ltd-kameeldrift,Bravura Group | Lubbes Trust (Pty) Ltd
https://pretoriahub.com/category/business-consulting/lyttelton/,"Business & Management Consulting in Lyttelton, Pretoria",2,ldr-international-lyttelton | sa-primelink-lyttelton,LDR International | SA PrimeLink
https://pretoriahub.com/category/business-consulting/midstream-ridge/,"Business & Management Consulting in Midstream Ridge, Pretoria",2,creciente-consulting-midstream-ridge | the-hr-nephew-midstream-ridge,Creciente Consulting | The HR Nephew
https://pretoriahub.com/category/business-consulting/moregloed/,"Business & Management Consulting in Moregloed, Pretoria",2,faolan-consulting-moregloed | msp-consultants-moregloed,Faolan Consulting | MSP Consultants
https://pretoriahub.com/category/business-consulting/raslouw/,"Business & Management Consulting in Raslouw, Pretoria",2,retail-star-raslouw | soar-centre-raslouw,Retail Star | SOAR Centre
https://pretoriahub.com/category/business-consulting/rooihuiskraal-north/,"Business & Management Consulting in Rooihuiskraal North, Pretoria",2,aomps-pty-ltd-rooihuiskraal-north | lebuy-corporate-services-rooihuiskraal-north,AOMPS PTY Ltd | Lebuy Corporate Services
https://pretoriahub.com/category/business-consulting/sable-hills-waterfront-estate/,"Business & Management Consulting in Sable Hills Waterfront Estate, Pretoria",2,somakhawula-language-consultancy-sable-hills-waterfront-estate | vindit-sable-hills-waterfront-estate,Somakhawula Language consultancy | vinDIT
https://pretoriahub.com/category/business-consulting/sunderland-ridge/,"Business & Management Consulting in Sunderland Ridge, Pretoria",2,ariston-south-africa-sunderland-ridge | envine-solutions-sunderland-ridge,Ariston South Africa | ENVINE SOLUTIONS
https://pretoriahub.com/category/business-consulting/the-orchards/,"Business & Management Consulting in The Orchards, Pretoria",2,kingdom-relations-solutions-the-orchards | mg-executive-protection-services-the-orchards,Kingdom Relations Solutions | MG Executive Protection Services
https://pretoriahub.com/category/business-consulting/tijger-valley/,"Business & Management Consulting in Tijger Valley, Pretoria",2,crossroad-consulting-tijger-valley | soar-solutions-tijger-valley,Crossroad Consulting | SOAR Solutions
https://pretoriahub.com/category/business-consulting/villieria/,"Business & Management Consulting in Villieria, Pretoria",2,bizbot-systems-villieria | context-africa-villieria,Bizbot Systems | Context Africa
https://pretoriahub.com/category/business-consulting/weavind-park/,"Business & Management Consulting in Weavind Park, Pretoria",2,africa-disability-alliance-weavind-park | bizco-consulting-weavind-park,Africa Disability Alliance | Bizco Consulting
https://pretoriahub.com/category/business-consulting/wierdapark/,"Business & Management Consulting in Wierdapark, Pretoria",2,amphi-human-capital-development-wierdapark | beehive-consulting-wierdapark,AMPHI Human Capital Development | BEEhive Consulting
https://pretoriahub.com/category/business-consulting/zwavelpoort/,"Business & Management Consulting in Zwavelpoort, Pretoria",2,national-chicks-zwavelpoort | th-vision-business-development-zwavelpoort,National chicks | TH-Vision (Business Development )
https://pretoriahub.com/category/butcheries/hazeldean/,"Butcheries in Hazeldean, Pretoria",2,fleisherei-deli-hazeldean | hokaai-meat-market-silverlakes-hazeldean,Fleisherei Deli | Hokaai Meat Market - Silverlakes
https://pretoriahub.com/category/butcheries/rooihuiskraal/,"Butcheries in Rooihuiskraal, Pretoria",2,eskort-store-centurion-rooihuiskraal | meat-world-gateway-rooihuiskraal,Eskort Store Centurion | Meat World Gateway
https://pretoriahub.com/category/butcheries/wolmer/,"Butcheries in Wolmer, Pretoria",2,pretoria-noord-vleismark-wolmer | the-croc-meat-company-wolmer,Pretoria Noord Vleismark | The Croc Meat Company
https://pretoriahub.com/category/car-dealerships/akasia/,"Car Dealerships in Akasia, Pretoria",2,bakwena-auto-sales-akasia | faw-pretoria-rosslyn-akasia,"Bakwena Auto Sales | FAW Pretoria, Rosslyn"
https://pretoriahub.com/category/car-dealerships/irene/,"Car Dealerships in Irene, Pretoria",2,avis-centurion | barloworld-toyota-centurion-centurion,AVIS | Barloworld Toyota Centurion
https://pretoriahub.com/category/car-dealerships/mayville/,"Car Dealerships in Mayville, Pretoria",2,auto-plus-mayville | struben-street-motors-mayville,AUTO PLUS | Struben Street Motors
https://pretoriahub.com/category/car-dealerships/pretoria-central/,"Car Dealerships in Pretoria Central, Pretoria",2,cmh-kempster-pretoria-central | gauteng-motors-pretoria-central,CMH Kempster | Gauteng Motors
https://pretoriahub.com/category/car-dealerships/rooihuiskraal/,"Car Dealerships in Rooihuiskraal, Pretoria",2,everstar-industries-rooihuiskraal | sandown-commercial-vehicles-centurion-rooihuiskraal,Everstar Industries | Sandown Commercial Vehicles Centurion
https://pretoriahub.com/category/cleaning-services/akasia/,"Cleaning Services in Akasia, Pretoria",2,geodyn-solutions-south-africa-akasia | nn-metals-rosslyn-pty-ltd-akasia,Geodyn Solutions South Africa | NN METALS ROSSLYN PTY LTD
https://pretoriahub.com/category/cleaning-services/brooklands-lifestyle-estate/,"Cleaning Services in Brooklands Lifestyle Estate, Pretoria",2,bidvest-prestige-pretoria-brooklands-lifestyle-estate | zuzukasidney-trading-brooklands-lifestyle-estate,Bidvest Prestige Pretoria | Zuzukasidney Trading
https://pretoriahub.com/category/cleaning-services/clubview/,"Cleaning Services in Clubview, Pretoria",2,crisp-and-clean-clubview-clubview | pressure-works-sa-clubview,Crisp and Clean Clubview | Pressure Works SA
https://pretoriahub.com/category/cleaning-services/doornpoort/,"Cleaning Services in Doornpoort, Pretoria",2,clean-bright-cleaning-service-doornpoort | doornpoort-fast-maids-care-doornpoort,Clean Bright Cleaning Service | Doornpoort Fast Maids & Care
https://pretoriahub.com/category/cleaning-services/eco-park/,"Cleaning Services in Eco-Park, Pretoria",2,earth-gleam-eco-park | pressed-in-time-eco-boulevard-centurion-eco-park,"Earth Gleam | Pressed In Time, Eco Boulevard, Centurion"
https://pretoriahub.com/category/cleaning-services/eersterust/,"Cleaning Services in Eersterust, Pretoria",2,eersterust-grave-cleaning-group-eersterust | geraldo-trading-pty-ltd-eersterust,Eersterust Grave Cleaning Group | Geraldo Trading (Pty)Ltd
https://pretoriahub.com/category/cleaning-services/hennopspark/,"Cleaning Services in Hennopspark, Pretoria",2,capital-m-laundry-hennopspark-hennopspark | federal-africlean-cleaning-services-hennopspark,Capital M Laundry Hennopspark | Federal Africlean Cleaning Services
https://pretoriahub.com/category/cleaning-services/lotus-gardens/,"Cleaning Services in Lotus Gardens, Pretoria",2,bincaretakers-sa-lotus-gardens | mutclean-lotus-gardens,BinCareTakers SA | MutClean
https://pretoriahub.com/category/cleaning-services/moregloed/,"Cleaning Services in Moregloed, Pretoria",2,cic-cleaning-services-moregloed | infinity-skips-moregloed,CIC Cleaning Services | Infinity Skips
https://pretoriahub.com/category/cleaning-services/pierre-van-ryneveld-park/,"Cleaning Services in Pierre van Ryneveld Park, Pretoria",2,bspp-cleaning-services-pierre-van-ryneveld-park | duster-dollies-pty-ltd-pierre-van-ryneveld-park,BSPP CLEANING SERVICES | Duster Dollies (PTY)LTD
https://pretoriahub.com/category/cleaning-services/theresapark/,"Cleaning Services in Theresapark, Pretoria",2,bower-and-associates-theresapark | global-cleaning-solutions-theresapark,Bower and Associates | Global Cleaning Solutions
https://pretoriahub.com/category/cleaning-services/wapadrand/,"Cleaning Services in Wapadrand, Pretoria",2,the-cleaners-dry-cleaning-laundry-wapadrand | wapadrand-care-sparkle-maids-wapadrand,The Cleaners Dry Cleaning/ Laundry | Wapadrand Care & Sparkle Maids
https://pretoriahub.com/category/cleaning-services/waverley/,"Cleaning Services in Waverley, Pretoria",2,blueprint-laundry-services-waverley-waverley | ck-waverley-house-cleaning-carpet-cleaninh-waverley,BluePrint Laundry Services Waverley | CK Waverley House Cleaning & Carpet Cleaninh
https://pretoriahub.com/category/clinics-healthcare/de-wilgers/,"Clinics & Healthcare in De Wilgers, Pretoria",2,lancet-laboratories-wilgers-hospital-medical-centre-depot-de-wilgers | wilgers-mri-department-magnetic-resonance-imaging-de-wilgers,Lancet Laboratories - Wilgers Hospital Medical Centre (Depot) | Wilgers MRI Department (Magnetic Resonance Imaging)
https://pretoriahub.com/category/clinics-healthcare/erasmuskloof/,"Clinics & Healthcare in Erasmuskloof, Pretoria",2,cure-day-hospitals-erasmuskloof-erasmuskloof | mediclinic-kloof-erasmuskloof,Cure Day Hospitals Erasmuskloof | Mediclinic Kloof
https://pretoriahub.com/category/clinics-healthcare/grootfontein-country-estate/,"Clinics & Healthcare in Grootfontein Country Estate, Pretoria",2,grootfontein-health-wellness-grootfontein-country-estate | juniper-green-health-grootfontein-country-estate,Grootfontein Health & Wellness | Juniper Green Health
https://pretoriahub.com/category/clinics-healthcare/hazeldean/,"Clinics & Healthcare in Hazeldean, Pretoria",2,intercare-day-hospital-hazeldean-hazeldean | the-hearing-clinic-pretoria-hazeldean,Intercare Day Hospital - Hazeldean | The Hearing Clinic (Pretoria)
https://pretoriahub.com/category/clinics-healthcare/pretoria-central/,"Clinics & Healthcare in Pretoria Central, Pretoria",2,health-zone-pharmacy-clinic-pretoria-central | peermed-health-centre-pretoria-central,Health Zone Pharmacy & Clinic | PEERMED HEALTH CENTRE
https://pretoriahub.com/category/clinics-healthcare/raslouw/,"Clinics & Healthcare in Raslouw, Pretoria",2,health-worx-medical-dental-centre-raslouw-raslouw | raslouw-private-hospital-raslouw,HEALth-WorX Medical & Dental Centre - Raslouw | Raslouw Private Hospital
https://pretoriahub.com/category/clinics-healthcare/rietondale/,"Clinics & Healthcare in Rietondale, Pretoria",2,medical-solutions-msg-rietondale | meghess-swart-medical-orthotist-and-prosthetist-rietondale,MEDICAL SOLUTIONS MSG | Meghess Swart Medical Orthotist and Prosthetist
https://pretoriahub.com/category/clinics-healthcare/wapadrand/,"Clinics & Healthcare in Wapadrand, Pretoria",2,penthouse-dental-wapadrand | wapadrand-medical-centre-wapadrand,Penthouse Dental | Wapadrand Medical Centre
https://pretoriahub.com/category/clinics-healthcare/zwavelpoort/,"Clinics & Healthcare in Zwavelpoort, Pretoria",2,rebec-mas-group-pty-ltd-zwavelpoort | zwavelstream-clinic-zwavelpoort,Rebec Mas Group pty ltd | ZwavelStream Clinic
https://pretoriahub.com/category/commercial-property-office-space/andeon/,"Commercial Property & Office Space in Andeon, Pretoria",2,auction-operations-andeon | tanya-s-private-entities-andeon,Auction Operations | Tanya’s Private Entities
https://pretoriahub.com/category/commercial-property-office-space/ashley-gardens/,"Commercial Property & Office Space in Ashley Gardens, Pretoria",2,manhattan-co-working-ashley-gardens | office-co-menlyn-ashley-gardens,Manhattan Co Working | Office Co. - Menlyn
https://pretoriahub.com/category/commercial-property-office-space/blue-valley-golf-estate/,"Commercial Property & Office Space in Blue Valley Golf Estate, Pretoria",2,pretor-group-blue-valley-golf-estate | stor-age-self-storage-rooihuiskraal-blue-valley-golf-estate,Pretor Group | Stor-Age Self Storage Rooihuiskraal
https://pretoriahub.com/category/commercial-property-office-space/bronberrik/,"Commercial Property & Office Space in Bronberrik, Pretoria",2,oxford-office-park-bronberrik | worldwide-automotive-group-bronberrik,Oxford Office Park | Worldwide Automotive Group
https://pretoriahub.com/category/commercial-property-office-space/centurion-central/,"Commercial Property & Office Space in Centurion Central, Pretoria",2,cec-centurion-central | westend-office-park-centurion-central,CEC | Westend Office Park
https://pretoriahub.com/category/commercial-property-office-space/centurion-golf-estate/,"Commercial Property & Office Space in Centurion Golf Estate, Pretoria",2,anew-hotels-resorts-head-office-and-central-reservations-centurion-golf-estate | flexispace-centurion-centurion-golf-estate,ANEW Hotels & Resorts Head Office and Central Reservations | Flexispace Centurion
https://pretoriahub.com/category/commercial-property-office-space/clubview/,"Commercial Property & Office Space in Clubview, Pretoria",2,ihs-property-management-pty-ltd-clubview | mccormick-property-development-clubview,IHS Property Management (Pty) Ltd | McCormick Property Development
https://pretoriahub.com/category/commercial-property-office-space/derdepoort/,"Commercial Property & Office Space in Derdepoort, Pretoria",2,co-space-entrepreneur-village-pretoria-derdepoort | contain-it-self-storage-derdepoort,Co.Space Entrepreneur Village | Pretoria | Contain-IT Self Storage
https://pretoriahub.com/category/commercial-property-office-space/erasmusrand/,"Commercial Property & Office Space in Erasmusrand, Pretoria",2,pan-hospitality-pty-ltd-erasmusrand | salescollab-erasmusrand,PAN Hospitality (Pty) Ltd | SalesCollab
https://pretoriahub.com/category/commercial-property-office-space/hennopspark/,"Commercial Property & Office Space in Hennopspark, Pretoria",2,records-management-sa-hennopspark | stor-age-self-storage-hennopspark-hennopspark,Records Management SA | Stor-Age Self Storage Hennopspark
https://pretoriahub.com/category/commercial-property-office-space/hermanstad/,"Commercial Property & Office Space in Hermanstad, Pretoria",2,batcon-batteries-hermanstad | leithcons-earthmoving-cc-hermanstad,Batcon Batteries | Leithcons Earthmoving CC
https://pretoriahub.com/category/commercial-property-office-space/koedoespoort/,"Commercial Property & Office Space in Koedoespoort, Pretoria",2,milnex-group-koedoespoort | tesk-amandla-pumps-koedoespoort,Milnex Group | Tesk & Amandla Pumps
https://pretoriahub.com/category/commercial-property-office-space/lynnwood-glen/,"Commercial Property & Office Space in Lynnwood Glen, Pretoria",2,paxton-property-practitioners-pty-ltd-pretoria-branch-lynnwood-glen | stradix-sa-pty-ltd-lynnwood-glen,Paxton Property Practitioners (Pty)Ltd - Pretoria Branch | Stradix SA (Pty) Ltd
https://pretoriahub.com/category/commercial-property-office-space/midlands-estate/,"Commercial Property & Office Space in Midlands Estate, Pretoria",2,co-work-at-midstream-midlands-estate | erasmus-associates-inc-midlands-estate,Co-work at Midstream | Erasmus & Associates Inc
https://pretoriahub.com/category/commercial-property-office-space/montana-gardens/,"Commercial Property & Office Space in Montana Gardens, Pretoria",2,montana-gables-office-park-montana-gardens | rfs-administrators-pty-ltd-montana-gardens,Montana Gables Office Park | RFS Administrators (Pty) Ltd
https://pretoriahub.com/category/commercial-property-office-space/monument-park/,"Commercial Property & Office Space in Monument Park, Pretoria",2,gro-properties-monument-park | monument-park-monument-park,Gro Properties | Monument Park
https://pretoriahub.com/category/commercial-property-office-space/muckleneuk/,"Commercial Property & Office Space in Muckleneuk, Pretoria",2,amalgamated-technical-services-muckleneuk | assemble-muckleneuk,Amalgamated Technical Services | ASSEMBLE
https://pretoriahub.com/category/commercial-property-office-space/parktown-estate/,"Commercial Property & Office Space in Parktown Estate, Pretoria",2,gss-turnkey-solutions-parktown-estate | metrofile-pretoria-parktown-estate,GSS TURNKEY SOLUTIONS | Metrofile Pretoria
https://pretoriahub.com/category/commercial-property-office-space/queenswood/,"Commercial Property & Office Space in Queenswood, Pretoria",2,multi-property-listing-queenswood | realty-link-queenswood,multi property listing | Realty Link
https://pretoriahub.com/category/commercial-property-office-space/rietondale/,"Commercial Property & Office Space in Rietondale, Pretoria",2,blue-knight-estates-rietondale | rubrix-community-living-administrators-rietondale,Blue Knight Estates | Rubrix Community Living Administrators
https://pretoriahub.com/category/commercial-property-office-space/riviera/,"Commercial Property & Office Space in Riviera, Pretoria",2,cosetati-trading-and-projects-riviera | np-engineering-riviera,Cosetati Trading and Projects | NP Engineering
https://pretoriahub.com/category/commercial-property-office-space/southdowns/,"Commercial Property & Office Space in Southdowns, Pretoria",2,broll-property-group-irene-southdowns | leisure-time-brokers-pty-ltd-southdowns,Broll Property Group - Irene | Leisure Time Brokers (Pty) Ltd.
https://pretoriahub.com/category/commercial-property-office-space/sunderland-ridge/,"Commercial Property & Office Space in Sunderland Ridge, Pretoria",2,golden-globe-distributors-sunderland-ridge | store4u-sunderland-ridge,Golden Globe Distributors | Store4U
https://pretoriahub.com/category/commercial-property-office-space/tijger-valley/,"Commercial Property & Office Space in Tijger Valley, Pretoria",2,citistone-tijger-valley | pma-developments-pty-ltd-tijger-valley,Citistone | PMA Developments (Pty) Ltd
https://pretoriahub.com/category/commercial-property-office-space/waterkloof-glen/,"Commercial Property & Office Space in Waterkloof Glen, Pretoria",2,colab-waterkloof-glen | salvagente-waterkloof-glen,Colab | Salvagente
https://pretoriahub.com/category/commercial-property-office-space/zwavelpoort/,"Commercial Property & Office Space in Zwavelpoort, Pretoria",2,bronberg-storage-zwavelpoort | self-storage-zwavelpoort,Bronberg Storage | Self Storage
https://pretoriahub.com/category/computer-it-services/annlin/,"Computer & IT Services in Annlin, Pretoria",2,novicus-systems-annlin | pro-it-your-technology-partner-annlin,"Novicus Systems | Pro-IT ""Your Technology Partner"""
https://pretoriahub.com/category/computer-it-services/blue-valley-golf-estate/,"Computer & IT Services in Blue Valley Golf Estate, Pretoria",2,code-masters-it-support-pretoria-blue-valley-golf-estate | pc-palace-go-blue-valley-golf-estate,Code Masters - IT Support Pretoria | PC Palace GO
https://pretoriahub.com/category/computer-it-services/brakfontein/,"Computer & IT Services in Brakfontein, Pretoria",2,evetech-centurion | ljl-business-solutions-brakfontein,Evetech | LJL Business Solutions
https://pretoriahub.com/category/computer-it-services/bronberrik/,"Computer & IT Services in Bronberrik, Pretoria",2,in-tech-business-solutions-bronberrik | network-alliance-pty-ltd-bronberrik,In-Tech Business Solutions | Network Alliance (Pty) Ltd
https://pretoriahub.com/category/computer-it-services/de-wilgers/,"Computer & IT Services in De Wilgers, Pretoria",2,fluxcon-pty-ltd-de-wilgers | iedm-de-wilgers,Fluxcon (PTY) LTD. | IEDM
https://pretoriahub.com/category/computer-it-services/die-hoewes/,"Computer & IT Services in Die Hoewes, Pretoria",2,accolade-consulting-die-hoewes | enabling-solutions-pty-ltd-die-hoewes,Accolade Consulting | Enabling Solutions Pty Ltd
https://pretoriahub.com/category/computer-it-services/dorandia/,"Computer & IT Services in Dorandia, Pretoria",2,amex-multisync-dorandia | infinity-cds-dorandia,AMEX MULTISYNC | Infinity CDS
https://pretoriahub.com/category/computer-it-services/east-lynne/,"Computer & IT Services in East Lynne, Pretoria",2,only-god-business-centre-east-lynne | titanium-link-group-east-lynne,ONLY GOD BUSINESS CENTRE | Titanium Link Group
https://pretoriahub.com/category/computer-it-services/eco-park/,"Computer & IT Services in Eco-Park, Pretoria",2,novacloud-pty-ltd-eco-park | van-technologies-eco-park,NovaCloud (Pty) Ltd | Van Technologies
https://pretoriahub.com/category/computer-it-services/eldo-lakes-estate/,"Computer & IT Services in Eldo Lakes Estate, Pretoria",2,flexiwifi-eldo-lakes-estate | ukuvuma-solutions-it-business-computer-support-and-services-eldo-lakes-estate,"FlexiWiFi | Ukuvuma Solutions - IT Business, Computer Support and Services"
https://pretoriahub.com/category/computer-it-services/eldorette/,"Computer & IT Services in Eldorette, Pretoria",2,management-electronic-systems-eldorette | solidhope-tech-pty-ltd-eldorette,Management Electronic Systems | Solidhope Tech (PTY) Ltd
https://pretoriahub.com/category/computer-it-services/hazeldean/,"Computer & IT Services in Hazeldean, Pretoria",2,emlek-technologies-pty-ltd-hazeldean | obaro-online-hazeldean,EMLEK TECHNOLOGIES (PTY)LTD | OBARO Online
https://pretoriahub.com/category/computer-it-services/irene/,"Computer & IT Services in Irene, Pretoria",2,africa-it-distribution-and-services-irene | optron-centurion,Africa IT Distribution and Services | Optron
https://pretoriahub.com/category/computer-it-services/kameeldrift/,"Computer & IT Services in Kameeldrift, Pretoria",2,clickmode-kameeldrift | exza-kameeldrift,Clickmode | EXZA
https://pretoriahub.com/category/computer-it-services/karenpark/,"Computer & IT Services in Karenpark, Pretoria",2,haywire-internet-solutions-karenpark | wired-wonderpark-karenpark,Haywire Internet Solutions | Wired @ Wonderpark
https://pretoriahub.com/category/computer-it-services/kosmosdal/,"Computer & IT Services in Kosmosdal, Pretoria",2,digital-parks-africa-samrand-kosmosdal | xneelo-kosmosdal,Digital Parks Africa - Samrand | Xneelo
https://pretoriahub.com/category/computer-it-services/la-montagne/,"Computer & IT Services in La Montagne, Pretoria",2,pure-it-group-la-montagne | she-runs-digital-la-montagne,Pure IT Group | SHE RUNS DIGITAL
https://pretoriahub.com/category/computer-it-services/lyttelton/,"Computer & IT Services in Lyttelton, Pretoria",2,blue-nile-consulting-lyttelton | globex-internet-services-lyttelton,Blue Nile Consulting | Globex Internet Services
https://pretoriahub.com/category/computer-it-services/magalieskruin/,"Computer & IT Services in Magalieskruin, Pretoria",2,delta-5-magalieskruin-console-and-pc-repairs-sales-and-upgrades-magalieskruin | nexus-it-solutions-pty-ltd-magalieskruin,"Delta 5 Magalieskruin - Console and PC Repairs, Sales, and Upgrades | Nexus It Solutions (PTY) Ltd"
https://pretoriahub.com/category/computer-it-services/mayville/,"Computer & IT Services in Mayville, Pretoria",2,jacawifi-mayville | talkr-communications-mayville,JacaWiFi | TALKR Communications
https://pretoriahub.com/category/computer-it-services/monavoni/,"Computer & IT Services in Monavoni, Pretoria",2,jovien-communications-monavoni | khuselo-group-monavoni,Jovien Communications | Khuselo Group
https://pretoriahub.com/category/computer-it-services/montana-park/,"Computer & IT Services in Montana Park, Pretoria",2,digi-rock-innovations-pty-ltd-montana-park | ring-mobile-pty-ltd-montana-park,DIGI ROCK INNOVATIONS (PTY) LTD | Ring Mobile (Pty) ltd
https://pretoriahub.com/category/computer-it-services/moregloed/,"Computer & IT Services in Moregloed, Pretoria",2,bas-hosting-pty-ltd-moregloed | venter-it-services-moregloed,BAS Hosting (Pty) Ltd. | Venter IT Services
https://pretoriahub.com/category/computer-it-services/olievenhoutbosch/,"Computer & IT Services in Olievenhoutbosch, Pretoria",2,technosgn-olievenhoutbosch | urban-mzansi-pty-ltd-olievenhoutbosch,TECHNOSGN | Urban Mzansi Pty(Ltd)
https://pretoriahub.com/category/computer-it-services/queenswood/,"Computer & IT Services in Queenswood, Pretoria",2,compuport-queenswood | rain-store-queenswood-queenswood,COMPUPORT | rain Store - Queenswood
https://pretoriahub.com/category/computer-it-services/rietondale/,"Computer & IT Services in Rietondale, Pretoria",2,fastbrand-technologies-rietondale | tritechnium-rietondale,Fastbrand Technologies | TRITECHNIUM
https://pretoriahub.com/category/computer-it-services/rietvalleirand/,"Computer & IT Services in Rietvalleirand, Pretoria",2,it-support-training-itst-rietvalleirand | pc-bugs-computer-reairs-rietvalleirand,IT Support & Training (ITST) | Pc Bugs Computer Reairs
https://pretoriahub.com/category/computer-it-services/sable-hills-waterfront-estate/,"Computer & IT Services in Sable Hills Waterfront Estate, Pretoria",2,bushbaby-communication-sable-hills-waterfront-estate | nova-digital-marketing-solutions-sable-hills-waterfront-estate,Bushbaby Communication | Nova Digital Marketing Solutions
https://pretoriahub.com/category/computer-it-services/southdowns/,"Computer & IT Services in Southdowns, Pretoria",2,inovo-telecom-pty-ltd-southdowns | psol-southdowns,Inovo Telecom (Pty) Ltd | PSOL
https://pretoriahub.com/category/computer-it-services/valhalla/,"Computer & IT Services in Valhalla, Pretoria",2,jsdaav-internet-solutions-cc-valhalla | void-com-valhalla,JSDAAV Internet Solutions CC | Void-Com
https://pretoriahub.com/category/computer-it-services/wapadrand/,"Computer & IT Services in Wapadrand, Pretoria",2,tech-it-all-wapadrand | westholts-wapadrand,Tech IT All | Westholts
https://pretoriahub.com/category/computer-it-services/weavind-park/,"Computer & IT Services in Weavind Park, Pretoria",2,blackboard-business-intelligence-weavind-park | trans-africa-telecoms-weavind-park,Blackboard Business Intelligence | Trans-Africa Telecoms
https://pretoriahub.com/category/computer-it-services/willow-park-manor/,"Computer & IT Services in Willow Park Manor, Pretoria",2,idealiconnect-willow-park-manor | tech-team-solutions-pty-ltd-willow-park-manor,IdealiConnect | TECH TEAM SOLUTIONS (Pty) Ltd
https://pretoriahub.com/category/dentists/lynnwood/,"Dentists in Lynnwood, Pretoria",2,dr-bertus-van-niekerk-orthodontist-lynnwood | i-love-my-smile-lynnwood,Dr Bertus van Niekerk Orthodontist | I Love My Smile
https://pretoriahub.com/category/dentists/wierdapark/,"Dentists in Wierdapark, Pretoria",2,centurion-dental-studio-wierdapark | the-gentle-dentist-wierdapark,Centurion Dental Studio | The Gentle Dentist
https://pretoriahub.com/category/doctors-gps/groenkloof/,"Doctors & GPs in Groenkloof, Pretoria",2,dr-h-jocum-waterkloof | joynt-jeannette-f-waterkloof,Dr. H Jocum | Joynt Jeannette F
https://pretoriahub.com/category/doctors-gps/lynnwood-manor/,"Doctors & GPs in Lynnwood Manor, Pretoria",2,amorie-burns-psychologist-menlyn | intercare-glenfair-menlyn,Amorie Burns Psychologist | Intercare Glenfair
https://pretoriahub.com/category/electricians/boardwalk-manor/,"Electricians in Boardwalk Manor, Pretoria",2,pretoria-east-electrical-services-boardwalk-manor | pretoria-gates-garage-doors-automation-boardwalk-manor,Pretoria East Electrical Services | PRETORIA GATES & GARAGE DOORS AUTOMATION
https://pretoriahub.com/category/electricians/daspoort/,"Electricians in Daspoort, Pretoria",2,amped-up-electrical-daspoort | jvz-electrical-daspoort,Amped Up Electrical | JVZ Electrical
https://pretoriahub.com/category/electricians/garsfontein-smallholdings/,"Electricians in Garsfontein Smallholdings, Pretoria",2,garsfontein-pretoria-electricians-plumbers-garsfontein-smallholdings | pretoria-east-gate-motor-repairs-installations-garsfontein-smallholdings,Garsfontein Pretoria Electricians & Plumbers | PRETORIA EAST GATE MOTOR REPAIRS/INSTALLATIONS
https://pretoriahub.com/category/electricians/kilner-park/,"Electricians in Kilner Park, Pretoria",2,e-connect-kilner-park | volt-trans-electrical-kilner-park,E-CONNECT | Volt-Trans Electrical
https://pretoriahub.com/category/electronics-appliances/booysens/,"Electronics & Appliances in Booysens, Pretoria",2,con-dio-communications-booysens | nelex-booysens,CON DIO Communications | NELEX®
https://pretoriahub.com/category/electronics-appliances/bronberrik/,"Electronics & Appliances in Bronberrik, Pretoria",2,locanet-electronics-bronberrik | micro-robotics-pty-ltd-bronberrik,Locanet Electronics | Micro Robotics (Pty)Ltd
https://pretoriahub.com/category/electronics-appliances/eldoraigne/,"Electronics & Appliances in Eldoraigne, Pretoria",2,centmark-systems-pty-ltd-eldoraigne | urithi-eldoraigne,Centmark Systems (PTY) LTD | Urithi
https://pretoriahub.com/category/electronics-appliances/kloofsig/,"Electronics & Appliances in Kloofsig, Pretoria",2,lyttelton-electronic-development-kloofsig | space-technology-television-kloofsig,Lyttelton Electronic Development | Space Technology/Television
https://pretoriahub.com/category/electronics-appliances/koedoespoort/,"Electronics & Appliances in Koedoespoort, Pretoria",2,eresa-pty-ltd-koedoespoort | nuvilux-koedoespoort,ERESA (PTY) LTD | Nuvilux
https://pretoriahub.com/category/electronics-appliances/magalieskruin/,"Electronics & Appliances in Magalieskruin, Pretoria",2,corporate-coffee-solutions-coffee-machines-pretoria-magalieskruin | teleshaw-electronics-magalieskruin,Corporate Coffee Solutions - Coffee Machines Pretoria | TELESHAW ELECTRONICS
https://pretoriahub.com/category/electronics-appliances/villieria/,"Electronics & Appliances in Villieria, Pretoria",2,airmatix-cc-villieria | ruiter-gaming-electronics-villieria,Airmatix CC | Ruiter Gaming & Electronics
https://pretoriahub.com/category/electronics-appliances/wingate-park/,"Electronics & Appliances in Wingate Park, Pretoria",2,c-a-t-s-pty-ltd-wingate-park | k-nig-coffee-wingate-park,C.a.T.S Pty ltd | König Coffee
https://pretoriahub.com/category/engineering-surveying/akasia/,"Engineering & Surveying Services in Akasia, Pretoria",2,atc-engineering-pty-ltd-akasia | atc-innovations-pty-ltd-akasia,ATC Engineering (Pty) Ltd | ATC Innovations (Pty) Ltd
https://pretoriahub.com/category/engineering-surveying/amandasig/,"Engineering & Surveying Services in Amandasig, Pretoria",2,best-enough-trading-projects-amandasig | imbawula-civil-projects-amandasig,Best Enough Trading & Projects | Imbawula Civil Projects
https://pretoriahub.com/category/engineering-surveying/amberfield-valley/,"Engineering & Surveying Services in Amberfield Valley, Pretoria",2,moditi-holdings-amberfield-valley | seboweng-engineering-solutions-amberfield-valley,Moditi Holdings. | Seboweng Engineering Solutions
https://pretoriahub.com/category/engineering-surveying/boardwalk-meander/,"Engineering & Surveying Services in Boardwalk Meander, Pretoria",2,fr-co-architects-boardwalk-meander | venture-otto-sa-pty-ltd-boardwalk-meander,FR+CO Architects | VENTURE OTTO SA (PTY) LTD
https://pretoriahub.com/category/engineering-surveying/booysens/,"Engineering & Surveying Services in Booysens, Pretoria",2,klr-steelworks-maintenance-repairs-pty-ltd-booysens | tshwane-turbo-diesel-mac-and-engineering-booysens,KLR STEELWORKS MAINTENANCE & REPAIRS (PTY) LTD | Tshwane Turbo Diesel Mac and Engineering
https://pretoriahub.com/category/engineering-surveying/centurion-central/,"Engineering & Surveying Services in Centurion Central, Pretoria",2,amc-consultants-centurion-centurion-central | venter-consulting-engineers-centurion-central,AMC Consultants - Centurion | Venter Consulting Engineers
https://pretoriahub.com/category/engineering-surveying/doringkloof/,"Engineering & Surveying Services in Doringkloof, Pretoria",2,equate-doringkloof | problast-bs-doringkloof,EQUATE | ProBlast BS
https://pretoriahub.com/category/engineering-surveying/eco-park/,"Engineering & Surveying Services in Eco-Park, Pretoria",2,bcx-industrial-solutions-eco-park | nako-group-eco-park,BCX - Industrial Solutions | NAKO Group
https://pretoriahub.com/category/engineering-surveying/eldoraigne/,"Engineering & Surveying Services in Eldoraigne, Pretoria",2,fanie-lombaard-engineering-services-eldoraigne | megchem-centurion-eldoraigne,Fanie Lombaard Engineering Services | Megchem - Centurion
https://pretoriahub.com/category/engineering-surveying/garsfontein-smallholdings/,"Engineering & Surveying Services in Garsfontein Smallholdings, Pretoria",2,multiprof-property-intelligence-pty-ltd-garsfontein-smallholdings | terravua-garsfontein-smallholdings,Multiprof Property Intelligence (Pty) Ltd | Terravua
https://pretoriahub.com/category/engineering-surveying/irene/,"Engineering & Surveying Services in Irene, Pretoria",2,diep-consultants-irene | robotic-innovations-pty-ltd-irene,DIEP Consultants | Robotic Innovations Pty Ltd
https://pretoriahub.com/category/engineering-surveying/la-montagne/,"Engineering & Surveying Services in La Montagne, Pretoria",2,smec-south-africa-la-montagne | sna-civil-and-structural-engineers-pty-ltd-la-montagne,SMEC South Africa | SNA Civil and Structural Engineers (Pty) Ltd
https://pretoriahub.com/category/engineering-surveying/lynnwood-glen/,"Engineering & Surveying Services in Lynnwood Glen, Pretoria",2,matla-quantity-surveyors-pty-ltd-lynnwood-glen | pds-civil-and-structural-engineers-lynnwood-glen,Matla Quantity Surveyors (Pty) Ltd | PDS CIVIL AND STRUCTURAL ENGINEERS
https://pretoriahub.com/category/engineering-surveying/midfields-estate/,"Engineering & Surveying Services in Midfields Estate, Pretoria",2,archetor-midfields-estate | ngv-geotechnical-exploration-pty-ltd-pretoria-office-midfields-estate,Archetor | NGV Geotechnical & Exploration (Pty) Ltd - Pretoria Office
https://pretoriahub.com/category/engineering-surveying/rooihuiskraal/,"Engineering & Surveying Services in Rooihuiskraal, Pretoria",2,metallurgical-and-manufacturing-services-rooihuiskraal | nnovative-automation-pty-ltd-rooihuiskraal,Metallurgical and Manufacturing Services | Nnovative Automation (PTY) LTD
https://pretoriahub.com/category/engineering-surveying/silvertondale/,"Engineering & Surveying Services in Silvertondale, Pretoria",2,jbk-engineering-silvertondale | maugene-engineering-services-pty-ltd-silvertondale,JBK Engineering | Maugene Engineering Services (Pty) Ltd
https://pretoriahub.com/category/engineering-surveying/sinoville/,"Engineering & Surveying Services in Sinoville, Pretoria",2,bonavide-pty-ltd-sinoville | simumech-sinoville,Bonavide (Pty) Ltd. | SIMUMECH
https://pretoriahub.com/category/engineering-surveying/sunderland-ridge/,"Engineering & Surveying Services in Sunderland Ridge, Pretoria",2,portable-spaces-sunderland-ridge | xymech-pty-ltd-sunderland-ridge,Portable Spaces | Xymech (Pty) Ltd
https://pretoriahub.com/category/engineering-surveying/wapadrand/,"Engineering & Surveying Services in Wapadrand, Pretoria",2,enviro-insight-wapadrand | gary-pettit-surveys-wapadrand,Enviro-Insight | Gary Pettit Surveys
https://pretoriahub.com/category/engineering-surveying/willow-glen/,"Engineering & Surveying Services in Willow Glen, Pretoria",2,agora-africa-project-managers-quantity-surveyors-and-construction-managers-willow-glen | kbk-engineers-willow-glen,"AGORA Africa Project Managers, Quantity Surveyors and Construction Managers | KBK Engineers"
https://pretoriahub.com/category/engineering-surveying/zwavelpoort/,"Engineering & Surveying Services in Zwavelpoort, Pretoria",2,bronberg-dynamics-zwavelpoort | the-hub-zwavelpoort,Bronberg Dynamics | The HUB
https://pretoriahub.com/category/estate-agents/annlin-west/,"Estate Agents in Annlin West, Pretoria",2,just-sell-properties-annlin-west | luminous-entourage-annlin-west,Just Sell Properties | Luminous Entourage
https://pretoriahub.com/category/estate-agents/ashley-gardens/,"Estate Agents in Ashley Gardens, Pretoria",2,neo-trend-menlyn | seeff-properties-menlyn,Neo Trend | Seeff Properties
https://pretoriahub.com/category/estate-agents/boardwalk-manor/,"Estate Agents in Boardwalk Manor, Pretoria",2,boardwalk-manor-security-estate-boardwalk-manor | re-max-jacaranda-new-east-boardwalk-manor,Boardwalk Manor Security Estate | RE/MAX Jacaranda - New East
https://pretoriahub.com/category/estate-agents/boardwalk-meander/,"Estate Agents in Boardwalk Meander, Pretoria",2,grazia-realty-boardwalk-meander | team-agent-boardwalk-meander,Grazia Realty | Team Agent
https://pretoriahub.com/category/estate-agents/bronberrik/,"Estate Agents in Bronberrik, Pretoria",2,officeplace-pretoria-bronberrik | remax-infoglobe-midstream-bronberrik,OfficePlace Pretoria | REMAX Infoglobe - Midstream
https://pretoriahub.com/category/estate-agents/brooklands-lifestyle-estate/,"Estate Agents in Brooklands Lifestyle Estate, Pretoria",2,bageso-housing-development-consultants-brooklands-lifestyle-estate | black-house-realty-brooklands-lifestyle-estate,Bageso Housing Development Consultants | Black House Realty
https://pretoriahub.com/category/estate-agents/copperleaf-golf-estate/,"Estate Agents in Copperleaf Golf Estate, Pretoria",2,baroque-real-estate-copperleaf-golf-estate | pam-golding-properties-copperleaf-copperleaf-golf-estate,Baroque Real Estate | Pam Golding Properties Copperleaf
https://pretoriahub.com/category/estate-agents/daspoort/,"Estate Agents in Daspoort, Pretoria",2,heinrich-koalet-properties-daspoort | koalet-properties-daspoort,Heinrich@Koalet Properties | Koalet Properties
https://pretoriahub.com/category/estate-agents/doornpoort/,"Estate Agents in Doornpoort, Pretoria",2,deo-swanepoel-properties-doornpoort | nib-properties-doornpoort,Deo Swanepoel Properties | NiB Properties
https://pretoriahub.com/category/estate-agents/heatherdale/,"Estate Agents in Heatherdale, Pretoria",2,bene-ba-el-holdings-pty-ltd-heatherdale | masilo-nkwe-heatherdale,Bene Ba EL Holdings (Pty) Ltd | Masilo Nkwe
https://pretoriahub.com/category/estate-agents/hesteapark/,"Estate Agents in Hesteapark, Pretoria",2,chocho-property-group-hesteapark | nthatisithato-properties-hesteapark,Chocho Property Group | NthatisiThato Properties
https://pretoriahub.com/category/estate-agents/moregloed/,"Estate Agents in Moregloed, Pretoria",2,kingdom-property-sales-rentals-moregloed | vd5-properties-moregloed,Kingdom Property Sales & Rentals | VD5 Properties
https://pretoriahub.com/category/estate-agents/pierre-van-ryneveld-park/,"Estate Agents in Pierre van Ryneveld Park, Pretoria",2,apple-property-connection-pierre-van-ryneveld-park | willem-steyn-properties-pierre-van-ryneveld-park,Apple Property Connection | Willem Steyn Properties
https://pretoriahub.com/category/estate-agents/thatchfield-estate/,"Estate Agents in Thatchfield Estate, Pretoria",2,thatchfield-residential-estate-rentals-thatchfield-estate | themba-property-group-thatchfield-estate,Thatchfield Residential Estate.rentals | Themba Property Group
https://pretoriahub.com/category/estate-agents/trevenna/,"Estate Agents in Trevenna, Pretoria",2,city-property-pretoria-central | huurkor-pretoria-central,City Property | Huurkor
https://pretoriahub.com/category/estate-agents/wonderboom/,"Estate Agents in Wonderboom, Pretoria",2,just-property-wonderboom-south-moot-wonderboom | urban-property-group-wonderboom,Just Property Wonderboom South/Moot | Urban Property Group
https://pretoriahub.com/category/estate-agents/zwavelpoort/,"Estate Agents in Zwavelpoort, Pretoria",2,fio-real-estate-zwavelpoort | re-max-jowic-werner-eksteen-zwavelpoort,Fio Real Estate | RE/MAX Jowic - Werner Eksteen
https://pretoriahub.com/category/events-function-venues/east-lynne/,"Events & Function Venues in East Lynne, Pretoria",2,elegance-events-decor-east-lynne | jnh-events-decor-east-lynne,Elegance Events & Decor | JNH Events & Decor
https://pretoriahub.com/category/events-function-venues/elardus-park/,"Events & Function Venues in Elardus Park, Pretoria",2,project-summit-consulting-elardus-park | reece-creative-events-elardus-park,Project Summit Consulting | Reece Creative Events
https://pretoriahub.com/category/events-function-venues/kameeldrift/,"Events & Function Venues in Kameeldrift, Pretoria",2,rocky-ridge-events-kameeldrift | xtreme-events-xtreme-promotions-sound-and-iighting-kameeldrift,Rocky Ridge Events | Xtreme Events / Xtreme Promotions Sound and Iighting
https://pretoriahub.com/category/events-function-venues/lotus-gardens/,"Events & Function Venues in Lotus Gardens, Pretoria",2,lktt-event-management-catering-cc-lotus-gardens | machidi-events-lotus-gardens,LKTT Event Management & Catering CC | Machidi Events
https://pretoriahub.com/category/events-function-venues/monument-park/,"Events & Function Venues in Monument Park, Pretoria",2,blossom-events-and-decor-monument-park | savetcon-monument-park,Blossom Events and Decor | SAVETCON
https://pretoriahub.com/category/events-function-venues/pretoria-central/,"Events & Function Venues in Pretoria Central, Pretoria",2,propaganda-pretoria-pretoria-central | south-african-state-theatre-pretoria-central,Propaganda Pretoria | South African State Theatre
https://pretoriahub.com/category/events-function-venues/rietvalleirand/,"Events & Function Venues in Rietvalleirand, Pretoria",2,eph-group-rietvalleirand | meetingpal-rietvalleirand,EPH Group | MeetingPal
https://pretoriahub.com/category/events-function-venues/rooiwal/,"Events & Function Venues in Rooiwal, Pretoria",2,love-grace-wedding-and-event-decor-rooiwal | silver-star-function-hiring-rooiwal,Love & Grace Wedding And Event Decor | Silver Star Function Hiring
https://pretoriahub.com/category/events-function-venues/shere/,"Events & Function Venues in Shere, Pretoria",2,landje-shere | redento-events-hire-shere,Landje | Redento Events & Hire
https://pretoriahub.com/category/events-function-venues/wapadrand/,"Events & Function Venues in Wapadrand, Pretoria",2,co-productions-wapadrand | diep-in-die-berg-conference-function-venue-wapadrand,CO Productions | Diep in die Berg Conference & Function Venue
https://pretoriahub.com/category/events-function-venues/waterkloof-park/,"Events & Function Venues in Waterkloof Park, Pretoria",2,event-wizards-waterkloof-park | servco-waterkloof-park,Event Wizards | Servco
https://pretoriahub.com/category/events-function-venues/zwartkop/,"Events & Function Venues in Zwartkop, Pretoria",2,3-step-teambuilding-zwartkop | at-the-river-zwartkop,3 Step Teambuilding | At The River
https://pretoriahub.com/category/events-function-venues/zwavelpoort/,"Events & Function Venues in Zwavelpoort, Pretoria",2,casa-social-da-madeira-pretoria-zwavelpoort | kataluma-function-venue-zwavelpoort,Casa Social da Madeira - Pretoria | Kataluma Function Venue
https://pretoriahub.com/category/fashion-clothing/bronkhorstspruit/,"Fashion & Clothing in Bronkhorstspruit, Pretoria",2,ackermans-bronkhorstspruit | woolworths-bronkhorstspruit,Ackermans | Woolworths
https://pretoriahub.com/category/fashion-clothing/centurion/,"Fashion & Clothing in Centurion, Pretoria",2,levi-s-centurion | woolworths-gordon-hood-avenue-centurion,Levi's | Woolworths Gordon Hood Avenue
https://pretoriahub.com/category/fashion-clothing/florauna/,"Fashion & Clothing in Florauna, Pretoria",2,ackermans-north-park-mall-florauna | overkruin-uitrusters-florauna,Ackermans Pretoria North Park Mall | OVERKRUIN UITRUSTERS
https://pretoriahub.com/category/fashion-clothing/heatherview/,"Fashion & Clothing in Heatherview, Pretoria",2,ackermans-heatherview | pep-heatherview,Ackermans | PEP
https://pretoriahub.com/category/fashion-clothing/hennopspark/,"Fashion & Clothing in Hennopspark, Pretoria",2,about-workwear-hennopspark | woolworths-rabie-street-hennopspark,About Workwear | Woolworths Rabie Street
https://pretoriahub.com/category/fashion-clothing/trevenna/,"Fashion & Clothing in Trevenna, Pretoria",2,bathu-pretoria-pretoria-central | pep-steve-biko-road-trevenna,Bathu Pretoria | PEP Steve Biko Road
https://pretoriahub.com/category/fashion-clothing/wonderboom/,"Fashion & Clothing in Wonderboom, Pretoria",2,clothing-wonderboom-junction-wonderboom | totalsports-wonderboom-wonderboom,Clothing Wonderboom Junction | Totalsports - Wonderboom
https://pretoriahub.com/category/financial-investment-services/boardwalk-manor/,"Financial & Investment Services in Boardwalk Manor, Pretoria",2,fidius-financial-planners-boardwalk-manor | tender-capital-africa-boardwalk-manor,FIDIUS Financial Planners | Tender Capital Africa
https://pretoriahub.com/category/financial-investment-services/bryntirion/,"Financial & Investment Services in Bryntirion, Pretoria",2,express-business-capital-bryntirion | finfix-shared-services-pty-ltd-bryntirion,Express Business Capital | FinFix Shared Services (Pty) Ltd
https://pretoriahub.com/category/financial-investment-services/centurion-central/,"Financial & Investment Services in Centurion Central, Pretoria",2,business-partners-centurion-central | business-triggers-centurion-central,Business Partners | Business Triggers
https://pretoriahub.com/category/financial-investment-services/copperleaf-golf-estate/,"Financial & Investment Services in Copperleaf Golf Estate, Pretoria",2,the-property-boutique-copperleaf-golf-estate | vulindlela-financial-services-copperleaf-golf-estate,The Property Boutique | Vulindlela Financial Services
https://pretoriahub.com/category/financial-investment-services/eco-park/,"Financial & Investment Services in Eco-Park, Pretoria",2,areagroup-eco-park | black-ox-holdings-eco-park,AreaGroup | Black Ox Holdings
https://pretoriahub.com/category/financial-investment-services/erasmusrand/,"Financial & Investment Services in Erasmusrand, Pretoria",2,eq-fin-wynandskraal-erasmusrand | finbond-mutual-bank-erasmusrand,EQ-FIN Wynandskraal | Finbond Mutual Bank
https://pretoriahub.com/category/financial-investment-services/irene/,"Financial & Investment Services in Irene, Pretoria",2,momentum-irene-irene | optimum-financial-services-group-irene,Momentum Irene | Optimum Financial Services Group
https://pretoriahub.com/category/financial-investment-services/laudium/,"Financial & Investment Services in Laudium, Pretoria",2,absa-branch-laudium-laudium | fnb-laudium-laudium,Absa Branch Laudium | FNB Laudium
https://pretoriahub.com/category/financial-investment-services/meyerspark/,"Financial & Investment Services in Meyerspark, Pretoria",2,genrand-meyerspark | suresystems-meyerspark,Genrand | SureSystems
https://pretoriahub.com/category/financial-investment-services/montana-gardens/,"Financial & Investment Services in Montana Gardens, Pretoria",2,absa-branch-montana-montana-gardens | fin-forum-montana-montana-gardens,Absa | Branch | Montana | Fin Forum Montana
https://pretoriahub.com/category/financial-investment-services/monument-park/,"Financial & Investment Services in Monument Park, Pretoria",2,creditsmart-monument-park | lafeki-monument-park,CreditSmart | Lafeki
https://pretoriahub.com/category/financial-investment-services/rietondale/,"Financial & Investment Services in Rietondale, Pretoria",2,ivc-health-rietondale | phoenix-bonds-pretoria-rietondale,IVC Health | Phoenix Bonds Pretoria
https://pretoriahub.com/category/fitness-gyms/centurion/,"Fitness & Gyms in Centurion, Pretoria",2,cross-fit-radium-centurion | planet-fitness-megaclub-centurion,Cross Fit Radium | Planet Fitness - MegaClub
https://pretoriahub.com/category/fitness-gyms/murrayfield/,"Fitness & Gyms in Murrayfield, Pretoria",2,curves-murrayfield | murrayfield-tennis-club-murrayfield,Curves | Murrayfield Tennis Club
https://pretoriahub.com/category/fuel-stations/annlin/,"Fuel Stations & Garages in Annlin, Pretoria",2,astron-energy-annlin-annlin | totalenergies-annlin-annlin,Astron Energy Annlin | TotalEnergies Annlin
https://pretoriahub.com/category/fuel-stations/daspoort/,"Fuel Stations & Garages in Daspoort, Pretoria",2,totalenergies-daspoort-tunnel-daspoort | totalenergies-moot-street-motors-daspoort,TotalEnergies Daspoort Tunnel | TotalEnergies Moot Street Motors
https://pretoriahub.com/category/fuel-stations/doornpoort/,"Fuel Stations & Garages in Doornpoort, Pretoria",2,astron-energy-amandelboom-doornpoort | astron-energy-doornpoort-doornpoort,Astron Energy Amandelboom | Astron Energy Doornpoort
https://pretoriahub.com/category/fuel-stations/elardus-park/,"Fuel Stations & Garages in Elardus Park, Pretoria",2,engen-cornwallview-service-station-elardus-park | totalenergies-elardus-park-elardus-park,Engen Cornwallview Service Station | TotalEnergies Elardus Park
https://pretoriahub.com/category/fuel-stations/eldoraigne/,"Fuel Stations & Garages in Eldoraigne, Pretoria",2,astron-energy-eldoraigne-boulevard-eldoraigne | totalenergies-eldoraigne-eldoraigne,Astron Energy Eldoraigne Boulevard | TotalEnergies Eldoraigne
https://pretoriahub.com/category/fuel-stations/karenpark/,"Fuel Stations & Garages in Karenpark, Pretoria",2,astron-energy-wonderpark-karenpark | caltex-pick-pay-garages-karenpark,Astron Energy Wonderpark | CALTEX PICK & PAY GARAGES
https://pretoriahub.com/category/fuel-stations/sinoville/,"Fuel Stations & Garages in Sinoville, Pretoria",2,astron-energy-sinoville-sinoville | bp-sinoville-sinoville,Astron Energy Sinoville | BP Sinoville
https://pretoriahub.com/category/fuel-stations/waverley/,"Fuel Stations & Garages in Waverley, Pretoria",2,engen-codonia-quick-stop-waverley | totalenergies-totiusdal-waverley,Engen Codonia Quick Stop | TotalEnergies Totiusdal
https://pretoriahub.com/category/fuel-stations/wierdapark/,"Fuel Stations & Garages in Wierdapark, Pretoria",2,astron-energy-wierdapark-wierdapark | engen-bakenkop-service-station-wierdapark,Astron Energy Wierdapark | Engen Bakenkop Service Station
https://pretoriahub.com/category/fuel-stations/zwartkop/,"Fuel Stations & Garages in Zwartkop, Pretoria",2,engen-lenchen-convenience-zwartkop | totalenergies-centurion-gate-zwartkop,Engen Lenchen Convenience | TotalEnergies Centurion Gate
https://pretoriahub.com/category/furniture-homeware/derdepoort-smallholdings/,"Furniture & Homeware in Derdepoort Smallholdings, Pretoria",2,rustic-eco-pty-ltd-derdepoort-smallholdings | that-couch-place-zambezi-warehouse-derdepoort-smallholdings,Rustic-Eco (PTY) Ltd | That Couch Place Zambezi Warehouse
https://pretoriahub.com/category/furniture-homeware/eersterust/,"Furniture & Homeware in Eersterust, Pretoria",2,et-it-solutions-eersterust | luxman-upholstery-eersterust,ET IT Solutions | Luxman upholstery
https://pretoriahub.com/category/furniture-homeware/hammanskraal/,"Furniture & Homeware in Hammanskraal, Pretoria",2,fair-price-hammanskraal | sheet-street-hammanskraal,Fair Price | Sheet Street
https://pretoriahub.com/category/furniture-homeware/lyttelton-manor/,"Furniture & Homeware in Lyttelton Manor, Pretoria",2,lyttelton-furniture-pawn-shop-lyttelton-manor | pep-home-centurion-lyttelton-centre-lyttelton-manor,Lyttelton Furniture & Pawn Shop | PEP Home Centurion Lyttelton Centre
https://pretoriahub.com/category/furniture-homeware/shere/,"Furniture & Homeware in Shere, Pretoria",2,mattress-company-pretoria-silver-lakes-shere | shere-decor-shere,"Mattress Company - Pretoria, Silver Lakes | Shere Decor"
https://pretoriahub.com/category/furniture-homeware/silverton/,"Furniture & Homeware in Silverton, Pretoria",2,discount-board-specialists-silverton | ok-furniture-silverton-silverton,Discount Board Specialists | OK Furniture Silverton
https://pretoriahub.com/category/furniture-homeware/southdowns/,"Furniture & Homeware in Southdowns, Pretoria",2,continental-linen-southdowns-southdowns | dial-a-bed-southdowns-southdowns,Continental Linen Southdowns | Dial a Bed Southdowns
https://pretoriahub.com/category/furniture-homeware/trevenna/,"Furniture & Homeware in Trevenna, Pretoria",2,bradlows-pretoria-central | russells-pretoria-central,Bradlows | Russells
https://pretoriahub.com/category/general-retail/akasia/,"General Retail in Akasia, Pretoria",2,knife-machines-tools-and-supplies-cc-akasia | roofsheeting-warehouse-akasia,Knife Machines Tools and Supplies cc | Roofsheeting Warehouse.
https://pretoriahub.com/category/general-retail/andeon/,"General Retail in Andeon, Pretoria",2,falkson-tents-canvas-tents-and-camping-equipment-for-sale-andeon | kristal-auctions-andeon,FALKSON TENTS - Canvas Tents and camping equipment for sale | Kristal Auctions
https://pretoriahub.com/category/general-retail/brakfontein/,"General Retail in Brakfontein, Pretoria",2,best-before-fresh-produce-grocery-brakfontein | decathlon-brakfontein,Best Before Fresh Produce & Grocery | Decathlon
https://pretoriahub.com/category/general-retail/clubview/,"General Retail in Clubview, Pretoria",2,jabezz-art-crafts-clubview | xpress-batteries-clubview-clubview,Jabezz Art & Crafts | Xpress Batteries Clubview
https://pretoriahub.com/category/general-retail/eloffsdal/,"General Retail in Eloffsdal, Pretoria",2,pineapple-cosmetics-eloffsdal | sarel-venter-custom-knives-eloffsdal,Pineapple Cosmetics | Sarel Venter Custom Knives
https://pretoriahub.com/category/general-retail/erasmia/,"General Retail in Erasmia, Pretoria",2,nabrah-studio-erasmia | the-nut-factory-erasmia,NabRah studio | The Nut Factory
https://pretoriahub.com/category/general-retail/hazeldean/,"General Retail in Hazeldean, Pretoria",2,humanonomy-hazeldean | the-crazy-store-hazeldean-square-hazeldean,Humanonomy | The Crazy Store Hazeldean Square
https://pretoriahub.com/category/general-retail/highveld/,"General Retail in Highveld, Pretoria",2,cajees-cycles-centurion-highveld-highveld | sportsmans-warehouse-highveld,Cajees Cycles Centurion | Sportsmans Warehouse Centurion
https://pretoriahub.com/category/general-retail/kloofsig/,"General Retail in Kloofsig, Pretoria",2,sa-baking-supplies-kloofsig | the-cotton-canvas-company-kloofsig,SA Baking Supplies | The Cotton Canvas Company
https://pretoriahub.com/category/general-retail/louwlardia/,"General Retail in Louwlardia, Pretoria",2,usn-head-office-louwlardia | woolworths-grey-owl-louwlardia,USN Head Office | Woolworths Grey Owl
https://pretoriahub.com/category/general-retail/lyttelton/,"General Retail in Lyttelton, Pretoria",2,cartridge-hyper-lyttelton-centurion-lyttelton | lyttelton-engravers-lyttelton,Cartridge Hyper Lyttelton (Centurion) | Lyttelton Engravers
https://pretoriahub.com/category/general-retail/mayville/,"General Retail in Mayville, Pretoria",2,cash-converters-mayville-mayville | checkers-hyper-mayville-hyper-mayville,Cash Converters Mayville | Checkers Hyper Mayville Hyper
https://pretoriahub.com/category/general-retail/montana-gardens/,"General Retail in Montana Gardens, Pretoria",2,camino-living-montana-gardens | west-pack-lifestyle-kolonnade-montana-gardens,Camino Living | West Pack Lifestyle Kolonnade
https://pretoriahub.com/category/general-retail/montana-park/,"General Retail in Montana Park, Pretoria",2,outdoor-warehouse-zambezi-montana-park | wildman-montana-montana-park,Outdoor Warehouse Zambezi | Wildman Montana
https://pretoriahub.com/category/general-retail/ninapark/,"General Retail in Ninapark, Pretoria",2,cash-converters-nina-park-ninapark | the-crazy-store-northdale-shopping-centre-ninapark,Cash Converters Nina Park | The Crazy Store Northdale Shopping Centre
https://pretoriahub.com/category/general-retail/olievenhoutbosch/,"General Retail in Olievenhoutbosch, Pretoria",2,pep-olievenhout-plaza-olievenhoutbosch | true-organics-juice-business-opportunity-olievenhoutbosch,PEP Olievenhout Plaza | True Organics Juice Business Opportunity
https://pretoriahub.com/category/general-retail/pretoria-north/,"General Retail in Pretoria North, Pretoria",2,northern-food-ingredients-pretoria-north | pretoria-north-wool-centre-pretoria-north,Northern Food Ingredients | Pretoria North Wool Centre
https://pretoriahub.com/category/general-retail/queenswood/,"General Retail in Queenswood, Pretoria",2,the-crazy-store-queenswood-quarter-queenswood | woolworths-food-queenswood-centre-queenswood,The Crazy Store - Queenswood Quarter | Woolworths Food Queenswood Centre
https://pretoriahub.com/category/general-retail/southdowns/,"General Retail in Southdowns, Pretoria",2,everymonday-southdowns | wellness-warehouse-southdowns-centre-southdowns,EveryMonday | Wellness Warehouse Southdowns Centre
https://pretoriahub.com/category/general-retail/sunderland-ridge/,"General Retail in Sunderland Ridge, Pretoria",2,capital-shifters-sunderland-ridge | the-fabric-warehouse-sunderland-ridge,Capital Shifters | The Fabric Warehouse
https://pretoriahub.com/category/general-retail/the-reeds/,"General Retail in The Reeds, Pretoria",2,cash-crusaders-blu-valley-mall-the-reeds | the-crazy-store-blu-valley-mall-the-reeds,Cash Crusaders (Blu Valley Mall) | The Crazy Store (Blu Valley Mall)
https://pretoriahub.com/category/general-retail/val-de-grace/,"General Retail in Val de Grace, Pretoria",2,clicks-watermeyer-val-de-grace | the-crazy-store-watermeyer-park-val-de-grace,Clicks Watermeyer | The Crazy Store Watermeyer Park
https://pretoriahub.com/category/general-retail/villieria/,"General Retail in Villieria, Pretoria",2,major-cycle-city-villieria-villieria | nation-overalls-printers-villeria-villieria,Major Cycle City Villieria | Nation Overalls & Printers (Villeria)
https://pretoriahub.com/category/general-retail/wierdapark/,"General Retail in Wierdapark, Pretoria",2,vaporiz-vapelounge-wierdapark | xpress-batteries-wierda-park-wierdapark,Vaporiz - Vapelounge | Xpress Batteries Wierda Park
https://pretoriahub.com/category/general-retail/wonderboom/,"General Retail in Wonderboom, Pretoria",2,cannafrica-wonderboom-junction-wonderboom | cash-crusaders-wonderboom-wonderboom,Cannafrica Wonderboom Junction | Cash Crusaders Wonderboom
https://pretoriahub.com/category/hardware-stores/annlin-west/,"Hardware Stores in Annlin West, Pretoria",2,builders-express-wonderboom-annlin-west | inry-pale-and-top-thatch-annlin-west,Builders Express Wonderboom | Inry Pale And Top Thatch
https://pretoriahub.com/category/hardware-stores/booysens/,"Hardware Stores in Booysens, Pretoria",2,builders-choice-factory-shop-booysens | montana-granite-tombstones-pretoria-booysens,Builders Choice Factory shop | Montana Granite Tombstones Pretoria
https://pretoriahub.com/category/hardware-stores/jan-niemand-park/,"Hardware Stores in Jan Niemand Park, Pretoria",2,jaycee-glass-aluminum-pretoria-jan-niemand-park | visto-mouldings-jan-niemand-park,Jaycee Glass & Aluminum Pretoria | VISTO MOULDINGS
https://pretoriahub.com/category/hardware-stores/laudium/,"Hardware Stores in Laudium, Pretoria",2,action-glass-aluminium-laudium | easy-build-laudium,Action Glass & Aluminium | Easy Build
https://pretoriahub.com/category/hardware-stores/les-marais/,"Hardware Stores in Les Marais, Pretoria",2,nimbus-water-pty-ltd-les-marais | tj-system-integrators-pty-ltd-les-marais,NIMBUS WATER (PTY) LTD | TJ System Integrators (Pty) Ltd
https://pretoriahub.com/category/hardware-stores/louwlardia/,"Hardware Stores in Louwlardia, Pretoria",2,bcza-louwlardia | boardmart-louwlardia,BCZA | BOARDMART
https://pretoriahub.com/category/hardware-stores/monavoni/,"Hardware Stores in Monavoni, Pretoria",2,centurion-sand-monavoni | rr-glass-monavoni,Centurion Sand | RR GLASS
https://pretoriahub.com/category/hardware-stores/pierre-van-ryneveld-park/,"Hardware Stores in Pierre van Ryneveld Park, Pretoria",2,diy-depot-ryneveld-pierre-van-ryneveld-park | hhl-irene-pierre-van-ryneveld-park,DIY DEPOT Ryneveld | HHL Irene
https://pretoriahub.com/category/hardware-stores/raslouw/,"Hardware Stores in Raslouw, Pretoria",2,kingklip-manufacturing-trading-cc-raslouw | macbuild-raslouw-raslouw,Kingklip Manufacturing & Trading CC | MacBuild Raslouw
https://pretoriahub.com/category/hardware-stores/rooiwal/,"Hardware Stores in Rooiwal, Pretoria",2,k-w-pompe-pty-ltd-rooiwal | protector-build-wonderboom-rooiwal,K.W. Pompe Pty Ltd | Protector Build Wonderboom
https://pretoriahub.com/category/hardware-stores/sinoville/,"Hardware Stores in Sinoville, Pretoria",2,cablelec-sinoville | heat-freeze-solutions-sinoville,cablElec | Heat Freeze Solutions
https://pretoriahub.com/category/hardware-stores/wonderboom-south/,"Hardware Stores in Wonderboom South, Pretoria",2,cornice-and-more-pty-ltd-wonderboom-south-wonderboom-south | evolution-aluglass-wonderboom-south,Cornice and More (Pty)Ltd - Wonderboom-South | Evolution Aluglass
https://pretoriahub.com/category/hardware-stores/zwartkop/,"Hardware Stores in Zwartkop, Pretoria",2,faridair-zwartkop | unique-flooring-zwartkop,FaridAir | Unique Flooring
https://pretoriahub.com/category/hotels/wingate-park/,"Hotels in Wingate Park, Pretoria",2,blue-diamond-boutique-hotel-wingate-park | the-angels-place-boutique-hotel-wingate-park,Blue Diamond Boutique Hotel | The Angels Place Boutique Hotel
https://pretoriahub.com/category/industrial-suppliers-manufacturing/amandasig/,"Industrial Suppliers & Manufacturing in Amandasig, Pretoria",2,chillies-and-lillies-amandasig | eagle-elevators-pty-ltd-amandasig,Chillies and Lillies | Eagle Elevators (PTY) LTD
https://pretoriahub.com/category/industrial-suppliers-manufacturing/amberfield-glen/,"Industrial Suppliers & Manufacturing in Amberfield Glen, Pretoria",2,aignite-amberfield-glen | atlas-copco-amberfield-glen,aignite | Atlas Copco
https://pretoriahub.com/category/industrial-suppliers-manufacturing/annlin-west/,"Industrial Suppliers & Manufacturing in Annlin West, Pretoria",2,mobile-kitchen-trailers-for-sale-food-trailers-pretoria-mpumalanga-gauteng-limpo-annlin-west | teddy-trailers-annlin-west,"Mobile kitchen trailers for sale, food trailers , Pretoria, mpumalanga, Gauteng,limpopo, North west, kzn, Bloemfontein , | Teddy Trailers"
https://pretoriahub.com/category/industrial-suppliers-manufacturing/annlin/,"Industrial Suppliers & Manufacturing in Annlin, Pretoria",2,ccl-global-annlin | oasis-water-pretoria-annlin-annlin,CCL GLOBAL | Oasis Water Pretoria | Annlin
https://pretoriahub.com/category/industrial-suppliers-manufacturing/ashley-gardens/,"Industrial Suppliers & Manufacturing in Ashley Gardens, Pretoria",2,hearx-ashley-gardens | kosonline-ashlea-gardens-hub-ashley-gardens,hearX | KosOnline Ashlea Gardens Hub
https://pretoriahub.com/category/industrial-suppliers-manufacturing/boardwalk-manor/,"Industrial Suppliers & Manufacturing in Boardwalk Manor, Pretoria",2,fibresuburb-networks-boardwalk-manor | gourmet-boutique-africa-boardwalk-manor,FibreSuburb Networks | Gourmet Boutique Africa
https://pretoriahub.com/category/industrial-suppliers-manufacturing/celtisdal/,"Industrial Suppliers & Manufacturing in Celtisdal, Pretoria",2,maxcons-outdoor-and-camping-celtisdal | oasis-water-centurion-celtis-ridge-celtisdal,Maxcons Outdoor and Camping | Oasis Water Centurion | Celtis Ridge
https://pretoriahub.com/category/industrial-suppliers-manufacturing/centurion-golf-estate/,"Industrial Suppliers & Manufacturing in Centurion Golf Estate, Pretoria",2,incomar-centurion-golf-estate | thebuyersam-centurion-golf-estate,Incomar | TheBuyerSam
https://pretoriahub.com/category/industrial-suppliers-manufacturing/equestria/,"Industrial Suppliers & Manufacturing in Equestria, Pretoria",2,ledworx-solutions-pty-ltd-equestria | mccater-catering-supplies-equestria,LEDworx Solutions Pty Ltd | McCater Catering Supplies
https://pretoriahub.com/category/industrial-suppliers-manufacturing/heuwelsig-estate/,"Industrial Suppliers & Manufacturing in Heuwelsig Estate, Pretoria",2,tudu-unlimited-safety-heuwelsig-estate | vindilac-general-suppliers-heuwelsig-estate,TUDU UNLIMITED SAFETY | Vindilac General Suppliers
https://pretoriahub.com/category/industrial-suppliers-manufacturing/kirkney/,"Industrial Suppliers & Manufacturing in Kirkney, Pretoria",2,general-food-safety-company-kirkney | suz-food-brands-kirkney,General Food Safety Company | Suz Food Brands
https://pretoriahub.com/category/industrial-suppliers-manufacturing/laudium/,"Industrial Suppliers & Manufacturing in Laudium, Pretoria",2,republic-knitwear-pty-ltd-laudium | tl-store-laudium,Republic Knitwear (Pty) Ltd | TL Store
https://pretoriahub.com/category/industrial-suppliers-manufacturing/les-marais/,"Industrial Suppliers & Manufacturing in Les Marais, Pretoria",2,kakebeen-les-marais | nico-fourie-creations-garage-doors-supplier-les-marais,Kakebeen | Nico Fourie Creations - Garage Doors Supplier
https://pretoriahub.com/category/industrial-suppliers-manufacturing/lotus-gardens/,"Industrial Suppliers & Manufacturing in Lotus Gardens, Pretoria",2,denel-pretoria-metal-pressings-pmp-lotus-gardens | mankweng-tombstones-lotus-lotus-gardens,Denel Pretoria Metal Pressings (PMP) | Mankweng Tombstones Lotus
https://pretoriahub.com/category/industrial-suppliers-manufacturing/lynnwood-glen/,"Industrial Suppliers & Manufacturing in Lynnwood Glen, Pretoria",2,ems-industries-lynnwood-glen | engineering-dynamics-pty-ltd-south-africa-lynnwood-glen,EMS Industries | Engineering Dynamics (Pty) Ltd - South Africa
https://pretoriahub.com/category/industrial-suppliers-manufacturing/mayville/,"Industrial Suppliers & Manufacturing in Mayville, Pretoria",2,incredible-direction-pty-ltd-mayville | samarina-pty-ltd-mayville,Incredible Direction Pty Ltd | Samarina Pty Ltd
https://pretoriahub.com/category/industrial-suppliers-manufacturing/montana-gardens/,"Industrial Suppliers & Manufacturing in Montana Gardens, Pretoria",2,pirtek-pretoria-pty-ltd-montana-gardens | soft-ice-catering-equipment-montana-gardens,Pirtek Pretoria Pty Ltd | Soft-Ice Catering Equipment
https://pretoriahub.com/category/industrial-suppliers-manufacturing/mooiplaats/,"Industrial Suppliers & Manufacturing in Mooiplaats, Pretoria",2,enterprise-solvents-mooiplaats | ott-technologies-mooiplaats,Enterprise Solvents | OTT Technologies
https://pretoriahub.com/category/industrial-suppliers-manufacturing/muckleneuk/,"Industrial Suppliers & Manufacturing in Muckleneuk, Pretoria",2,ascendis-animal-health-muckleneuk | inqaba-biotechnical-industries-pty-ltd-muckleneuk,Ascendis Animal Health | Inqaba Biotechnical Industries (Pty) Ltd
https://pretoriahub.com/category/industrial-suppliers-manufacturing/olievenhoutbosch/,"Industrial Suppliers & Manufacturing in Olievenhoutbosch, Pretoria",2,jgf-general-steel-works-olievenhoutbosch | sterling-pharmaceuticals-pty-ltd-olievenhoutbosch,JGF General Steel Works | Sterling Pharmaceuticals (Pty) Ltd
https://pretoriahub.com/category/industrial-suppliers-manufacturing/onderstepoort/,"Industrial Suppliers & Manufacturing in Onderstepoort, Pretoria",2,onderstepoort-biological-products-obp-the-home-of-onderstepoort-vaccines-onderstepoort | pro-link-hydraulics-seals-pretoria-onderstepoort,Onderstepoort Biological Products (OBP)- The Home of Onderstepoort Vaccines | Pro Link Hydraulics & Seals - Pretoria
https://pretoriahub.com/category/industrial-suppliers-manufacturing/parktown-estate/,"Industrial Suppliers & Manufacturing in Parktown Estate, Pretoria",2,team-support-labels-cc-parktown-estate | water-pumps-online-parktown-estate,TEAM SUPPORT LABELS CC | Water Pumps Online
https://pretoriahub.com/category/industrial-suppliers-manufacturing/pretoria-north/,"Industrial Suppliers & Manufacturing in Pretoria North, Pretoria",2,multotec-wear-linings-pretoria-north | plasmet-trading-pty-ltd-pretoria-north,Multotec Wear Linings | Plasmet Trading (Pty) Ltd
https://pretoriahub.com/category/industrial-suppliers-manufacturing/raslouw/,"Industrial Suppliers & Manufacturing in Raslouw, Pretoria",2,aguazoi-raslouw-corner-formely-agua-e-vida-raslouw-corner-raslouw | amka-products-pty-ltd-raslouw,Aguazoi Raslouw Corner (Formely Agua e Vida Raslouw Corner) | Amka Products (Pty) Ltd
https://pretoriahub.com/category/industrial-suppliers-manufacturing/roodeplaat/,"Industrial Suppliers & Manufacturing in Roodeplaat, Pretoria",2,eb-staalwerke-roodeplaat | tssd-projects-roodeplaat,EB Staalwerke | TSSD Projects
https://pretoriahub.com/category/industrial-suppliers-manufacturing/silverton/,"Industrial Suppliers & Manufacturing in Silverton, Pretoria",2,gem-manufacturers-pty-ltd-silverton | legacy-industrial-ingco-shop-in-shop-pretoria-silverton,Gem Manufacturers (Pty) LTD | Legacy Industrial - Ingco Shop in Shop Pretoria
https://pretoriahub.com/category/industrial-suppliers-manufacturing/tileba/,"Industrial Suppliers & Manufacturing in Tileba, Pretoria",2,iso-build-trailer-manufacturers-pretoria-tileba | pretoria-north-alkaline-designer-water-tileba,Iso Build Trailer Manufacturers Pretoria | Pretoria North Alkaline Designer Water
https://pretoriahub.com/category/industrial-suppliers-manufacturing/valhalla/,"Industrial Suppliers & Manufacturing in Valhalla, Pretoria",2,apl-protect-valhalla | laundrotech-valhalla,APL PROTECT | LaundroTech
https://pretoriahub.com/category/industrial-suppliers-manufacturing/wapadrand/,"Industrial Suppliers & Manufacturing in Wapadrand, Pretoria",2,deltaerp-wapadrand | magenta-plant-distributors-wapadrand,DeltaERP | Magenta Plant Distributors
https://pretoriahub.com/category/industrial-suppliers-manufacturing/weavind-park/,"Industrial Suppliers & Manufacturing in Weavind Park, Pretoria",2,arctig-weavind-park | vonk-creative-solutions-weavind-park,Arctig | Vonk Creative Solutions
https://pretoriahub.com/category/industrial-suppliers-manufacturing/willow-glen/,"Industrial Suppliers & Manufacturing in Willow Glen, Pretoria",2,seegene-south-africa-willow-glen | sweet-celebrations-willow-glen,Seegene South Africa | Sweet Celebrations
https://pretoriahub.com/category/industrial-suppliers-manufacturing/wonderboom-south/,"Industrial Suppliers & Manufacturing in Wonderboom South, Pretoria",2,fabri-cut-wonderboom-south | the-cornice-maker-wonderboom-south,Fabri-Cut | THE CORNICE MAKER
https://pretoriahub.com/category/insurance/brooklands-lifestyle-estate/,"Insurance in Brooklands Lifestyle Estate, Pretoria",2,miway-insurance-ltd-brooklands-lifestyle-estate | xs-sure-brooklands-lifestyle-estate,MiWay Insurance Ltd | XS Sure
https://pretoriahub.com/category/insurance/hazeldean/,"Insurance in Hazeldean, Pretoria",2,alphabelle-pty-ltd-hazeldean | ord-holdings-pty-ltd-hazeldean,Alphabelle (Pty) Ltd | ORD Holdings (PTY) Ltd
https://pretoriahub.com/category/insurance/wingate-park/,"Insurance in Wingate Park, Pretoria",2,elna-rudman-brokers-cc-wingate-park | one-insurance-underwriting-managers-pretoria-wingate-park,Elna Rudman Brokers CC | ONE Insurance Underwriting Managers - Pretoria
https://pretoriahub.com/category/jewellers/karenpark/,"Jewellers in Karenpark, Pretoria",2,phoenix-manufacturing-karenpark | sterns-wonderpark-karenpark,phoenix manufacturing | Sterns - Wonderpark
https://pretoriahub.com/category/jewellers/lynnwood-manor/,"Jewellers in Lynnwood Manor, Pretoria",2,jenna-clifford-lynnwood-manor | louie-daniele-lynnwood-manor,Jenna Clifford | Louie Daniele Diamond Co
https://pretoriahub.com/category/jewellers/pierre-van-ryneveld-park/,"Jewellers in Pierre van Ryneveld Park, Pretoria",2,cloverfield-designer-jewellery-pierre-van-ryneveld-park | gold-exchange-pierre-van-ryneveld-park,Cloverfield Designer Jewellery | Gold Exchange
https://pretoriahub.com/category/logistics-courier-transport/annlin/,"Logistics, Courier & Transport in Annlin, Pretoria",2,postnet-wonderboom-junction-annlin | t-c-b-machine-moving-rigging-annlin,PostNet Wonderboom Junction | T C B Machine Moving & Rigging
https://pretoriahub.com/category/logistics-courier-transport/celtisdal/,"Logistics, Courier & Transport in Celtisdal, Pretoria",2,eagle-liner-head-office-celtisdal | postnet-raslouw-celtisdal,Eagle Liner - Head Office | PostNet Raslouw
https://pretoriahub.com/category/logistics-courier-transport/derdepoort-smallholdings/,"Logistics, Courier & Transport in Derdepoort Smallholdings, Pretoria",2,biddulphs-international-pretoria-derdepoort-smallholdings | bras-trucking-derdepoort-smallholdings,Biddulphs International - Pretoria | Bras Trucking
https://pretoriahub.com/category/logistics-courier-transport/east-lynne/,"Logistics, Courier & Transport in East Lynne, Pretoria",2,logmex-global-trading-pty-ltd-east-lynne | postnet-east-lynne-east-lynne,Logmex Global Trading (Pty) Ltd | PostNet East Lynne
https://pretoriahub.com/category/logistics-courier-transport/eco-park/,"Logistics, Courier & Transport in Eco-Park, Pretoria",2,cross-border-road-transport-agency-eco-park | postnet-ecopark-eco-park,Cross Border Road Transport Agency | PostNet EcoPark
https://pretoriahub.com/category/logistics-courier-transport/heuweloord/,"Logistics, Courier & Transport in Heuweloord, Pretoria",2,future-coaches-tours-heuweloord | masotsha-million-heuweloord,Future Coaches & Tours | Masotsha Million
https://pretoriahub.com/category/logistics-courier-transport/jan-niemand-park/,"Logistics, Courier & Transport in Jan Niemand Park, Pretoria",2,booysen-logistics-and-services-pty-ltd-jan-niemand-park | shtl-abnormal-transport-jan-niemand-park,Booysen Logistics and Services(Pty)Ltd | SHTL Abnormal Transport
https://pretoriahub.com/category/logistics-courier-transport/karenpark/,"Logistics, Courier & Transport in Karenpark, Pretoria",2,postlink-karenpark-karenpark | postnet-wonderpark-karenpark,Postlink Karenpark | PostNet Wonderpark
https://pretoriahub.com/category/logistics-courier-transport/kloofsig/,"Logistics, Courier & Transport in Kloofsig, Pretoria",2,premiere-etoile-shuttle-service-kloofsig | the-courier-guy-postlink-lyttelton-point-kloofsig,Premiere Etoile Shuttle Service | The Courier Guy Postlink Lyttelton Point
https://pretoriahub.com/category/logistics-courier-transport/mayville/,"Logistics, Courier & Transport in Mayville, Pretoria",2,postnet-mayville-mayville | rantau-transport-services-and-logistics-pty-ltd-mayville,PostNet Mayville | Rantau Transport Services and Logistics (Pty) Ltd
https://pretoriahub.com/category/logistics-courier-transport/midstream-estate/,"Logistics, Courier & Transport in Midstream Estate, Pretoria",2,hibosolve-pty-ltd-midstream-estate | postnet-midstream-centurion-midstream-estate,Hibosolve (PTY) ltd | PostNet Midstream (Centurion)
https://pretoriahub.com/category/logistics-courier-transport/raslouw/,"Logistics, Courier & Transport in Raslouw, Pretoria",2,sithembe-transportation-projects-raslouw | the-courier-guy-engen-raslouw-locker-raslouw,Sithembe Transportation & Projects | The Courier Guy Engen Raslouw Locker
https://pretoriahub.com/category/logistics-courier-transport/salvokop/,"Logistics, Courier & Transport in Salvokop, Pretoria",2,greyhound-salvokop | pretoria-buses-to-zimbabwe-bosman-station-salvokop,Greyhound | Pretoria buses to Zimbabwe Bosman station
https://pretoriahub.com/category/logistics-courier-transport/shere/,"Logistics, Courier & Transport in Shere, Pretoria",2,dc-lubricants-pty-ltd-shere | smoof-move-shere,DC Lubricants (Pty) Ltd | Smoof Move
https://pretoriahub.com/category/logistics-courier-transport/southdowns/,"Logistics, Courier & Transport in Southdowns, Pretoria",2,columbus-consulting-southdowns | postnet-southdowns-southdowns,Columbus Consulting | PostNet Southdowns
https://pretoriahub.com/category/logistics-courier-transport/the-willows/,"Logistics, Courier & Transport in The Willows, Pretoria",2,distrifoods-pretoria-the-willows | distriliq-pretoria-the-willows,DistriFoods Pretoria | DistriLiq Pretoria
https://pretoriahub.com/category/logistics-courier-transport/waterkloof-glen/,"Logistics, Courier & Transport in Waterkloof Glen, Pretoria",2,postnet-menlyn-waterkloof-glen | sigma-logistic-solutions-waterkloof-glen,PostNet Menlyn | SIGMA LOGISTIC SOLUTIONS
https://pretoriahub.com/category/logistics-courier-transport/waverley/,"Logistics, Courier & Transport in Waverley, Pretoria",2,postnet-waverley-waverley | waverley-trailers-waverley,PostNet Waverley | Waverley Trailers
https://pretoriahub.com/category/marketing-advertising/blue-valley-golf-estate/,"Marketing & Advertising in Blue Valley Golf Estate, Pretoria",2,bluebell-hospitality-services-blue-valley-golf-estate | starbright-solutions-blue-valley-golf-estate,Bluebell Hospitality Services | Starbright Solutions
https://pretoriahub.com/category/marketing-advertising/boekenhoutskloof/,"Marketing & Advertising in Boekenhoutskloof, Pretoria",2,jj-plates-and-signs-boekenhoutskloof | ke-marketing-boekenhoutskloof,JJ Plates and Signs | KE marketing
https://pretoriahub.com/category/marketing-advertising/bryntirion/,"Marketing & Advertising in Bryntirion, Pretoria",2,ecom-south-africa-bryntirion | imarttrends-marketing-pretoria-bryntirion,eCom South Africa | iMarttrends Marketing Pretoria
https://pretoriahub.com/category/marketing-advertising/centurion-golf-estate/,"Marketing & Advertising in Centurion Golf Estate, Pretoria",2,bbettr-agency-centurion-golf-estate | essential-marketing-centurion-golf-estate,Bbettr Agency | Essential Marketing
https://pretoriahub.com/category/marketing-advertising/clubview/,"Marketing & Advertising in Clubview, Pretoria",2,aperture-digital-media-clubview | imagine-that-design-print-clubview,Aperture Digital Media | Imagine That Design & Print
https://pretoriahub.com/category/marketing-advertising/die-wilgers/,"Marketing & Advertising in Die Wilgers, Pretoria",2,iedm-digital-marketing-die-wilgers | we-do-digital-pty-ltd-die-wilgers,IEDM Digital Marketing | We Do Digital (Pty) Ltd
https://pretoriahub.com/category/marketing-advertising/doornpoort/,"Marketing & Advertising in Doornpoort, Pretoria",2,elikai-printing-doornpoort | norse-studios-doornpoort,Elikai Printing | Norse Studios
https://pretoriahub.com/category/marketing-advertising/dorandia/,"Marketing & Advertising in Dorandia, Pretoria",2,lulah-digital-design-dorandia | sourcebranding-digital-agency-dorandia,Lulah Digital Design | Sourcebranding Digital Agency
https://pretoriahub.com/category/marketing-advertising/erasmia/,"Marketing & Advertising in Erasmia, Pretoria",2,digitel-marketing-group-erasmia | stanton-porter-marketing-erasmia,Digitel Marketing Group | Stanton Porter Marketing
https://pretoriahub.com/category/marketing-advertising/glen-lauriston/,"Marketing & Advertising in Glen Lauriston, Pretoria",2,vinova-communications-glen-lauriston | yellow-lemon-media-glen-lauriston,Vinova Communications | Yellow Lemon Media
https://pretoriahub.com/category/marketing-advertising/kilner-park/,"Marketing & Advertising in Kilner Park, Pretoria",2,papillon-products-cc-kilner-park | pulpit-media-group-kilner-park,Papillon Products cc | Pulpit Media Group
https://pretoriahub.com/category/marketing-advertising/les-marais/,"Marketing & Advertising in Les Marais, Pretoria",2,1-online-digital-marketing-les-marais | digital-hippo-les-marais,1 Online Digital Marketing | Digital Hippo
https://pretoriahub.com/category/marketing-advertising/lynnwood-glen/,"Marketing & Advertising in Lynnwood Glen, Pretoria",2,red-september-lynnwood-glen | yeet-marketing-lynnwood-glen,Red September | Yeet Marketing
https://pretoriahub.com/category/marketing-advertising/midfields-estate/,"Marketing & Advertising in Midfields Estate, Pretoria",2,fuge-design-studio-midfields-estate | wl-creationx-midfields-estate,Fuge Design Studio | WL Creationx
https://pretoriahub.com/category/marketing-advertising/midstream-estate/,"Marketing & Advertising in Midstream Estate, Pretoria",2,snaps-sneakers-media-midstream-estate | ujala-consulting-midstream-estate,Snaps & Sneakers Media | Ujala Consulting
https://pretoriahub.com/category/marketing-advertising/montana-gardens/,"Marketing & Advertising in Montana Gardens, Pretoria",2,arabest-solutions-montana-gardens | ebc-mobile-media-digital-business-cards-digital-marketing-services-montana-gardens,Arabest Solutions | EBC Mobile Media - Digital Business Cards & Digital Marketing Services
https://pretoriahub.com/category/marketing-advertising/pierre-van-ryneveld-park/,"Marketing & Advertising in Pierre van Ryneveld Park, Pretoria",2,aw-design-pierre-van-ryneveld-park | v4-marketing-pierre-van-ryneveld-park,AW Design | V4 Marketing
https://pretoriahub.com/category/marketing-advertising/pretoria-north/,"Marketing & Advertising in Pretoria North, Pretoria",2,4-business-services-pty-ltd-pretoria-north | wave-craft-group-pretoria-north,4 Business Services (PTY) LTD | Wave Craft Group
https://pretoriahub.com/category/marketing-advertising/rietvalleirand/,"Marketing & Advertising in Rietvalleirand, Pretoria",2,blue-crane-media-digital-marketing-multi-media-agency-rietvalleirand | digital-seven-group-pty-ltd-rietvalleirand,Blue Crane Media - Digital Marketing & Multi-Media Agency | Digital Seven Group (Pty) Ltd.
https://pretoriahub.com/category/marketing-advertising/rooihuiskraal/,"Marketing & Advertising in Rooihuiskraal, Pretoria",2,leano-marketing-and-online-business-management-rooihuiskraal | secrets-for-business-growth-rooihuiskraal,Leano Marketing and Online Business Management | Secrets For Business Growth
https://pretoriahub.com/category/marketing-advertising/sable-hills-waterfront-estate/,"Marketing & Advertising in Sable Hills Waterfront Estate, Pretoria",2,cariole-media-sable-hills-waterfront-estate | explohill-advertising-and-media-sable-hills-waterfront-estate,Cariole Media | Explohill Advertising and Media
https://pretoriahub.com/category/marketing-advertising/sinoville/,"Marketing & Advertising in Sinoville, Pretoria",2,digital-connective-sinoville | j2h-studio-sinoville,Digital Connective | J2H Studio
https://pretoriahub.com/category/marketing-advertising/villieria/,"Marketing & Advertising in Villieria, Pretoria",2,graphix-studio-design-agency-villieria | studio-calibre-villieria,Graphix Studio Design Agency | Studio Calibre
https://pretoriahub.com/category/marketing-advertising/wingate-park/,"Marketing & Advertising in Wingate Park, Pretoria",2,blue-pea-marketing-wingate-park | evolving-marketing-solutions-pty-ltd-wingate-park,Blue Pea Marketing | Evolving Marketing Solutions (Pty) Ltd
https://pretoriahub.com/category/motor-spares/derdepoort/,"Motor Spares in Derdepoort, Pretoria",2,protec-energy-solutions-derdepoort | simacab-derdepoort,Protec Energy Solutions | SimaCab
https://pretoriahub.com/category/motor-spares/east-lynne/,"Motor Spares in East Lynne, Pretoria",2,eastway-spares-east-lynne | spares-wise-east-lynne-east-lynne,Eastway Spares | Spares Wise East-Lynne
https://pretoriahub.com/category/motor-spares/marabastad/,"Motor Spares in Marabastad, Pretoria",2,african-spares-pretoria-central | e-a-s-engine-gearbox-supply-pretoria-central,African Spares | E.A.S. Engine & Gearbox Supply
https://pretoriahub.com/category/motor-spares/mayville/,"Motor Spares in Mayville, Pretoria",2,mayville-motor-spares-mayville | wannenburg-paul-kruger-branch-mayville,Mayville Motor Spares | Wannenburg Paul Kruger Branch
https://pretoriahub.com/category/motor-spares/pretorius-park/,"Motor Spares in Pretorius Park, Pretoria",2,csi-clutch-break-pretoria-central | goldwagen-pretoria-central,CSI Clutch & Break | Goldwagen
https://pretoriahub.com/category/motor-spares/silverton/,"Motor Spares in Silverton, Pretoria",2,roadque-silverton | silverton-canopy-centre-silverton,Roadque | Silverton Canopy Centre
https://pretoriahub.com/category/motor-spares/wierdapark/,"Motor Spares in Wierdapark, Pretoria",2,battery-pro-centurion-wierdapark | goldwagen-wierdapark-raslouw-wierdapark,Battery Pro Centurion | Goldwagen Wierdapark - Raslouw
https://pretoriahub.com/category/motor-spares/wonderboom/,"Motor Spares in Wonderboom, Pretoria",2,battery-corp-wonderboom-wonderboom | s-and-p-power-units-wonderboom,Battery Corp Wonderboom | S and P Power Units
https://pretoriahub.com/category/nurseries-garden-centres/amandasig/,"Nurseries & Garden Centres in Amandasig, Pretoria",2,cycad-world-of-innovations-cycad-wofi-pretoria-amandasig | malanseuns-wholesale-nursery-amandasig,"Cycad World of Innovations, Cycad Wofi, Pretoria | Malanseuns Wholesale Nursery"
https://pretoriahub.com/category/nurseries-garden-centres/bronberrik/,"Nurseries & Garden Centres in Bronberrik, Pretoria",2,timac-agro-south-africa-bronberrik | water-spot-centurion-bronberrik,Timac AGRO South Africa | Water Spot Centurion
https://pretoriahub.com/category/nurseries-garden-centres/brooklands-lifestyle-estate/,"Nurseries & Garden Centres in Brooklands Lifestyle Estate, Pretoria",2,thabo-s-gardening-services-brooklands-lifestyle-estate | tree-felling-centurion-brooklands-lifestyle-estate,Thabo's Gardening Services | Tree Felling Centurion
https://pretoriahub.com/category/nurseries-garden-centres/derdepoort-smallholdings/,"Nurseries & Garden Centres in Derdepoort Smallholdings, Pretoria",2,emmanuel-tree-felling-and-construction-projects-derdepoort-smallholdings | reef-chainsaw-centre-pretoria-west-derdepoort-smallholdings,Emmanuel Tree Felling and Construction Projects | Reef Chainsaw Centre (Pretoria West)
https://pretoriahub.com/category/nurseries-garden-centres/hennopspark/,"Nurseries & Garden Centres in Hennopspark, Pretoria",2,plant-ranch-centurion | waterware-centurion-hennopspark,Plant Ranch | Waterware Centurion
https://pretoriahub.com/category/nurseries-garden-centres/leeuwfontein/,"Nurseries & Garden Centres in Leeuwfontein, Pretoria",2,divine-landscapes-leeuwfontein | plantforum-leeuwfontein,Divine Landscapes | Plantforum
https://pretoriahub.com/category/nurseries-garden-centres/menlo-park/,"Nurseries & Garden Centres in Menlo Park, Pretoria",2,gardenshop-menlo-park | stodels-menlyn,GardenShop | Stodels
https://pretoriahub.com/category/nurseries-garden-centres/pretoria-north/,"Nurseries & Garden Centres in Pretoria North, Pretoria",2,sa-plastikor-pretoria-pretoria-north | waterware-pretoria-north-pretoria-north,SA Plastikor Pretoria | Waterware Pretoria North
https://pretoriahub.com/category/nurseries-garden-centres/rietfontein/,"Nurseries & Garden Centres in Rietfontein, Pretoria",2,backyard-pots-and-plants-rietfontein | ml-tree-felling-pretoria-rietfontein,Backyard Pots and Plants | ML TREE FELLING PRETORIA
https://pretoriahub.com/category/nurseries-garden-centres/shere/,"Nurseries & Garden Centres in Shere, Pretoria",2,plant-farm-nursery-shere | plant-traders-shere,Plant Farm Nursery | Plant Traders
https://pretoriahub.com/category/nurseries-garden-centres/wingate-park/,"Nurseries & Garden Centres in Wingate Park, Pretoria",2,381-stihl-tree-felling-company-wingate-park | the-giving-green-store-wingate-park,381 STIHL TREE FELLING COMPANY | The Giving Green Store
https://pretoriahub.com/category/opticians/garsfontein-smallholdings/,"Opticians in Garsfontein Smallholdings, Pretoria",2,bril-pretoria-garsfontein-smallholdings | oogappel-optometry-garsfontein-smallholdings,Bril - Pretoria | Oogappel Optometry
https://pretoriahub.com/category/opticians/hazeldean/,"Opticians in Hazeldean, Pretoria",2,osman-s-optical-hazeldean-square-oogkundige-hazeldean | spec-savers-hazeldean-square-hazeldean,Osman's Optical Hazeldean Square Oogkundige | Spec-Savers Hazeldean Square
https://pretoriahub.com/category/opticians/karenpark/,"Opticians in Karenpark, Pretoria",2,dentist-optometrist-wonderpark-optodent-karenpark | vision-works-optometrist-wonderpark-karenpark,Dentist & Optometrist Wonderpark ( Optodent) | Vision Works Optometrist Wonderpark
https://pretoriahub.com/category/pharmacies/doringkloof/,"Pharmacies in Doringkloof, Pretoria",2,dis-chem-pharmacy-irene-link-doringkloof | dorite-centurion,Dis-Chem Pharmacy Irene Link | Dorite
https://pretoriahub.com/category/pharmacies/irene-farm-villages/,"Pharmacies in Irene Farm Villages, Pretoria",2,clicks-irene-village-mall-irene-farm-villages | dis-chem-irene-village-mall-irene-farm-villages,Clicks Irene Village Mall | Dis-Chem Irene Village
https://pretoriahub.com/category/pharmacies/la-montagne/,"Pharmacies in La Montagne, Pretoria",2,ems-pharmaceutical-distribution-pty-ltd-la-montagne | la-montagne-pharmacy-la-montagne,EMS Pharmaceutical Distribution (PTY) LTD | La Montagne Pharmacy
https://pretoriahub.com/category/pharmacies/lyttelton-manor/,"Pharmacies in Lyttelton Manor, Pretoria",2,clicks-lyttelton-2-lyttelton-manor | van-heerden-pharmacy-centurion,Clicks Lyttelton 2 | Van Heerden Pharmacy
https://pretoriahub.com/category/pharmacies/monument-park/,"Pharmacies in Monument Park, Pretoria",2,clicks-monument-park-monument-park | mopani-pharmacy-monument-park-pretoria-monument-park,Clicks Monument Park | Mopani Pharmacy Monument Park - Pretoria
https://pretoriahub.com/category/pharmacies/ninapark/,"Pharmacies in Ninapark, Pretoria",2,pharmacy-at-spar-ninapark-ninapark | tileba-pharmacy-ninapark,Pharmacy at SPAR Ninapark | Tileba Pharmacy
https://pretoriahub.com/category/pharmacies/sunnyside/,"Pharmacies in Sunnyside, Pretoria",2,clicks-sunnyside-sunnyside | pharma-valu-sunnyside-sunnyside,Clicks Sunnyside | Pharma Valu Sunnyside
https://pretoriahub.com/category/pharmacies/trevenna/,"Pharmacies in Trevenna, Pretoria",2,clicks-pretoria-central | phologo-pharmacy-pretoria-central,Clicks | Phologo Pharmacy
https://pretoriahub.com/category/pharmacies/waterkloof/,"Pharmacies in Waterkloof, Pretoria",2,dis-chem-bronkhorst-street-waterkloof | waterkloof-corner-pharmacy-waterkloof,Dis-Chem Bronkhorst Street | Waterkloof Corner Pharmacy
https://pretoriahub.com/category/photographers/florauna/,"Photographers in Florauna, Pretoria",2,irma-louise-photography-florauna | vision-dynamics-florauna,Irma-Louise Photography | Vision Dynamics
https://pretoriahub.com/category/plumbers/celtisdal/,"Plumbers in Celtisdal, Pretoria",2,joe-amos-celtisdal | plumb-avid-celtisdal,JOE AMOS | Plumb-Avid
https://pretoriahub.com/category/plumbers/sinoville/,"Plumbers in Sinoville, Pretoria",2,best-plumbers-pretoria-sinoville | kc-sinoville-plumbers-electricians-sinoville,Best Plumbers Pretoria | KC Sinoville Plumbers & Electricians
https://pretoriahub.com/category/printing-services/annlin/,"Printing Services in Annlin, Pretoria",2,fantastick-wall-stickers-annlin | prographix-signs-branding-annlin,Fantastick Wall Stickers | ProGraphix Signs & Branding
https://pretoriahub.com/category/printing-services/boardwalk-manor/,"Printing Services in Boardwalk Manor, Pretoria",2,buildvolume-pretoria-boardwalk-manor | sutherland-printing-co-boardwalk-manor,BuildVolume Pretoria | Sutherland Printing Co.
https://pretoriahub.com/category/printing-services/brummeria/,"Printing Services in Brummeria, Pretoria",2,m2-design-and-manufacturing-brummeria | signarama-pretoria-central-brummeria,M2 Design and Manufacturing | Signarama Pretoria Central
https://pretoriahub.com/category/printing-services/bryntirion/,"Printing Services in Bryntirion, Pretoria",2,canon-business-center-pretoria-bryntirion | minit-print-bryntirion,Canon Business Center Pretoria | Minit Print
https://pretoriahub.com/category/printing-services/daspoort/,"Printing Services in Daspoort, Pretoria",2,duson-print-signs-daspoort | sinergy-signs-daspoort,DUSON Print & Signs | Sinergy Signs
https://pretoriahub.com/category/printing-services/doornpoort/,"Printing Services in Doornpoort, Pretoria",2,pamphlet-experts-doornpoort | postlink-wingtip-doornpoort,Pamphlet Experts | Postlink Wingtip
https://pretoriahub.com/category/printing-services/eldoraigne/,"Printing Services in Eldoraigne, Pretoria",2,print-partners-eldoraigne | qps-signs-design-print-display-banners-eldoraigne,"Print Partners | QPS Signs, Design, Print, Display & Banners"
https://pretoriahub.com/category/printing-services/eloffsdal/,"Printing Services in Eloffsdal, Pretoria",2,lewa-print-house-eloffsdal | marcellus-printing-eloffsdal,Lewa Print House | Marcellus Printing
https://pretoriahub.com/category/printing-services/erasmia/,"Printing Services in Erasmia, Pretoria",2,global-media-group-erasmia | matys-brands-and-markerting-erasmia,Global Media Group | Matys brands and markerting
https://pretoriahub.com/category/printing-services/florauna/,"Printing Services in Florauna, Pretoria",2,any-print-florauna | pro-line-signs-projects-florauna,Any-Print | Pro-Line Signs & Projects
https://pretoriahub.com/category/printing-services/hermanstad/,"Printing Services in Hermanstad, Pretoria",2,cairncross-bookbinders-hermanstad | print-copy-sign-hermanstad,Cairncross Bookbinders | Print Copy Sign
https://pretoriahub.com/category/printing-services/jan-niemand-park/,"Printing Services in Jan Niemand Park, Pretoria",2,brand-hub-solutions-jan-niemand-park | core-digital-printers-jan-niemand-park,Brand Hub Solutions | Core Digital Printers
https://pretoriahub.com/category/printing-services/karenpark/,"Printing Services in Karenpark, Pretoria",2,3-1-wonderpark-karenpark | cartridge-depot-wonderpark-karenpark,3@1 Wonderpark | Cartridge Depot - Wonderpark
https://pretoriahub.com/category/printing-services/kloofsig/,"Printing Services in Kloofsig, Pretoria",2,sunnyprint-centurion-kloofsig | visual-exposure-kloofsig,Sunnyprint Centurion | Visual Exposure
https://pretoriahub.com/category/printing-services/meyerspark/,"Printing Services in Meyerspark, Pretoria",2,copy-master-meyerspark | monlu-signs-meyerspark,Copy Master | Monlu Signs
https://pretoriahub.com/category/printing-services/montana-gardens/,"Printing Services in Montana Gardens, Pretoria",2,ice-worx-graphix-montana-gardens | jetline-montana-montana-gardens,Ice Worx Graphix | Jetline Montana
https://pretoriahub.com/category/printing-services/murrayfield/,"Printing Services in Murrayfield, Pretoria",2,designelo-visual-solutions-murrayfield | postweb-murrayfield-murrayfield,Designelo Visual Solutions | PostWeb Murrayfield
https://pretoriahub.com/category/printing-services/olympus/,"Printing Services in Olympus, Pretoria",2,graphiprint-sa-olympus | jmcd-embroidery-olympus,Graphiprint SA | JMCD Embroidery
https://pretoriahub.com/category/printing-services/riviera/,"Printing Services in Riviera, Pretoria",2,liebner-engravers-cc-riviera | m-c-b-design-breazy-riviera,Liebner Engravers CC | M C B Design / Breazy
https://pretoriahub.com/category/printing-services/sunderland-ridge/,"Printing Services in Sunderland Ridge, Pretoria",2,fine-art-printers-cc-sunderland-ridge | zippy-press-sunderland-ridge,FINE ART PRINTERS CC | Zippy Press
https://pretoriahub.com/category/printing-services/thatchfield-estate/,"Printing Services in Thatchfield Estate, Pretoria",2,gmk-web-services-thatchfield-estate | vivid-hue-thatchfield-estate,GMK Web Services | Vivid Hue
https://pretoriahub.com/category/printing-services/villieria/,"Printing Services in Villieria, Pretoria",2,breytenbach-embroidery-villieria | nexor-villieria,Breytenbach Embroidery | NEXOR
https://pretoriahub.com/category/printing-services/willow-park-manor/,"Printing Services in Willow Park Manor, Pretoria",2,cartridge-depot-hq-willow-park-manor | pt-signage-pty-ltd-willow-park-manor,Cartridge Depot HQ | PT Signage Pty Ltd
https://pretoriahub.com/category/printing-services/zwartkop/,"Printing Services in Zwartkop, Pretoria",2,fahrenheit-sublimation-zwartkop | sign-image-zwartkop,Fahrenheit Sublimation | Sign Image
https://pretoriahub.com/category/printing-services/zwavelpoort/,"Printing Services in Zwavelpoort, Pretoria",2,poster-worx-cc-zwavelpoort | venture-graphix-pty-ltd-zwavelpoort,Poster Worx cc | Venture Graphix (PTY) Ltd
https://pretoriahub.com/category/recruitment-hr-services/boardwalk-manor/,"Recruitment & HR Services in Boardwalk Manor, Pretoria",2,interdot-solutions-boardwalk-manor | morale-corp-boardwalk-manor,Interdot Solutions | Morale Corp
https://pretoriahub.com/category/recruitment-hr-services/bronberrik/,"Recruitment & HR Services in Bronberrik, Pretoria",2,eminence-business-solutions-bronberrik | the-13th-check-business-services-bronberrik,Eminence Business solutions | The 13th Check Business Services
https://pretoriahub.com/category/recruitment-hr-services/heatherview/,"Recruitment & HR Services in Heatherview, Pretoria",2,holistic-labour-group-heatherview | nape-labour-law-and-hr-services-heatherview,HOLISTIC LABOUR GROUP | Nape Labour Law and HR Services
https://pretoriahub.com/category/recruitment-hr-services/lynnwood-glen/,"Recruitment & HR Services in Lynnwood Glen, Pretoria",2,umjikelo-recruitment-services-lynnwood-glen | werkie-lynnwood-glen,Umjikelo Recruitment Services | Werkie
https://pretoriahub.com/category/recruitment-hr-services/monument-park/,"Recruitment & HR Services in Monument Park, Pretoria",2,cls-human-capital-specialists-monument-park | tts-top-talent-solutions-monument-park,CLS - Human Capital Specialists | TTS-Top Talent Solutions
https://pretoriahub.com/category/restaurants-takeaways/alphen-park/,"Restaurants & Takeaways in Alphen Park, Pretoria",2,caraffa-restaurant-alphen-park | the-wine-shop-by-caraffa-alphen-park,Caraffa Restaurant | The Wine Shop by Caraffa
https://pretoriahub.com/category/restaurants-takeaways/annlin/,"Restaurants & Takeaways in Annlin, Pretoria",2,utsuri-sushi-annlin | vetkoek-maleis-zambezi-annlin,Utsuri Sushi | Vetkoek Maleis - Zambezi
https://pretoriahub.com/category/restaurants-takeaways/arcadia/,"Restaurants & Takeaways in Arcadia, Pretoria",2,cafe-41-eastwood-arcadia | kfc-francis-baard-street-arcadia,Cafe 41 Eastwood | KFC Francis Baard Street
https://pretoriahub.com/category/restaurants-takeaways/ashley-gardens/,"Restaurants & Takeaways in Ashley Gardens, Pretoria",2,spout-coffee-co-ashley-gardens | summit-grill-and-skybar-menlyn-menlyn,Spout Coffee Co | Summit Grill and Skybar Menlyn
https://pretoriahub.com/category/restaurants-takeaways/baileys-muckleneuk/,"Restaurants & Takeaways in Baileys Muckleneuk, Pretoria",2,blue-crane-restaurant-waterkloof | huckleberry-s-waterkloof,Blue Crane Restaurant | Huckleberry's
https://pretoriahub.com/category/restaurants-takeaways/brooklyn/,"Restaurants & Takeaways in Brooklyn, Pretoria",2,aroma-gourmet-coffee-roastery-waterkloof | geek-house-eatery-waterkloof,Aroma Gourmet Coffee Roastery | Geek House Eatery
https://pretoriahub.com/category/restaurants-takeaways/centurion-golf-estate/,"Restaurants & Takeaways in Centurion Golf Estate, Pretoria",2,centurion-country-club-restaurant-centurion-golf-estate | irene-farm-centurion-golf-estate,Centurion Country Club Restaurant | Irene Farm
https://pretoriahub.com/category/restaurants-takeaways/derdepoort-smallholdings/,"Restaurants & Takeaways in Derdepoort Smallholdings, Pretoria",2,footy-s-derdepoort-smallholdings | red-truck-coffee-roastery-derdepoort-smallholdings,Footy's | Red Truck Coffee Roastery
https://pretoriahub.com/category/restaurants-takeaways/eco-park/,"Restaurants & Takeaways in Eco-Park, Pretoria",2,abantu-coffee-eco-park | grubhouse-eco-park-eco-park,ABANTU Coffee | GrubHouse Eco Park
https://pretoriahub.com/category/restaurants-takeaways/elardus-park/,"Restaurants & Takeaways in Elardus Park, Pretoria",2,crema-caf-elardus-park-elardus-park | the-daily-coffee-cafe-elardus-park-elardus-park,Crema Café Elardus Park | The Daily Coffee Café Elardus Park
https://pretoriahub.com/category/restaurants-takeaways/eldoglen-estate/,"Restaurants & Takeaways in Eldoglen Estate, Pretoria",2,calistos-eldo-square-halaal-eldoglen-estate | mochachos-eldo-square-eldoglen-estate,Calisto's Eldo Square (Halaal) | Mochachos Eldo Square
https://pretoriahub.com/category/restaurants-takeaways/eldoraigne/,"Restaurants & Takeaways in Eldoraigne, Pretoria",2,fishaways-eldoraigne-eldoraigne | urban-roast-eldoraigne-eldoraigne,Fishaways Eldoraigne | Urban Roast Eldoraigne
https://pretoriahub.com/category/restaurants-takeaways/erasmia/,"Restaurants & Takeaways in Erasmia, Pretoria",2,erasmia-akhalwayas-erasmia | pizza-vera-erasmia,Erasmia Akhalwayas | Pizza Vera
https://pretoriahub.com/category/restaurants-takeaways/erasmuskloof/,"Restaurants & Takeaways in Erasmuskloof, Pretoria",2,bossa-castle-walk-erasmuskloof | the-daily-coffee-cafe-castle-walk-erasmuskloof,Bossa Castle Walk | The Daily Coffee Café Castle Walk
https://pretoriahub.com/category/restaurants-takeaways/garsfontein-smallholdings/,"Restaurants & Takeaways in Garsfontein Smallholdings, Pretoria",2,cheekin-garsfontein-garsfontein-smallholdings | plat-coffee-garsfontein-garsfontein-smallholdings,Cheekin Garsfontein | Platō Coffee - Garsfontein
https://pretoriahub.com/category/restaurants-takeaways/gezina/,"Restaurants & Takeaways in Gezina, Pretoria",2,debonairs-pizza-gezina-gezina | wimpy-gezina-galleries-gezina,Debonairs Pizza Gezina | Wimpy Gezina Galleries
https://pretoriahub.com/category/restaurants-takeaways/laudium/,"Restaurants & Takeaways in Laudium, Pretoria",2,bay-leaf-restaurant-laudium | bismillah-restaurant-laudium-laudium,Bay Leaf Restaurant | Bismillah Restaurant-Laudium
https://pretoriahub.com/category/restaurants-takeaways/lynnwood/,"Restaurants & Takeaways in Lynnwood, Pretoria",2,lm-in-the-east-lynnwood | lucky-rodrigo-menlyn,LM in the East | Lucky Rodrigo
https://pretoriahub.com/category/restaurants-takeaways/magalieskruin/,"Restaurants & Takeaways in Magalieskruin, Pretoria",2,pizza-perfect-magalieskruin | stoep-stories-magalieskruin,Pizza Perfect Magalieskruin | Stoep Stories
https://pretoriahub.com/category/restaurants-takeaways/monavoni/,"Restaurants & Takeaways in Monavoni, Pretoria",2,african-chef-monavoni-monavoni | wimpy-forest-hill-city-monavoni,African Chef Monavoni | Wimpy Forest Hill City
https://pretoriahub.com/category/restaurants-takeaways/murrayfield/,"Restaurants & Takeaways in Murrayfield, Pretoria",2,luv-a-cup-murrayfield | zappas-restaurant-murrayfield,Luv A Cup | Zappas Restaurant
https://pretoriahub.com/category/restaurants-takeaways/rietondale/,"Restaurants & Takeaways in Rietondale, Pretoria",2,coffee-on-18th-rietondale | goddess-cafe-rietondale-rietondale,Coffee on 18th | Goddess Cafe Rietondale
https://pretoriahub.com/category/restaurants-takeaways/shere/,"Restaurants & Takeaways in Shere, Pretoria",2,aroma-gourmet-coffee-roastery-shere | la-coco-c-food-purveyors-shere,Aroma Gourmet Coffee Roastery | La Coco C Food Purveyors
https://pretoriahub.com/category/restaurants-takeaways/sinoville/,"Restaurants & Takeaways in Sinoville, Pretoria",2,eat-in-italian-sinoville | kolletjies-kafee-sinoville,Eat In Italian | Kolletjies Kafee
https://pretoriahub.com/category/restaurants-takeaways/wonderboom/,"Restaurants & Takeaways in Wonderboom, Pretoria",2,baobab-cafe-grill-wonderboom | mugg-bean-wonderboom-wonderboom,Baobab Café & Grill | Mugg & Bean Wonderboom
https://pretoriahub.com/category/schools-education/de-wilgers/,"Schools & Education in De Wilgers, Pretoria",2,foundation-for-professional-development-de-wilgers | fpd-business-school-de-wilgers,Foundation for Professional Development | FPD Business School
https://pretoriahub.com/category/schools-education/die-wilgers/,"Schools & Education in Die Wilgers, Pretoria",2,bpc-hr-solutions-die-wilgers | water-business-college-die-wilgers,BPC HR Solutions | Water Business College
https://pretoriahub.com/category/schools-education/erasmuskloof/,"Schools & Education in Erasmuskloof, Pretoria",2,bmctraining-erasmuskloof | expectra-erasmuskloof,BMCTRAINING | Expectra
https://pretoriahub.com/category/schools-education/kloofsig/,"Schools & Education in Kloofsig, Pretoria",2,sabtec-consulting-kloofsig | speccon-holdings-pty-ltd-kloofsig,SABTEC Consulting | Speccon Holdings (Pty) Ltd.
https://pretoriahub.com/category/schools-education/kosmosdal/,"Schools & Education in Kosmosdal, Pretoria",2,miro-academy-kosmosdal | solidworks-kosmosdal,MiRO Academy | Solidworks.
https://pretoriahub.com/category/schools-education/lyttelton/,"Schools & Education in Lyttelton, Pretoria",2,franklincovey-south-africa-lyttelton | lyttelton-firearm-training-centre-lyttelton,FranklinCovey South Africa | Lyttelton Firearm Training Centre
https://pretoriahub.com/category/schools-education/monument-park/,"Schools & Education in Monument Park, Pretoria",2,laerskool-monumentpark-monument-park | sol-tech-monumentpark-kampus-monument-park,Laerskool Monumentpark | Sol-Tech (Monumentpark-kampus)
https://pretoriahub.com/category/schools-education/pretoria-central/,"Schools & Education in Pretoria Central, Pretoria",2,damelin-city-campus-pretoria-pretoria-central | intec-college-pretoria-central,Damelin City Campus Pretoria | Intec College
https://pretoriahub.com/category/schools-education/the-orchards/,"Schools & Education in The Orchards, Pretoria",2,orchards-graduate-school-the-orchards | wonders-christian-preschool-thia-s-business-enterprise-the-orchards,Orchards Graduate School | Wonders Christian preschool(Thia s business enterprise)
https://pretoriahub.com/category/schools-education/trevenna/,"Schools & Education in Trevenna, Pretoria",2,rostec-technical-fet-college-pretoria-central | sa-college-private-school-pretoria-central,Rostec Technical FET College | SA College Private School
https://pretoriahub.com/category/schools-education/wonderboom/,"Schools & Education in Wonderboom, Pretoria",2,die-ho-rskool-wonderboom-wonderboom | laerskool-wonderboom-wonderboom,Die Hoërskool Wonderboom | Laerskool Wonderboom
https://pretoriahub.com/category/schools-education/woodhill-golf-estate/,"Schools & Education in Woodhill Golf Estate, Pretoria",2,pholo-human-capital-woodhill-golf-estate | woodhill-college-woodhill-golf-estate,Pholo Human Capital | Woodhill College
https://pretoriahub.com/category/security-services/bronberrik/,"Security Services in Bronberrik, Pretoria",2,adt-centurion-bronberrik | bidvest-protea-coin-bronberrik,ADT Centurion | Bidvest Protea Coin
https://pretoriahub.com/category/security-services/clydesdale/,"Security Services in Clydesdale, Pretoria",2,bull-security-clydesdale | csi-security-clydesdale,Bull Security | CSI Security
https://pretoriahub.com/category/security-services/derdepoort/,"Security Services in Derdepoort, Pretoria",2,cen-group-security-derdepoort | sefeko-pty-ltd-derdepoort,CEN Group Security | Sefeko (Pty) Ltd
https://pretoriahub.com/category/security-services/eersterust/,"Security Services in Eersterust, Pretoria",2,a-and-h-electronics-solutions-pty-ltd-eersterust | kcl-protection-services-eersterust,A AND H ELECTRONICS SOLUTIONS PTY LTD | KCL Protection Services
https://pretoriahub.com/category/security-services/garsfontein-smallholdings/,"Security Services in Garsfontein Smallholdings, Pretoria",2,fidelity-adt-garsfontein-pretoria-new-garsfontein-smallholdings | macado-security-viewer-garsfontein-smallholdings,Fidelity ADT Garsfontein Pretoria New | Macado Security Viewer
https://pretoriahub.com/category/security-services/hennopspark/,"Security Services in Hennopspark, Pretoria",2,security-warehouse-headquarters-hennopspark | skynatics-security-hennopspark,Security Warehouse Headquarters | SKYNATICS SECURITY
https://pretoriahub.com/category/security-services/kloofsig/,"Security Services in Kloofsig, Pretoria",2,copwatch-kloofsig | stafix-electric-fence-security-centre-kloofsig,Copwatch | Stafix - Electric Fence & Security Centre
https://pretoriahub.com/category/security-services/la-montagne/,"Security Services in La Montagne, Pretoria",2,east-side-doors-and-security-la-montagne | novateur-la-montagne,East Side Doors and Security | Novateur
https://pretoriahub.com/category/security-services/laudium/,"Security Services in Laudium, Pretoria",2,cops-tactical-reaction-services-pty-ltd-laudium | sure-guard-security-services-cc-laudium,COPS TACTICAL REACTION SERVICES (PTY) LTD | Sure Guard Security Services CC
https://pretoriahub.com/category/security-services/lyttelton/,"Security Services in Lyttelton, Pretoria",2,plug-play-solutions-lyttelton | prss-operations-office-lyttelton,Plug & Play Solutions | PRSS Operations Office
https://pretoriahub.com/category/security-services/midfields-estate/,"Security Services in Midfields Estate, Pretoria",2,axon-security-group-pretoria-erasmusrand-midfields-estate | globerisk-midfields-estate,Axon Security Group - Pretoria Erasmusrand | Globerisk
https://pretoriahub.com/category/security-services/moregloed/,"Security Services in Moregloed, Pretoria",2,mcs-fire-management-solutions-moregloed | sebenzela-security-solutions-pty-ltd-moregloed,MCS Fire & Management Solutions | SEBENZELA SECURITY SOLUTIONS (PTY) LTD
https://pretoriahub.com/category/security-services/olievenhoutbosch/,"Security Services in Olievenhoutbosch, Pretoria",2,mtp-security-services-olievenhoutbosch | ras-security-services-pty-ltd-olievenhoutbosch,MTP Security Services | RAS SECURITY SERVICES (PTY) LTD
https://pretoriahub.com/category/security-services/rietfontein/,"Security Services in Rietfontein, Pretoria",2,afro-fire-and-safety-cc-rietfontein | miqnah-consultation-rietfontein,Afro Fire and Safety cc | Miqnah Consultation
https://pretoriahub.com/category/security-services/riviera/,"Security Services in Riviera, Pretoria",2,bo-fire-maintenance-services-riviera | maxi-security-pretoria-riviera,Bo Fire Maintenance Services | Maxi Security Pretoria
https://pretoriahub.com/category/security-services/the-orchards/,"Security Services in The Orchards, Pretoria",2,omega-risk-solutions-the-orchards | pankop-security-the-orchards,Omega Risk solutions | Pankop Security
https://pretoriahub.com/category/security-services/villieria/,"Security Services in Villieria, Pretoria",2,dafron-villieria-villieria | moot-security-shop-villieria,Dafron Villieria | Moot Security Shop
https://pretoriahub.com/category/security-services/wapadrand/,"Security Services in Wapadrand, Pretoria",2,fire-extinguisher-company-wapadrand | tholo-group-of-companies-wapadrand,Fire Extinguisher Company | Tholo Group of Companies
https://pretoriahub.com/category/security-services/waverley/,"Security Services in Waverley, Pretoria",2,gsr-security-solutions-waverley | prodis-waverley,GSR Security Solutions | ProDis
https://pretoriahub.com/category/security-services/weavind-park/,"Security Services in Weavind Park, Pretoria",2,elecfence-weavind-park | xpanda-pro-pretoria-weavind-park,Elecfence | Xpanda Pro Pretoria
https://pretoriahub.com/category/security-services/wonderboom-south/,"Security Services in Wonderboom South, Pretoria",2,citi-security-and-armed-response-wonderboom-south | proshield-security-wonderboom-south,Citi Security And Armed Response | Proshield Security
https://pretoriahub.com/category/security-services/zwartkop/,"Security Services in Zwartkop, Pretoria",2,civa-risk-management-zwartkop | syncro-dynamics-zwartkop,CIVA Risk Management | Syncro Dynamics
https://pretoriahub.com/category/software-development/akasia/,"Software Development in Akasia, Pretoria",2,easyflo-akasia | rams-consulting-pty-ltd-akasia,EasyFlo | Rams Consulting (PTY) Ltd
https://pretoriahub.com/category/software-development/amberfield-manor/,"Software Development in Amberfield Manor, Pretoria",2,irender-amberfield-manor | ornecy-pty-ltd-amberfield-manor,iRender | Ornecy (Pty) Ltd
https://pretoriahub.com/category/software-development/annlin-west/,"Software Development in Annlin West, Pretoria",2,nkumisi-holdings-annlin-west | recruit-360-annlin-west,NKUMISI HOLDINGS | Recruit 360
https://pretoriahub.com/category/software-development/ashley-gardens/,"Software Development in Ashley Gardens, Pretoria",2,asg-software-solutions-ashley-gardens | vizi-solutions-ashley-gardens,ASG Software Solutions | Vizi Solutions
https://pretoriahub.com/category/software-development/bergtuin/,"Software Development in Bergtuin, Pretoria",2,squash-hub-bergtuin | webdevine-bergtuin,Squash Hub | WebDevine
https://pretoriahub.com/category/software-development/brooklands-lifestyle-estate/,"Software Development in Brooklands Lifestyle Estate, Pretoria",2,genband-africa-pty-ltd-brooklands-lifestyle-estate | jabulani-design-studio-brooklands-lifestyle-estate,Genband Africa (Pty) Ltd | Jabulani Design Studio
https://pretoriahub.com/category/software-development/celtisdal/,"Software Development in Celtisdal, Pretoria",2,hvl-it-services-celtisdal | kreativ-ware-celtisdal,HVL IT Services | Kreativ'Ware
https://pretoriahub.com/category/software-development/centurion-golf-estate/,"Software Development in Centurion Golf Estate, Pretoria",2,caddie-software-centurion-golf-estate | entelect-centurion-office-centurion-golf-estate,Caddie Software | Entelect - Centurion Office
https://pretoriahub.com/category/software-development/clubview-east/,"Software Development in Clubview East, Pretoria",2,mrj-consultants-genesis-retail-software-clubview-east | zymention-technologies-pty-ltd-clubview-east,MRJ Consultants | Genesis Retail Software | Zymention Technologies (Pty) Ltd
https://pretoriahub.com/category/software-development/clubview/,"Software Development in Clubview, Pretoria",2,imagistix-technology-clubview | mind-haven-innovations-clubview,Imagistix Technology | Mind Haven Innovations
https://pretoriahub.com/category/software-development/copperleaf-golf-estate/,"Software Development in Copperleaf Golf Estate, Pretoria",2,mci-it-copperleaf-golf-estate | uzuri-tech-solutions-copperleaf-golf-estate,Mci IT | Uzuri Tech Solutions
https://pretoriahub.com/category/software-development/daspoort/,"Software Development in Daspoort, Pretoria",2,hedwol-consulting-projects-pty-ltd-daspoort | xquisite-graphics-daspoort,Hedwol Consulting & Projects (PTY) LTD | Xquisite Graphics
https://pretoriahub.com/category/software-development/elardus-park/,"Software Development in Elardus Park, Pretoria",2,iox-fleet-elardus-park | polygon-software-development-elardus-park,IOX Fleet | Polygon Software Development
https://pretoriahub.com/category/software-development/eldo-lakes-estate/,"Software Development in Eldo Lakes Estate, Pretoria",2,flowise-eldo-lakes-estate | optilog-support-services-cc-eldo-lakes-estate,Flowise | Optilog Support Services Cc
https://pretoriahub.com/category/software-development/eloffsdal/,"Software Development in Eloffsdal, Pretoria",2,bila-ict-solutions-eloffsdal | tan-pixels-creative-studio-eloffsdal,Bila ICT Solutions | Tan Pixels Creative Studio
https://pretoriahub.com/category/software-development/erasmia/,"Software Development in Erasmia, Pretoria",2,just-queue-erasmia | olive-designs-web-erasmia,Just Queue | Olive Designs & Web
https://pretoriahub.com/category/software-development/heatherview/,"Software Development in Heatherview, Pretoria",2,elev8web-web-design-seo-pretoria-heatherview | web-innovations-heatherview,Elev8Web | Web Design & SEO Pretoria | Web Innovations
https://pretoriahub.com/category/software-development/heritage-hill-estate/,"Software Development in Heritage Hill Estate, Pretoria",2,gm-anchor-group-heritage-hill-estate | pulsedroid-technology-heritage-hill-estate,GM Anchor Group | PulseDroid Technology
https://pretoriahub.com/category/software-development/heuwelsig-estate/,"Software Development in Heuwelsig Estate, Pretoria",2,bewu-technology-group-pty-ltd-heuwelsig-estate | dbtech-solutions-heuwelsig-estate,Bewu Technology Group Pty Ltd | DBTECH SOLUTIONS
https://pretoriahub.com/category/software-development/kilner-park/,"Software Development in Kilner Park, Pretoria",2,cnet-consultancy-kilner-park | wolf-cloud-website-designer-kilner-park,CNET Consultancy | Wolf Cloud Website Designer
https://pretoriahub.com/category/software-development/kosmosdal/,"Software Development in Kosmosdal, Pretoria",2,mediro-ict-kosmosdal | novascale-systems-kosmosdal,Mediro ICT | Novascale Systems
https://pretoriahub.com/category/software-development/la-montagne/,"Software Development in La Montagne, Pretoria",2,interactive-oasis-cc-la-montagne | orange-juice-technology-solutions-pty-ltd-la-montagne,Interactive Oasis cc | Orange Juice Technology Solutions (Pty) Ltd
https://pretoriahub.com/category/software-development/leeuwfontein/,"Software Development in Leeuwfontein, Pretoria",2,chatbots-expert-south-africa-leeuwfontein | cordys-africa-leeuwfontein,Chatbots.Expert South Africa | Cordys Africa
https://pretoriahub.com/category/software-development/louwlardia/,"Software Development in Louwlardia, Pretoria",2,esquire-technologies-louwlardia | mecad-louwlardia,ESQUIRE TECHNOLOGIES | MECAD
https://pretoriahub.com/category/software-development/lyttelton/,"Software Development in Lyttelton, Pretoria",2,4sight-holdings-ltd-lyttelton | carma-business-solutions-lyttelton,4Sight Holdings Ltd | Carma Business Solutions
https://pretoriahub.com/category/software-development/meyerspark/,"Software Development in Meyerspark, Pretoria",2,hs-it-solutions-meyerspark | mycomax-microfinance-solutions-meyerspark,HS IT Solutions | Mycomax MicroFinance Solutions
https://pretoriahub.com/category/software-development/montana-gardens/,"Software Development in Montana Gardens, Pretoria",2,advertising-solutions-web-design-pretoria-montana-gardens | digital-universe-montana-gardens,Advertising Solutions Web Design | Pretoria | Digital Universe
https://pretoriahub.com/category/software-development/ninapark/,"Software Development in Ninapark, Pretoria",2,prowebs-website-development-ninapark | webster-software-developments-ninapark,ProWebs Website development | Webster Software Developments
https://pretoriahub.com/category/software-development/queenswood/,"Software Development in Queenswood, Pretoria",2,design-n-touch-pty-ltd-queenswood | nulane-technologies-queenswood,Design n Touch Pty Ltd | Nulane Technologies
https://pretoriahub.com/category/software-development/rietondale/,"Software Development in Rietondale, Pretoria",2,business-integrated-applications-rietondale | futura-genomics-pty-ltd-rietondale,Business Integrated Applications | Futura Genomics Pty. (Ltd)
https://pretoriahub.com/category/software-development/rooihuiskraal-north/,"Software Development in Rooihuiskraal North, Pretoria",2,genius-geeks-rooihuiskraal-north | multiplex-technologies-rooihuiskraal-north,Genius Geeks | Multiplex Technologies
https://pretoriahub.com/category/software-development/val-de-grace/,"Software Development in Val de Grace, Pretoria",2,clouds3c-cyber-security-val-de-grace | legaldev-val-de-grace,Clouds3c Cyber Security | LegalDev
https://pretoriahub.com/category/software-development/villieria/,"Software Development in Villieria, Pretoria",2,digit-technologies-villieria | exousia-consultants-villieria,Digit Technologies | Exousia Consultants
https://pretoriahub.com/category/software-development/wierdapark/,"Software Development in Wierdapark, Pretoria",2,elevate-webdev-wierdapark | epix-south-africa-wierdapark,Elevate WebDev | Epix South Africa
https://pretoriahub.com/category/software-development/zwartkop/,"Software Development in Zwartkop, Pretoria",2,gen2-sa-zwartkop | new-perspective-design-zwartkop,Gen2 SA | New Perspective Design
https://pretoriahub.com/category/solar-renewable-energy/bergtuin/,"Solar & Renewable Energy in Bergtuin, Pretoria",2,mirua-solar-technology-bergtuin | reniers-electrical-and-solar-solutions-bergtuin,Mirua Solar & Technology | Reniers electrical and solar solutions
https://pretoriahub.com/category/solar-renewable-energy/boekenhoutskloof/,"Solar & Renewable Energy in Boekenhoutskloof, Pretoria",2,lunarpro-solar-security-boekenhoutskloof | mp-solar-solar-company-pretoria-boekenhoutskloof,LunarPro Solar & Security | MP Solar - Solar Company Pretoria
https://pretoriahub.com/category/solar-renewable-energy/brooklands-lifestyle-estate/,"Solar & Renewable Energy in Brooklands Lifestyle Estate, Pretoria",2,gc-solar-head-office-brooklands-lifestyle-estate | novasolis-brooklands-lifestyle-estate,GC Solar Head office | NovaSolis
https://pretoriahub.com/category/solar-renewable-energy/derdepoort-smallholdings/,"Solar & Renewable Energy in Derdepoort Smallholdings, Pretoria",2,farmer-city-solar-derdepoort-smallholdings | solar-for-sale-derdepoort-smallholdings,Farmer City Solar | Solar For Sale
https://pretoriahub.com/category/solar-renewable-energy/eldoraigne/,"Solar & Renewable Energy in Eldoraigne, Pretoria",2,eldo-solar-eldoraigne | opensky-solar-energy-solutions-eldoraigne,Eldo Solar | OpenSky Solar Energy Solutions
https://pretoriahub.com/category/solar-renewable-energy/erasmia/,"Solar & Renewable Energy in Erasmia, Pretoria",2,nova-craft-erasmia | prefernet-solar-and-gas-erasmia,Nova Craft | Prefernet Solar and Gas
https://pretoriahub.com/category/solar-renewable-energy/koedoespoort/,"Solar & Renewable Energy in Koedoespoort, Pretoria",2,anh-technologies-pty-ltd-koedoespoort | deman-solar-koedoespoort,ANH Technologies (PTY) Ltd | Deman Solar
https://pretoriahub.com/category/solar-renewable-energy/louwlardia/,"Solar & Renewable Energy in Louwlardia, Pretoria",2,power2sa-louwlardia | the-energy-gurus-louwlardia,Power2SA | The Energy Gurus
https://pretoriahub.com/category/solar-renewable-energy/lyttelton-manor/,"Solar & Renewable Energy in Lyttelton Manor, Pretoria",2,plug-play-energy-lyttelton-manor | synergy-energy-solutions-pty-ltd-lyttelton-manor,Plug & Play Energy | Synergy Energy Solutions PTY (LTD)
https://pretoriahub.com/category/solar-renewable-energy/monavoni/,"Solar & Renewable Energy in Monavoni, Pretoria",2,cassol-solar-specialists-gauteng-monavoni | gener-8-pretoria-southern-region-monavoni,Cassol Solar Specialists Gauteng | Gener 8 (Pretoria Southern Region)
https://pretoriahub.com/category/solar-renewable-energy/rooiwal/,"Solar & Renewable Energy in Rooiwal, Pretoria",2,j-elektries-rooiwal | solar-europe-pty-ltd-solar-product-importer-manufacturer-distributor-rooiwal,"J. Elektries | Solar Europe (Pty) Ltd - Solar Product Importer, Manufacturer & Distributor"
https://pretoriahub.com/category/solar-renewable-energy/wonderboom/,"Solar & Renewable Energy in Wonderboom, Pretoria",2,effective-solar-trading-wonderboom | quattro-solar-solutions-wonderboom,Effective Solar Trading | Quattro Solar Solutions
https://pretoriahub.com/category/spas-wellness/boardwalk-manor/,"Spas & Wellness in Boardwalk Manor, Pretoria",2,johanvcoaching-boardwalk-manor | nuskinnovation-pretoria-east-boardwalk-manor,JohanvCoaching | NuSkinnovation Pretoria East
https://pretoriahub.com/category/spas-wellness/erasmia/,"Spas & Wellness in Erasmia, Pretoria",2,ancient-health-care-erasmia-erasmia | kai-thai-spa-erasmia-erasmia,Ancient Health Care Erasmia | Kai Thai Spa Erasmia
https://pretoriahub.com/category/spas-wellness/meyerspark/,"Spas & Wellness in Meyerspark, Pretoria",2,bel-amour-spa-meyerspark | la-vida-beautyful-meyerspark,Bel Amour Spa | La Vida Beautyful
https://pretoriahub.com/category/spas-wellness/wingate-park/,"Spas & Wellness in Wingate Park, Pretoria",2,abundant-life-coaching-du-waal-engelbrecht-wingate-park | an-then-wellness-center-wingate-park,Abundant Life Coaching - Du Waal Engelbrecht | Anóthen Wellness Center
https://pretoriahub.com/category/supermarkets-groceries/centurion/,"Supermarkets & Groceries in Centurion, Pretoria",2,abc-sweets-centurion | checkers-hyper-centurion,ABC Sweets | Checkers Hyper
https://pretoriahub.com/category/supermarkets-groceries/clubview/,"Supermarkets & Groceries in Clubview, Pretoria",2,checkers-clubview-clubview | spar-clubview-clubview,Checkers Clubview | SPAR Clubview
https://pretoriahub.com/category/supermarkets-groceries/hammanskraal/,"Supermarkets & Groceries in Hammanskraal, Pretoria",2,superspar-hammanskraal | superspar-renbro-hammanskraal,SuperSpar Jubilee | SuperSpar Renbro
https://pretoriahub.com/category/supermarkets-groceries/hermanstad/,"Supermarkets & Groceries in Hermanstad, Pretoria",2,advance-cash-carry-hermanstad-hermanstad | cate-a-bake-factory-shop-hermanstad,Advance Cash & Carry Hermanstad | Cate-A-Bake Factory Shop
https://pretoriahub.com/category/supermarkets-groceries/kloofsig/,"Supermarkets & Groceries in Kloofsig, Pretoria",2,food-sock-gauteng-kloofsig | kwikspar-kloofsig-kloofsig,Food Sock Gauteng | KWIKSPAR Kloofsig
https://pretoriahub.com/category/supermarkets-groceries/laudium/,"Supermarkets & Groceries in Laudium, Pretoria",2,foodline-cash-carry-laudium | ok-foods-laudium-laudium,Foodline Cash & Carry | OK Foods Laudium
https://pretoriahub.com/category/supermarkets-groceries/olympus/,"Supermarkets & Groceries in Olympus, Pretoria",2,checkers-olympus-village-olympus | woolworths-olympus-village-olympus,Checkers Olympus Village | Woolworths Olympus Village
https://pretoriahub.com/category/supermarkets-groceries/thatchfield-estate/,"Supermarkets & Groceries in Thatchfield Estate, Pretoria",2,checkers-thatchfield-thatchfield-estate | woolworths-food-thatchfield-thatchfield-estate,Checkers Thatchfield | Woolworths Food Thatchfield
https://pretoriahub.com/category/supermarkets-groceries/waterkloof/,"Supermarkets & Groceries in Waterkloof, Pretoria",2,checkers-waterkloof | spar-waterkloof,Checkers | Spar
https://pretoriahub.com/category/supermarkets-groceries/wierdapark/,"Supermarkets & Groceries in Wierdapark, Pretoria",2,garmar-supermarket-wierdapark | superspar-sutherland-wierdapark,Garmar Supermarket | SUPERSPAR Sutherland
https://pretoriahub.com/category/travel-agents/celtisdal/,"Travel Agents in Celtisdal, Pretoria",2,global-visa-house-celtisdal | yusra-tours-head-office-celtisdal,Global Visa House | Yusra Tours Head Office
https://pretoriahub.com/category/travel-agents/de-wilgers/,"Travel Agents in De Wilgers, Pretoria",2,flight-centre-the-grove-pretoria-de-wilgers | vacation-centre-de-wilgers,Flight Centre The Grove Pretoria | Vacation Centre
https://pretoriahub.com/category/travel-agents/hesteapark/,"Travel Agents in Hesteapark, Pretoria",2,epic-escapades-pty-ltd-hesteapark | imagination-tours-and-events-hesteapark,Epic Escapades (Pty) Ltd | Imagination Tours and Events
https://pretoriahub.com/category/vets-animal-care/garsfontein/,"Vets & Animal Care in Garsfontein, Pretoria",2,garsfontein-veterinary-clinic-garsfontein | glenstantia-veterinary-clinic-menlyn,Garsfontein Veterinary Clinic | Glenstantia Veterinary Clinic
https://pretoriahub.com/category/vets-animal-care/heatherdale/,"Vets & Animal Care in Heatherdale, Pretoria",2,heatherdale-veterinary-clinic-heatherdale | one-stop-animal-rescue-heatherdale,Heatherdale Veterinary Clinic | One Stop Animal Rescue
